[0m11:36:53.209101 [debug] [MainThread]: Sending event: {'category': 'dbt', 'action': 'invocation', 'label': 'start', 'context': [<snowplow_tracker.self_describing_json.SelfDescribingJson object at 0x0000026289C20520>, <snowplow_tracker.self_describing_json.SelfDescribingJson object at 0x000002628B5BE2E0>, <snowplow_tracker.self_describing_json.SelfDescribingJson object at 0x000002628B5BE0A0>]}


============================== 11:36:53.222591 | e782c11b-6618-4aa4-a34a-9c5c0491a739 ==============================
[0m11:36:53.222591 [info ] [MainThread]: Running with dbt=1.10.20
[0m11:36:53.223595 [debug] [MainThread]: running dbt with arguments {'debug': 'False', 'fail_fast': 'False', 'log_cache_events': 'False', 'send_anonymous_usage_stats': 'True', 'cache_selected_only': 'False', 'warn_error_options': 'WarnErrorOptionsV2(error=[], warn=[], silence=[])', 'no_print': 'None', 'invocation_command': 'dbt debug', 'version_check': 'True', 'empty': 'None', 'printer_width': '80', 'partial_parse': 'True', 'log_path': 'logs', 'quiet': 'False', 'warn_error': 'None', 'write_json': 'True', 'introspect': 'True', 'log_format': 'default', 'target_path': 'None', 'static_parser': 'True', 'profiles_dir': 'C:\\Users\\Owner\\.dbt', 'use_experimental_parser': 'False', 'use_colors': 'True', 'indirect_selection': 'eager'}
[0m11:36:53.476458 [info ] [MainThread]: dbt version: 1.10.20
[0m11:36:53.478462 [info ] [MainThread]: python version: 3.9.13
[0m11:36:53.478462 [info ] [MainThread]: python path: C:\Users\Owner\AppData\Local\Microsoft\WindowsApps\PythonSoftwareFoundation.Python.3.9_qbz5n2kfra8p0\python.exe
[0m11:36:53.479455 [info ] [MainThread]: os info: Windows-10-10.0.19045-SP0
[0m11:36:53.480454 [info ] [MainThread]: Using profiles dir at C:\Users\Owner\.dbt
[0m11:36:53.480454 [info ] [MainThread]: Using profiles.yml file at C:\Users\Owner\.dbt\profiles.yml
[0m11:36:53.481455 [info ] [MainThread]: Using dbt_project.yml file at C:\Users\Owner\data-engineering-assessment\dbt_shopify\dbt_project.yml
[0m11:36:53.482455 [info ] [MainThread]: Configuration:
[0m11:36:53.483458 [info ] [MainThread]:   profiles.yml file [[31mERROR not found[0m]
[0m11:36:53.483458 [info ] [MainThread]:   dbt_project.yml file [[31mERROR not found[0m]
[0m11:36:53.485459 [info ] [MainThread]: Required dependencies:
[0m11:36:53.486455 [debug] [MainThread]: Executing "git --help"
[0m11:36:53.548455 [debug] [MainThread]: STDOUT: "b"usage: git [-v | --version] [-h | --help] [-C <path>] [-c <name>=<value>]\n           [--exec-path[=<path>]] [--html-path] [--man-path] [--info-path]\n           [-p | --paginate | -P | --no-pager] [--no-replace-objects] [--no-lazy-fetch]\n           [--no-optional-locks] [--no-advice] [--bare] [--git-dir=<path>]\n           [--work-tree=<path>] [--namespace=<name>] [--config-env=<name>=<envvar>]\n           <command> [<args>]\n\nThese are common Git commands used in various situations:\n\nstart a working area (see also: git help tutorial)\n   clone      Clone a repository into a new directory\n   init       Create an empty Git repository or reinitialize an existing one\n\nwork on the current change (see also: git help everyday)\n   add        Add file contents to the index\n   mv         Move or rename a file, a directory, or a symlink\n   restore    Restore working tree files\n   rm         Remove files from the working tree and from the index\n\nexamine the history and state (see also: git help revisions)\n   bisect     Use binary search to find the commit that introduced a bug\n   diff       Show changes between commits, commit and working tree, etc\n   grep       Print lines matching a pattern\n   log        Show commit logs\n   show       Show various types of objects\n   status     Show the working tree status\n\ngrow, mark and tweak your common history\n   backfill   Download missing objects in a partial clone\n   branch     List, create, or delete branches\n   commit     Record changes to the repository\n   history    EXPERIMENTAL: Rewrite history\n   merge      Join two or more development histories together\n   rebase     Reapply commits on top of another base tip\n   reset      Set `HEAD` or the index to a known state\n   switch     Switch branches\n   tag        Create, list, delete or verify tags\n\ncollaborate (see also: git help workflows)\n   fetch      Download objects and refs from another repository\n   pull       Fetch from and integrate with another repository or a local branch\n   push       Update remote refs along with associated objects\n\n'git help -a' and 'git help -g' list available subcommands and some\nconcept guides. See 'git help <command>' or 'git help <concept>'\nto read about a specific subcommand or concept.\nSee 'git help git' for an overview of the system.\n""
[0m11:36:53.549455 [debug] [MainThread]: STDERR: "b''"
[0m11:36:53.550460 [info ] [MainThread]:  - git [[32mOK found[0m]

[0m11:36:53.551457 [info ] [MainThread]: Connection test skipped since no profile was found
[0m11:36:53.554455 [info ] [MainThread]: [31m2 checks failed:[0m
[0m11:36:53.556457 [info ] [MainThread]: dbt looked for a profiles.yml file in C:\Users\Owner\.dbt\profiles.yml, but did
not find one. For more information on configuring your profile, consult the
documentation:

https://docs.getdbt.com/docs/configure-your-profile


[0m11:36:53.557457 [info ] [MainThread]: Project loading failed for the following reason:
 project path <C:\Users\Owner\data-engineering-assessment\dbt_shopify\dbt_project.yml> not found

[0m11:36:53.560462 [debug] [MainThread]: Command `dbt debug` failed at 11:36:53.560462 after 0.45 seconds
[0m11:36:53.561455 [debug] [MainThread]: Sending event: {'category': 'dbt', 'action': 'invocation', 'label': 'end', 'context': [<snowplow_tracker.self_describing_json.SelfDescribingJson object at 0x0000026289C20520>, <snowplow_tracker.self_describing_json.SelfDescribingJson object at 0x000002628B5BE070>, <snowplow_tracker.self_describing_json.SelfDescribingJson object at 0x000002628B5BEAC0>]}
[0m11:36:53.561455 [debug] [MainThread]: Flushing usage events
[0m11:36:53.984385 [debug] [MainThread]: An error was encountered while trying to flush usage events
[0m12:06:36.491240 [debug] [MainThread]: Sending event: {'category': 'dbt', 'action': 'invocation', 'label': 'start', 'context': [<snowplow_tracker.self_describing_json.SelfDescribingJson object at 0x00000185CB5604C0>, <snowplow_tracker.self_describing_json.SelfDescribingJson object at 0x00000185CD303400>, <snowplow_tracker.self_describing_json.SelfDescribingJson object at 0x00000185CD303220>]}


============================== 12:06:36.495270 | af143581-660f-48a9-88b4-ac0ad70b068a ==============================
[0m12:06:36.495270 [info ] [MainThread]: Running with dbt=1.10.20
[0m12:06:36.496235 [debug] [MainThread]: running dbt with arguments {'fail_fast': 'False', 'debug': 'False', 'log_cache_events': 'False', 'send_anonymous_usage_stats': 'True', 'cache_selected_only': 'False', 'warn_error_options': 'WarnErrorOptionsV2(error=[], warn=[], silence=[])', 'target_path': 'None', 'invocation_command': 'dbt debug', 'version_check': 'True', 'empty': 'None', 'printer_width': '80', 'quiet': 'False', 'log_path': 'C:\\Users\\Owner\\data-engineering-assessment\\dbt_shopify\\logs', 'no_print': 'None', 'warn_error': 'None', 'write_json': 'True', 'partial_parse': 'True', 'log_format': 'default', 'introspect': 'True', 'static_parser': 'True', 'profiles_dir': 'C:\\Users\\Owner\\.dbt', 'use_experimental_parser': 'False', 'use_colors': 'True', 'indirect_selection': 'eager'}
[0m12:06:36.517826 [info ] [MainThread]: dbt version: 1.10.20
[0m12:06:36.518825 [info ] [MainThread]: python version: 3.9.13
[0m12:06:36.518825 [info ] [MainThread]: python path: C:\Users\Owner\AppData\Local\Microsoft\WindowsApps\PythonSoftwareFoundation.Python.3.9_qbz5n2kfra8p0\python.exe
[0m12:06:36.519829 [info ] [MainThread]: os info: Windows-10-10.0.19045-SP0
[0m12:06:36.593446 [info ] [MainThread]: Using profiles dir at C:\Users\Owner\.dbt
[0m12:06:36.594408 [info ] [MainThread]: Using profiles.yml file at C:\Users\Owner\.dbt\profiles.yml
[0m12:06:36.595409 [info ] [MainThread]: Using dbt_project.yml file at C:\Users\Owner\data-engineering-assessment\dbt_shopify\dbt_project.yml
[0m12:06:36.596410 [info ] [MainThread]: adapter type: postgres
[0m12:06:36.598411 [info ] [MainThread]: adapter version: 1.9.1
[0m12:06:36.755866 [info ] [MainThread]: Configuration:
[0m12:06:36.756865 [info ] [MainThread]:   profiles.yml file [[32mOK found and valid[0m]
[0m12:06:36.757832 [info ] [MainThread]:   dbt_project.yml file [[32mOK found and valid[0m]
[0m12:06:36.758831 [info ] [MainThread]: Required dependencies:
[0m12:06:36.759832 [debug] [MainThread]: Executing "git --help"
[0m12:06:36.801508 [debug] [MainThread]: STDOUT: "b"usage: git [-v | --version] [-h | --help] [-C <path>] [-c <name>=<value>]\n           [--exec-path[=<path>]] [--html-path] [--man-path] [--info-path]\n           [-p | --paginate | -P | --no-pager] [--no-replace-objects] [--no-lazy-fetch]\n           [--no-optional-locks] [--no-advice] [--bare] [--git-dir=<path>]\n           [--work-tree=<path>] [--namespace=<name>] [--config-env=<name>=<envvar>]\n           <command> [<args>]\n\nThese are common Git commands used in various situations:\n\nstart a working area (see also: git help tutorial)\n   clone      Clone a repository into a new directory\n   init       Create an empty Git repository or reinitialize an existing one\n\nwork on the current change (see also: git help everyday)\n   add        Add file contents to the index\n   mv         Move or rename a file, a directory, or a symlink\n   restore    Restore working tree files\n   rm         Remove files from the working tree and from the index\n\nexamine the history and state (see also: git help revisions)\n   bisect     Use binary search to find the commit that introduced a bug\n   diff       Show changes between commits, commit and working tree, etc\n   grep       Print lines matching a pattern\n   log        Show commit logs\n   show       Show various types of objects\n   status     Show the working tree status\n\ngrow, mark and tweak your common history\n   backfill   Download missing objects in a partial clone\n   branch     List, create, or delete branches\n   commit     Record changes to the repository\n   history    EXPERIMENTAL: Rewrite history\n   merge      Join two or more development histories together\n   rebase     Reapply commits on top of another base tip\n   reset      Set `HEAD` or the index to a known state\n   switch     Switch branches\n   tag        Create, list, delete or verify tags\n\ncollaborate (see also: git help workflows)\n   fetch      Download objects and refs from another repository\n   pull       Fetch from and integrate with another repository or a local branch\n   push       Update remote refs along with associated objects\n\n'git help -a' and 'git help -g' list available subcommands and some\nconcept guides. See 'git help <command>' or 'git help <concept>'\nto read about a specific subcommand or concept.\nSee 'git help git' for an overview of the system.\n""
[0m12:06:36.802510 [debug] [MainThread]: STDERR: "b''"
[0m12:06:36.803507 [info ] [MainThread]:  - git [[32mOK found[0m]

[0m12:06:36.804507 [info ] [MainThread]: Connection:
[0m12:06:36.805506 [info ] [MainThread]:   host: localhost
[0m12:06:36.806510 [info ] [MainThread]:   port: 5432
[0m12:06:36.807506 [info ] [MainThread]:   user: airbyte
[0m12:06:36.808511 [info ] [MainThread]:   database: airbyte_db
[0m12:06:36.809506 [info ] [MainThread]:   schema: staging
[0m12:06:36.810506 [info ] [MainThread]:   connect_timeout: 10
[0m12:06:36.811505 [info ] [MainThread]:   role: None
[0m12:06:36.812506 [info ] [MainThread]:   search_path: None
[0m12:06:36.813506 [info ] [MainThread]:   keepalives_idle: 0
[0m12:06:36.814508 [info ] [MainThread]:   sslmode: None
[0m12:06:36.815507 [info ] [MainThread]:   sslcert: None
[0m12:06:36.816540 [info ] [MainThread]:   sslkey: None
[0m12:06:36.817541 [info ] [MainThread]:   sslrootcert: None
[0m12:06:36.818510 [info ] [MainThread]:   application_name: dbt
[0m12:06:36.819505 [info ] [MainThread]:   retries: 1
[0m12:06:36.820506 [info ] [MainThread]: Registered adapter: postgres=1.9.1
[0m12:06:37.209906 [debug] [MainThread]: Acquiring new postgres connection 'debug'
[0m12:06:40.199673 [debug] [MainThread]: Using postgres connection "debug"
[0m12:06:40.199673 [debug] [MainThread]: On debug: select 1 as id
[0m12:06:40.200673 [debug] [MainThread]: Opening a new connection, currently in state init
[0m12:06:40.241675 [debug] [MainThread]: SQL status: SELECT 1 in 0.041 seconds
[0m12:06:40.243676 [debug] [MainThread]: On debug: Close
[0m12:06:40.244677 [info ] [MainThread]:   Connection test: [[32mOK connection ok[0m]

[0m12:06:40.246677 [info ] [MainThread]: [32mAll checks passed![0m
[0m12:06:40.250682 [debug] [MainThread]: Command `dbt debug` succeeded at 12:06:40.249684 after 3.87 seconds
[0m12:06:40.251682 [debug] [MainThread]: Connection 'debug' was properly closed.
[0m12:06:40.253678 [debug] [MainThread]: Sending event: {'category': 'dbt', 'action': 'invocation', 'label': 'end', 'context': [<snowplow_tracker.self_describing_json.SelfDescribingJson object at 0x00000185CB5604C0>, <snowplow_tracker.self_describing_json.SelfDescribingJson object at 0x00000185CD480340>, <snowplow_tracker.self_describing_json.SelfDescribingJson object at 0x00000185CD489BE0>]}
[0m12:06:40.256676 [debug] [MainThread]: Flushing usage events
[0m12:06:40.666238 [debug] [MainThread]: An error was encountered while trying to flush usage events
[0m12:09:59.345262 [debug] [MainThread]: Sending event: {'category': 'dbt', 'action': 'invocation', 'label': 'start', 'context': [<snowplow_tracker.self_describing_json.SelfDescribingJson object at 0x000001F3484E04C0>, <snowplow_tracker.self_describing_json.SelfDescribingJson object at 0x000001F349E84340>, <snowplow_tracker.self_describing_json.SelfDescribingJson object at 0x000001F349E840D0>]}


============================== 12:09:59.350262 | ed2ab74b-c770-4d6a-8fa9-de0a63c8e95a ==============================
[0m12:09:59.350262 [info ] [MainThread]: Running with dbt=1.10.20
[0m12:09:59.351263 [debug] [MainThread]: running dbt with arguments {'debug': 'False', 'fail_fast': 'False', 'log_cache_events': 'False', 'send_anonymous_usage_stats': 'True', 'cache_selected_only': 'False', 'warn_error_options': 'WarnErrorOptionsV2(error=[], warn=[], silence=[])', 'target_path': 'None', 'invocation_command': 'dbt run --target staging', 'version_check': 'True', 'empty': 'False', 'printer_width': '80', 'partial_parse': 'True', 'introspect': 'True', 'quiet': 'False', 'warn_error': 'None', 'write_json': 'True', 'no_print': 'None', 'log_path': 'C:\\Users\\Owner\\data-engineering-assessment\\dbt_shopify\\logs', 'log_format': 'default', 'static_parser': 'True', 'profiles_dir': 'C:\\Users\\Owner\\.dbt', 'use_experimental_parser': 'False', 'use_colors': 'True', 'indirect_selection': 'eager'}
[0m12:09:59.639357 [debug] [MainThread]: Sending event: {'category': 'dbt', 'action': 'project_id', 'label': 'ed2ab74b-c770-4d6a-8fa9-de0a63c8e95a', 'context': [<snowplow_tracker.self_describing_json.SelfDescribingJson object at 0x000001F349E32490>]}
[0m12:09:59.720552 [debug] [MainThread]: Sending event: {'category': 'dbt', 'action': 'adapter_info', 'label': 'ed2ab74b-c770-4d6a-8fa9-de0a63c8e95a', 'context': [<snowplow_tracker.self_describing_json.SelfDescribingJson object at 0x000001F34A216310>]}
[0m12:09:59.721551 [info ] [MainThread]: Registered adapter: postgres=1.9.1
[0m12:10:00.161444 [debug] [MainThread]: checksum: a59e7b2b447fd8a57b2be28e7355e6b39fd61763d8c6e0ea8982126488badb66, vars: {}, profile: , target: staging, version: 1.10.20
[0m12:10:00.163444 [info ] [MainThread]: Unable to do partial parsing because saved manifest not found. Starting full parse.
[0m12:10:00.164446 [debug] [MainThread]: Sending event: {'category': 'dbt', 'action': 'partial_parser', 'label': 'ed2ab74b-c770-4d6a-8fa9-de0a63c8e95a', 'context': [<snowplow_tracker.self_describing_json.SelfDescribingJson object at 0x000001F34A2417C0>]}
[0m12:10:02.892545 [warn ] [MainThread]: [[33mWARNING[0m]: Configuration paths exist in your dbt_project.yml file which do not apply to any resources.
There are 3 unused configuration paths:
- models.shopify_assessment.staging
- models.shopify_assessment.intermediate
- models.shopify_assessment.marts
[0m12:10:02.910741 [debug] [MainThread]: Sending event: {'category': 'dbt', 'action': 'load_project', 'label': 'ed2ab74b-c770-4d6a-8fa9-de0a63c8e95a', 'context': [<snowplow_tracker.self_describing_json.SelfDescribingJson object at 0x000001F34AC1A130>]}
[0m12:10:02.995229 [debug] [MainThread]: Wrote artifact WritableManifest to C:\Users\Owner\data-engineering-assessment\dbt_shopify\target\manifest.json
[0m12:10:03.014232 [debug] [MainThread]: Wrote artifact SemanticManifest to C:\Users\Owner\data-engineering-assessment\dbt_shopify\target\semantic_manifest.json
[0m12:10:03.105745 [debug] [MainThread]: Sending event: {'category': 'dbt', 'action': 'resource_counts', 'label': 'ed2ab74b-c770-4d6a-8fa9-de0a63c8e95a', 'context': [<snowplow_tracker.self_describing_json.SelfDescribingJson object at 0x000001F34AC8BCD0>]}
[0m12:10:03.106745 [info ] [MainThread]: Found 3 sources, 447 macros
[0m12:10:03.106745 [debug] [MainThread]: Sending event: {'category': 'dbt', 'action': 'runnable_timing', 'label': 'ed2ab74b-c770-4d6a-8fa9-de0a63c8e95a', 'context': [<snowplow_tracker.self_describing_json.SelfDescribingJson object at 0x000001F34A891550>]}
[0m12:10:03.108745 [warn ] [MainThread]: Nothing to do. Try checking your model configs and model specification args
[0m12:10:03.110745 [debug] [MainThread]: Command end result
[0m12:10:03.134743 [debug] [MainThread]: Wrote artifact WritableManifest to C:\Users\Owner\data-engineering-assessment\dbt_shopify\target\manifest.json
[0m12:10:03.138747 [debug] [MainThread]: Wrote artifact SemanticManifest to C:\Users\Owner\data-engineering-assessment\dbt_shopify\target\semantic_manifest.json
[0m12:10:03.143746 [debug] [MainThread]: Wrote artifact RunExecutionResult to C:\Users\Owner\data-engineering-assessment\dbt_shopify\target\run_results.json
[0m12:10:03.144746 [debug] [MainThread]: Command `dbt run` succeeded at 12:10:03.144746 after 3.90 seconds
[0m12:10:03.145746 [debug] [MainThread]: Sending event: {'category': 'dbt', 'action': 'invocation', 'label': 'end', 'context': [<snowplow_tracker.self_describing_json.SelfDescribingJson object at 0x000001F3484E04C0>, <snowplow_tracker.self_describing_json.SelfDescribingJson object at 0x000001F34A321F10>, <snowplow_tracker.self_describing_json.SelfDescribingJson object at 0x000001F34889A640>]}
[0m12:10:03.146747 [debug] [MainThread]: Flushing usage events
[0m12:10:03.546632 [debug] [MainThread]: An error was encountered while trying to flush usage events
[0m12:11:46.475473 [debug] [MainThread]: Sending event: {'category': 'dbt', 'action': 'invocation', 'label': 'start', 'context': [<snowplow_tracker.self_describing_json.SelfDescribingJson object at 0x00000159CD9604F0>, <snowplow_tracker.self_describing_json.SelfDescribingJson object at 0x00000159CF504460>, <snowplow_tracker.self_describing_json.SelfDescribingJson object at 0x00000159CF5041F0>]}


============================== 12:11:46.480466 | 6d461223-30d4-4de2-b530-1e70a7663afa ==============================
[0m12:11:46.480466 [info ] [MainThread]: Running with dbt=1.10.20
[0m12:11:46.482467 [debug] [MainThread]: running dbt with arguments {'fail_fast': 'False', 'debug': 'False', 'log_cache_events': 'False', 'send_anonymous_usage_stats': 'True', 'cache_selected_only': 'False', 'warn_error_options': 'WarnErrorOptionsV2(error=[], warn=[], silence=[])', 'log_format': 'default', 'invocation_command': 'dbt run --target staging', 'version_check': 'True', 'empty': 'False', 'printer_width': '80', 'quiet': 'False', 'log_path': 'C:\\Users\\Owner\\data-engineering-assessment\\dbt_shopify\\logs', 'introspect': 'True', 'warn_error': 'None', 'write_json': 'True', 'no_print': 'None', 'partial_parse': 'True', 'target_path': 'None', 'static_parser': 'True', 'profiles_dir': 'C:\\Users\\Owner\\.dbt', 'use_experimental_parser': 'False', 'use_colors': 'True', 'indirect_selection': 'eager'}
[0m12:11:46.789847 [debug] [MainThread]: Sending event: {'category': 'dbt', 'action': 'project_id', 'label': '6d461223-30d4-4de2-b530-1e70a7663afa', 'context': [<snowplow_tracker.self_describing_json.SelfDescribingJson object at 0x00000159CDD4CFD0>]}
[0m12:11:46.875064 [debug] [MainThread]: Sending event: {'category': 'dbt', 'action': 'adapter_info', 'label': '6d461223-30d4-4de2-b530-1e70a7663afa', 'context': [<snowplow_tracker.self_describing_json.SelfDescribingJson object at 0x00000159CF468E80>]}
[0m12:11:46.876029 [info ] [MainThread]: Registered adapter: postgres=1.9.1
[0m12:11:47.367615 [debug] [MainThread]: checksum: a59e7b2b447fd8a57b2be28e7355e6b39fd61763d8c6e0ea8982126488badb66, vars: {}, profile: , target: staging, version: 1.10.20
[0m12:11:47.590906 [debug] [MainThread]: Partial parsing enabled: 0 files deleted, 1 files added, 0 files changed.
[0m12:11:47.591908 [debug] [MainThread]: Partial parsing: added file: shopify_assessment://models\staging\stg_orders.sql
[0m12:11:48.065322 [warn ] [MainThread]: [[33mWARNING[0m]: Configuration paths exist in your dbt_project.yml file which do not apply to any resources.
There are 2 unused configuration paths:
- models.shopify_assessment.marts
- models.shopify_assessment.intermediate
[0m12:11:48.094323 [debug] [MainThread]: Sending event: {'category': 'dbt', 'action': 'load_project', 'label': '6d461223-30d4-4de2-b530-1e70a7663afa', 'context': [<snowplow_tracker.self_describing_json.SelfDescribingJson object at 0x00000159D0289B80>]}
[0m12:11:48.217933 [debug] [MainThread]: Wrote artifact WritableManifest to C:\Users\Owner\data-engineering-assessment\dbt_shopify\target\manifest.json
[0m12:11:48.221940 [debug] [MainThread]: Wrote artifact SemanticManifest to C:\Users\Owner\data-engineering-assessment\dbt_shopify\target\semantic_manifest.json
[0m12:11:48.247952 [debug] [MainThread]: Sending event: {'category': 'dbt', 'action': 'resource_counts', 'label': '6d461223-30d4-4de2-b530-1e70a7663afa', 'context': [<snowplow_tracker.self_describing_json.SelfDescribingJson object at 0x00000159D02C1460>]}
[0m12:11:48.248926 [info ] [MainThread]: Found 1 model, 3 sources, 447 macros
[0m12:11:48.249923 [debug] [MainThread]: Sending event: {'category': 'dbt', 'action': 'runnable_timing', 'label': '6d461223-30d4-4de2-b530-1e70a7663afa', 'context': [<snowplow_tracker.self_describing_json.SelfDescribingJson object at 0x00000159CFF66A90>]}
[0m12:11:48.251926 [info ] [MainThread]: 
[0m12:11:48.253926 [info ] [MainThread]: Concurrency: 4 threads (target='staging')
[0m12:11:48.254925 [info ] [MainThread]: 
[0m12:11:48.255926 [debug] [MainThread]: Acquiring new postgres connection 'master'
[0m12:11:48.256926 [debug] [ThreadPool]: Acquiring new postgres connection 'list_airbyte_db'
[0m12:11:48.352122 [debug] [ThreadPool]: Using postgres connection "list_airbyte_db"
[0m12:11:48.353094 [debug] [ThreadPool]: On list_airbyte_db: /* {"app": "dbt", "dbt_version": "1.10.20", "profile_name": "shopify_assessment", "target_name": "staging", "connection_name": "list_airbyte_db"} */

    select distinct nspname from pg_namespace
  
[0m12:11:48.354090 [debug] [ThreadPool]: Opening a new connection, currently in state init
[0m12:11:48.383113 [debug] [ThreadPool]: SQL status: SELECT 7 in 0.030 seconds
[0m12:11:48.385089 [debug] [ThreadPool]: On list_airbyte_db: Close
[0m12:11:48.388096 [debug] [ThreadPool]: Re-using an available connection from the pool (formerly list_airbyte_db, now create_airbyte_db_staging_staging)
[0m12:11:48.390094 [debug] [ThreadPool]: Creating schema "database: "airbyte_db"
schema: "staging_staging"
"
[0m12:11:48.398087 [debug] [ThreadPool]: Using postgres connection "create_airbyte_db_staging_staging"
[0m12:11:48.399123 [debug] [ThreadPool]: On create_airbyte_db_staging_staging: BEGIN
[0m12:11:48.400089 [debug] [ThreadPool]: Opening a new connection, currently in state closed
[0m12:11:48.429564 [debug] [ThreadPool]: SQL status: BEGIN in 0.029 seconds
[0m12:11:48.431188 [debug] [ThreadPool]: Using postgres connection "create_airbyte_db_staging_staging"
[0m12:11:48.432313 [debug] [ThreadPool]: On create_airbyte_db_staging_staging: /* {"app": "dbt", "dbt_version": "1.10.20", "profile_name": "shopify_assessment", "target_name": "staging", "connection_name": "create_airbyte_db_staging_staging"} */
create schema if not exists "staging_staging"
[0m12:11:48.434391 [debug] [ThreadPool]: SQL status: CREATE SCHEMA in 0.001 seconds
[0m12:11:48.436394 [debug] [ThreadPool]: On create_airbyte_db_staging_staging: COMMIT
[0m12:11:48.437392 [debug] [ThreadPool]: Using postgres connection "create_airbyte_db_staging_staging"
[0m12:11:48.438394 [debug] [ThreadPool]: On create_airbyte_db_staging_staging: COMMIT
[0m12:11:48.444398 [debug] [ThreadPool]: SQL status: COMMIT in 0.005 seconds
[0m12:11:48.445394 [debug] [ThreadPool]: On create_airbyte_db_staging_staging: Close
[0m12:11:48.449399 [debug] [ThreadPool]: Acquiring new postgres connection 'list_airbyte_db_staging_staging'
[0m12:11:48.460393 [debug] [ThreadPool]: Using postgres connection "list_airbyte_db_staging_staging"
[0m12:11:48.462393 [debug] [ThreadPool]: On list_airbyte_db_staging_staging: BEGIN
[0m12:11:48.462393 [debug] [ThreadPool]: Opening a new connection, currently in state init
[0m12:11:48.485370 [debug] [ThreadPool]: SQL status: BEGIN in 0.023 seconds
[0m12:11:48.486368 [debug] [ThreadPool]: Using postgres connection "list_airbyte_db_staging_staging"
[0m12:11:48.487368 [debug] [ThreadPool]: On list_airbyte_db_staging_staging: /* {"app": "dbt", "dbt_version": "1.10.20", "profile_name": "shopify_assessment", "target_name": "staging", "connection_name": "list_airbyte_db_staging_staging"} */
select
      'airbyte_db' as database,
      tablename as name,
      schemaname as schema,
      'table' as type
    from pg_tables
    where schemaname ilike 'staging_staging'
    union all
    select
      'airbyte_db' as database,
      viewname as name,
      schemaname as schema,
      'view' as type
    from pg_views
    where schemaname ilike 'staging_staging'
    union all
    select
      'airbyte_db' as database,
      matviewname as name,
      schemaname as schema,
      'materialized_view' as type
    from pg_matviews
    where schemaname ilike 'staging_staging'
  
[0m12:11:48.501368 [debug] [ThreadPool]: SQL status: SELECT 0 in 0.013 seconds
[0m12:11:48.503376 [debug] [ThreadPool]: On list_airbyte_db_staging_staging: ROLLBACK
[0m12:11:48.505376 [debug] [ThreadPool]: On list_airbyte_db_staging_staging: Close
[0m12:11:48.515366 [debug] [MainThread]: Using postgres connection "master"
[0m12:11:48.516368 [debug] [MainThread]: On master: BEGIN
[0m12:11:48.517368 [debug] [MainThread]: Opening a new connection, currently in state init
[0m12:11:48.537922 [debug] [MainThread]: SQL status: BEGIN in 0.021 seconds
[0m12:11:48.537922 [debug] [MainThread]: Using postgres connection "master"
[0m12:11:48.538925 [debug] [MainThread]: On master: /* {"app": "dbt", "dbt_version": "1.10.20", "profile_name": "shopify_assessment", "target_name": "staging", "connection_name": "master"} */
select distinct
        dependent_namespace.nspname as dependent_schema,
        dependent_class.relname as dependent_name,
        referenced_namespace.nspname as referenced_schema,
        referenced_class.relname as referenced_name

    -- Query for views: views are entries in pg_class with an entry in pg_rewrite, but we avoid
    -- a seq scan on pg_rewrite by leveraging the fact there is an "internal" row in pg_depend for
    -- the view...
    from pg_class as dependent_class
    join pg_namespace as dependent_namespace on dependent_namespace.oid = dependent_class.relnamespace
    join pg_depend as dependent_depend on dependent_depend.refobjid = dependent_class.oid
        and dependent_depend.classid = 'pg_rewrite'::regclass
        and dependent_depend.refclassid = 'pg_class'::regclass
        and dependent_depend.deptype = 'i'

    -- ... and via pg_depend (that has a row per column, hence the need for "distinct" above, and
    -- making sure to exclude the internal row to avoid a view appearing to depend on itself)...
    join pg_depend as joining_depend on joining_depend.objid = dependent_depend.objid
        and joining_depend.classid = 'pg_rewrite'::regclass
        and joining_depend.refclassid = 'pg_class'::regclass
        and joining_depend.refobjid != dependent_depend.refobjid

    -- ... we can find the tables they query from in pg_class, but excluding system tables. Note we
    -- don't need need to exclude _dependent_ system tables, because they only query from other
    -- system tables, and so are automatically excluded by excluding _referenced_ system tables
    join pg_class as referenced_class on referenced_class.oid = joining_depend.refobjid
    join pg_namespace as referenced_namespace on referenced_namespace.oid = referenced_class.relnamespace
        and referenced_namespace.nspname != 'information_schema'
        and referenced_namespace.nspname not like 'pg\_%'

    order by
        dependent_schema, dependent_name, referenced_schema, referenced_name;
[0m12:11:48.549924 [debug] [MainThread]: SQL status: SELECT 0 in 0.010 seconds
[0m12:11:48.551925 [debug] [MainThread]: Sending event: {'category': 'dbt', 'action': 'runnable_timing', 'label': '6d461223-30d4-4de2-b530-1e70a7663afa', 'context': [<snowplow_tracker.self_describing_json.SelfDescribingJson object at 0x00000159D08E2430>]}
[0m12:11:48.552927 [debug] [MainThread]: On master: ROLLBACK
[0m12:11:48.554923 [debug] [MainThread]: Using postgres connection "master"
[0m12:11:48.555925 [debug] [MainThread]: On master: BEGIN
[0m12:11:48.557928 [debug] [MainThread]: SQL status: BEGIN in 0.001 seconds
[0m12:11:48.558925 [debug] [MainThread]: On master: COMMIT
[0m12:11:48.559923 [debug] [MainThread]: Using postgres connection "master"
[0m12:11:48.560925 [debug] [MainThread]: On master: COMMIT
[0m12:11:48.562922 [debug] [MainThread]: SQL status: COMMIT in 0.001 seconds
[0m12:11:48.563925 [debug] [MainThread]: On master: Close
[0m12:11:48.574922 [debug] [Thread-1  ]: Began running node model.shopify_assessment.stg_orders
[0m12:11:48.576922 [info ] [Thread-1  ]: 1 of 1 START sql view model staging_staging.stg_orders ......................... [RUN]
[0m12:11:48.577923 [debug] [Thread-1  ]: Acquiring new postgres connection 'model.shopify_assessment.stg_orders'
[0m12:11:48.578924 [debug] [Thread-1  ]: Began compiling node model.shopify_assessment.stg_orders
[0m12:11:48.589922 [debug] [Thread-1  ]: Writing injected SQL for node "model.shopify_assessment.stg_orders"
[0m12:11:48.592922 [debug] [Thread-1  ]: Began executing node model.shopify_assessment.stg_orders
[0m12:11:48.641797 [debug] [Thread-1  ]: Writing runtime sql for node "model.shopify_assessment.stg_orders"
[0m12:11:48.644797 [debug] [Thread-1  ]: Using postgres connection "model.shopify_assessment.stg_orders"
[0m12:11:48.645799 [debug] [Thread-1  ]: On model.shopify_assessment.stg_orders: BEGIN
[0m12:11:48.647801 [debug] [Thread-1  ]: Opening a new connection, currently in state init
[0m12:11:48.666420 [debug] [Thread-1  ]: SQL status: BEGIN in 0.019 seconds
[0m12:11:48.667422 [debug] [Thread-1  ]: Using postgres connection "model.shopify_assessment.stg_orders"
[0m12:11:48.668424 [debug] [Thread-1  ]: On model.shopify_assessment.stg_orders: /* {"app": "dbt", "dbt_version": "1.10.20", "profile_name": "shopify_assessment", "target_name": "staging", "node_id": "model.shopify_assessment.stg_orders"} */

  create view "airbyte_db"."staging_staging"."stg_orders__dbt_tmp"
    
    
  as (
    select *
from "airbyte_db"."raw"."orders"
  );
[0m12:11:48.684881 [debug] [Thread-1  ]: SQL status: CREATE VIEW in 0.015 seconds
[0m12:11:48.695587 [debug] [Thread-1  ]: Using postgres connection "model.shopify_assessment.stg_orders"
[0m12:11:48.697312 [debug] [Thread-1  ]: On model.shopify_assessment.stg_orders: /* {"app": "dbt", "dbt_version": "1.10.20", "profile_name": "shopify_assessment", "target_name": "staging", "node_id": "model.shopify_assessment.stg_orders"} */
alter table "airbyte_db"."staging_staging"."stg_orders__dbt_tmp" rename to "stg_orders"
[0m12:11:48.699462 [debug] [Thread-1  ]: SQL status: ALTER TABLE in 0.001 seconds
[0m12:11:48.721461 [debug] [Thread-1  ]: On model.shopify_assessment.stg_orders: COMMIT
[0m12:11:48.722463 [debug] [Thread-1  ]: Using postgres connection "model.shopify_assessment.stg_orders"
[0m12:11:48.723463 [debug] [Thread-1  ]: On model.shopify_assessment.stg_orders: COMMIT
[0m12:11:48.731460 [debug] [Thread-1  ]: SQL status: COMMIT in 0.006 seconds
[0m12:11:48.738458 [debug] [Thread-1  ]: Applying DROP to: "airbyte_db"."staging_staging"."stg_orders__dbt_backup"
[0m12:11:48.744459 [debug] [Thread-1  ]: Using postgres connection "model.shopify_assessment.stg_orders"
[0m12:11:48.745460 [debug] [Thread-1  ]: On model.shopify_assessment.stg_orders: /* {"app": "dbt", "dbt_version": "1.10.20", "profile_name": "shopify_assessment", "target_name": "staging", "node_id": "model.shopify_assessment.stg_orders"} */
drop view if exists "airbyte_db"."staging_staging"."stg_orders__dbt_backup" cascade
[0m12:11:48.747461 [debug] [Thread-1  ]: SQL status: DROP VIEW in 0.002 seconds
[0m12:11:48.751462 [debug] [Thread-1  ]: On model.shopify_assessment.stg_orders: Close
[0m12:11:48.764461 [debug] [Thread-1  ]: Sending event: {'category': 'dbt', 'action': 'run_model', 'label': '6d461223-30d4-4de2-b530-1e70a7663afa', 'context': [<snowplow_tracker.self_describing_json.SelfDescribingJson object at 0x00000159D0891460>]}
[0m12:11:48.765460 [info ] [Thread-1  ]: 1 of 1 OK created sql view model staging_staging.stg_orders .................... [[32mCREATE VIEW[0m in 0.17s]
[0m12:11:48.766460 [debug] [Thread-1  ]: Finished running node model.shopify_assessment.stg_orders
[0m12:11:48.768462 [debug] [MainThread]: Using postgres connection "master"
[0m12:11:48.769460 [debug] [MainThread]: On master: BEGIN
[0m12:11:48.769460 [debug] [MainThread]: Opening a new connection, currently in state closed
[0m12:11:48.789460 [debug] [MainThread]: SQL status: BEGIN in 0.019 seconds
[0m12:11:48.789460 [debug] [MainThread]: On master: COMMIT
[0m12:11:48.790462 [debug] [MainThread]: Using postgres connection "master"
[0m12:11:48.790462 [debug] [MainThread]: On master: COMMIT
[0m12:11:48.792466 [debug] [MainThread]: SQL status: COMMIT in 0.001 seconds
[0m12:11:48.792466 [debug] [MainThread]: On master: Close
[0m12:11:48.794465 [debug] [MainThread]: Connection 'master' was properly closed.
[0m12:11:48.795468 [debug] [MainThread]: Connection 'create_airbyte_db_staging_staging' was properly closed.
[0m12:11:48.798459 [debug] [MainThread]: Connection 'list_airbyte_db_staging_staging' was properly closed.
[0m12:11:48.799461 [debug] [MainThread]: Connection 'model.shopify_assessment.stg_orders' was properly closed.
[0m12:11:48.799461 [info ] [MainThread]: 
[0m12:11:48.800462 [info ] [MainThread]: Finished running 1 view model in 0 hours 0 minutes and 0.54 seconds (0.54s).
[0m12:11:48.802476 [debug] [MainThread]: Command end result
[0m12:11:48.831461 [debug] [MainThread]: Wrote artifact WritableManifest to C:\Users\Owner\data-engineering-assessment\dbt_shopify\target\manifest.json
[0m12:11:48.835053 [debug] [MainThread]: Wrote artifact SemanticManifest to C:\Users\Owner\data-engineering-assessment\dbt_shopify\target\semantic_manifest.json
[0m12:11:48.843050 [debug] [MainThread]: Wrote artifact RunExecutionResult to C:\Users\Owner\data-engineering-assessment\dbt_shopify\target\run_results.json
[0m12:11:48.844051 [info ] [MainThread]: 
[0m12:11:48.845050 [info ] [MainThread]: [32mCompleted successfully[0m
[0m12:11:48.848051 [info ] [MainThread]: 
[0m12:11:48.849050 [info ] [MainThread]: Done. PASS=1 WARN=0 ERROR=0 SKIP=0 NO-OP=0 TOTAL=1
[0m12:11:48.851052 [debug] [MainThread]: Command `dbt run` succeeded at 12:11:48.850052 after 2.50 seconds
[0m12:11:48.851052 [debug] [MainThread]: Sending event: {'category': 'dbt', 'action': 'invocation', 'label': 'end', 'context': [<snowplow_tracker.self_describing_json.SelfDescribingJson object at 0x00000159CD9604F0>, <snowplow_tracker.self_describing_json.SelfDescribingJson object at 0x00000159CDD0D0A0>, <snowplow_tracker.self_describing_json.SelfDescribingJson object at 0x00000159CF468E80>]}
[0m12:11:48.852052 [debug] [MainThread]: Flushing usage events
[0m12:11:49.236900 [debug] [MainThread]: An error was encountered while trying to flush usage events
[0m12:13:50.837451 [debug] [MainThread]: Sending event: {'category': 'dbt', 'action': 'invocation', 'label': 'start', 'context': [<snowplow_tracker.self_describing_json.SelfDescribingJson object at 0x0000021CC885F520>, <snowplow_tracker.self_describing_json.SelfDescribingJson object at 0x0000021CCA204430>, <snowplow_tracker.self_describing_json.SelfDescribingJson object at 0x0000021CCA2041C0>]}


============================== 12:13:50.842447 | 334dae67-8f3d-4f4c-9dd1-83817c75334d ==============================
[0m12:13:50.842447 [info ] [MainThread]: Running with dbt=1.10.20
[0m12:13:50.843450 [debug] [MainThread]: running dbt with arguments {'fail_fast': 'False', 'debug': 'False', 'log_cache_events': 'False', 'send_anonymous_usage_stats': 'True', 'cache_selected_only': 'False', 'warn_error_options': 'WarnErrorOptionsV2(error=[], warn=[], silence=[])', 'no_print': 'None', 'log_format': 'default', 'version_check': 'True', 'empty': 'False', 'printer_width': '80', 'quiet': 'False', 'log_path': 'C:\\Users\\Owner\\data-engineering-assessment\\dbt_shopify\\logs', 'partial_parse': 'True', 'warn_error': 'None', 'write_json': 'True', 'invocation_command': 'dbt run --target staging', 'introspect': 'True', 'target_path': 'None', 'static_parser': 'True', 'profiles_dir': 'C:\\Users\\Owner\\.dbt', 'use_experimental_parser': 'False', 'use_colors': 'True', 'indirect_selection': 'eager'}
[0m12:13:51.092295 [debug] [MainThread]: Sending event: {'category': 'dbt', 'action': 'project_id', 'label': '334dae67-8f3d-4f4c-9dd1-83817c75334d', 'context': [<snowplow_tracker.self_describing_json.SelfDescribingJson object at 0x0000021CCA3AF7F0>]}
[0m12:13:51.173989 [debug] [MainThread]: Sending event: {'category': 'dbt', 'action': 'adapter_info', 'label': '334dae67-8f3d-4f4c-9dd1-83817c75334d', 'context': [<snowplow_tracker.self_describing_json.SelfDescribingJson object at 0x0000021CCA2485B0>]}
[0m12:13:51.174991 [info ] [MainThread]: Registered adapter: postgres=1.9.1
[0m12:13:51.585329 [debug] [MainThread]: checksum: a59e7b2b447fd8a57b2be28e7355e6b39fd61763d8c6e0ea8982126488badb66, vars: {}, profile: , target: staging, version: 1.10.20
[0m12:13:51.989083 [debug] [MainThread]: Partial parsing enabled: 0 files deleted, 1 files added, 0 files changed.
[0m12:13:51.990079 [debug] [MainThread]: Partial parsing: added file: shopify_assessment://models\staging\stg_customers.sql
[0m12:13:52.367571 [warn ] [MainThread]: [[33mWARNING[0m]: Configuration paths exist in your dbt_project.yml file which do not apply to any resources.
There are 2 unused configuration paths:
- models.shopify_assessment.intermediate
- models.shopify_assessment.marts
[0m12:13:52.389601 [debug] [MainThread]: Sending event: {'category': 'dbt', 'action': 'load_project', 'label': '334dae67-8f3d-4f4c-9dd1-83817c75334d', 'context': [<snowplow_tracker.self_describing_json.SelfDescribingJson object at 0x0000021CCAD67340>]}
[0m12:13:52.498280 [debug] [MainThread]: Wrote artifact WritableManifest to C:\Users\Owner\data-engineering-assessment\dbt_shopify\target\manifest.json
[0m12:13:52.501282 [debug] [MainThread]: Wrote artifact SemanticManifest to C:\Users\Owner\data-engineering-assessment\dbt_shopify\target\semantic_manifest.json
[0m12:13:52.524833 [debug] [MainThread]: Sending event: {'category': 'dbt', 'action': 'resource_counts', 'label': '334dae67-8f3d-4f4c-9dd1-83817c75334d', 'context': [<snowplow_tracker.self_describing_json.SelfDescribingJson object at 0x0000021CCA3D4EB0>]}
[0m12:13:52.525835 [info ] [MainThread]: Found 2 models, 3 sources, 447 macros
[0m12:13:52.526834 [debug] [MainThread]: Sending event: {'category': 'dbt', 'action': 'runnable_timing', 'label': '334dae67-8f3d-4f4c-9dd1-83817c75334d', 'context': [<snowplow_tracker.self_describing_json.SelfDescribingJson object at 0x0000021CCA63C400>]}
[0m12:13:52.528833 [info ] [MainThread]: 
[0m12:13:52.529427 [info ] [MainThread]: Concurrency: 4 threads (target='staging')
[0m12:13:52.530474 [info ] [MainThread]: 
[0m12:13:52.531551 [debug] [MainThread]: Acquiring new postgres connection 'master'
[0m12:13:52.539563 [debug] [ThreadPool]: Acquiring new postgres connection 'list_airbyte_db'
[0m12:13:52.638564 [debug] [ThreadPool]: Using postgres connection "list_airbyte_db"
[0m12:13:52.639562 [debug] [ThreadPool]: On list_airbyte_db: /* {"app": "dbt", "dbt_version": "1.10.20", "profile_name": "shopify_assessment", "target_name": "staging", "connection_name": "list_airbyte_db"} */

    select distinct nspname from pg_namespace
  
[0m12:13:52.640562 [debug] [ThreadPool]: Opening a new connection, currently in state init
[0m12:13:52.667561 [debug] [ThreadPool]: SQL status: SELECT 8 in 0.027 seconds
[0m12:13:52.669565 [debug] [ThreadPool]: On list_airbyte_db: Close
[0m12:13:52.672564 [debug] [ThreadPool]: Acquiring new postgres connection 'list_airbyte_db_staging_staging'
[0m12:13:52.681411 [debug] [ThreadPool]: Using postgres connection "list_airbyte_db_staging_staging"
[0m12:13:52.682411 [debug] [ThreadPool]: On list_airbyte_db_staging_staging: BEGIN
[0m12:13:52.682411 [debug] [ThreadPool]: Opening a new connection, currently in state init
[0m12:13:52.722353 [debug] [ThreadPool]: SQL status: BEGIN in 0.040 seconds
[0m12:13:52.723352 [debug] [ThreadPool]: Using postgres connection "list_airbyte_db_staging_staging"
[0m12:13:52.724352 [debug] [ThreadPool]: On list_airbyte_db_staging_staging: /* {"app": "dbt", "dbt_version": "1.10.20", "profile_name": "shopify_assessment", "target_name": "staging", "connection_name": "list_airbyte_db_staging_staging"} */
select
      'airbyte_db' as database,
      tablename as name,
      schemaname as schema,
      'table' as type
    from pg_tables
    where schemaname ilike 'staging_staging'
    union all
    select
      'airbyte_db' as database,
      viewname as name,
      schemaname as schema,
      'view' as type
    from pg_views
    where schemaname ilike 'staging_staging'
    union all
    select
      'airbyte_db' as database,
      matviewname as name,
      schemaname as schema,
      'materialized_view' as type
    from pg_matviews
    where schemaname ilike 'staging_staging'
  
[0m12:13:52.728353 [debug] [ThreadPool]: SQL status: SELECT 1 in 0.004 seconds
[0m12:13:52.730353 [debug] [ThreadPool]: On list_airbyte_db_staging_staging: ROLLBACK
[0m12:13:52.731352 [debug] [ThreadPool]: On list_airbyte_db_staging_staging: Close
[0m12:13:52.741352 [debug] [MainThread]: Using postgres connection "master"
[0m12:13:52.742357 [debug] [MainThread]: On master: BEGIN
[0m12:13:52.743356 [debug] [MainThread]: Opening a new connection, currently in state init
[0m12:13:52.770353 [debug] [MainThread]: SQL status: BEGIN in 0.028 seconds
[0m12:13:52.771387 [debug] [MainThread]: Using postgres connection "master"
[0m12:13:52.772353 [debug] [MainThread]: On master: /* {"app": "dbt", "dbt_version": "1.10.20", "profile_name": "shopify_assessment", "target_name": "staging", "connection_name": "master"} */
select distinct
        dependent_namespace.nspname as dependent_schema,
        dependent_class.relname as dependent_name,
        referenced_namespace.nspname as referenced_schema,
        referenced_class.relname as referenced_name

    -- Query for views: views are entries in pg_class with an entry in pg_rewrite, but we avoid
    -- a seq scan on pg_rewrite by leveraging the fact there is an "internal" row in pg_depend for
    -- the view...
    from pg_class as dependent_class
    join pg_namespace as dependent_namespace on dependent_namespace.oid = dependent_class.relnamespace
    join pg_depend as dependent_depend on dependent_depend.refobjid = dependent_class.oid
        and dependent_depend.classid = 'pg_rewrite'::regclass
        and dependent_depend.refclassid = 'pg_class'::regclass
        and dependent_depend.deptype = 'i'

    -- ... and via pg_depend (that has a row per column, hence the need for "distinct" above, and
    -- making sure to exclude the internal row to avoid a view appearing to depend on itself)...
    join pg_depend as joining_depend on joining_depend.objid = dependent_depend.objid
        and joining_depend.classid = 'pg_rewrite'::regclass
        and joining_depend.refclassid = 'pg_class'::regclass
        and joining_depend.refobjid != dependent_depend.refobjid

    -- ... we can find the tables they query from in pg_class, but excluding system tables. Note we
    -- don't need need to exclude _dependent_ system tables, because they only query from other
    -- system tables, and so are automatically excluded by excluding _referenced_ system tables
    join pg_class as referenced_class on referenced_class.oid = joining_depend.refobjid
    join pg_namespace as referenced_namespace on referenced_namespace.oid = referenced_class.relnamespace
        and referenced_namespace.nspname != 'information_schema'
        and referenced_namespace.nspname not like 'pg\_%'

    order by
        dependent_schema, dependent_name, referenced_schema, referenced_name;
[0m12:13:52.777356 [debug] [MainThread]: SQL status: SELECT 1 in 0.004 seconds
[0m12:13:52.779352 [debug] [MainThread]: Sending event: {'category': 'dbt', 'action': 'runnable_timing', 'label': '334dae67-8f3d-4f4c-9dd1-83817c75334d', 'context': [<snowplow_tracker.self_describing_json.SelfDescribingJson object at 0x0000021CCAC54250>]}
[0m12:13:52.779352 [debug] [MainThread]: On master: ROLLBACK
[0m12:13:52.781354 [debug] [MainThread]: Using postgres connection "master"
[0m12:13:52.782356 [debug] [MainThread]: On master: BEGIN
[0m12:13:52.784352 [debug] [MainThread]: SQL status: BEGIN in 0.001 seconds
[0m12:13:52.784352 [debug] [MainThread]: On master: COMMIT
[0m12:13:52.785358 [debug] [MainThread]: Using postgres connection "master"
[0m12:13:52.786354 [debug] [MainThread]: On master: COMMIT
[0m12:13:52.788354 [debug] [MainThread]: SQL status: COMMIT in 0.001 seconds
[0m12:13:52.789388 [debug] [MainThread]: On master: Close
[0m12:13:52.795354 [debug] [Thread-1  ]: Began running node model.shopify_assessment.stg_customers
[0m12:13:52.796351 [debug] [Thread-2  ]: Began running node model.shopify_assessment.stg_orders
[0m12:13:52.797352 [info ] [Thread-1  ]: 1 of 2 START sql view model staging_staging.stg_customers ...................... [RUN]
[0m12:13:52.798351 [info ] [Thread-2  ]: 2 of 2 START sql view model staging_staging.stg_orders ......................... [RUN]
[0m12:13:52.799352 [debug] [Thread-1  ]: Acquiring new postgres connection 'model.shopify_assessment.stg_customers'
[0m12:13:52.800594 [debug] [Thread-2  ]: Acquiring new postgres connection 'model.shopify_assessment.stg_orders'
[0m12:13:52.801605 [debug] [Thread-1  ]: Began compiling node model.shopify_assessment.stg_customers
[0m12:13:52.802604 [debug] [Thread-2  ]: Began compiling node model.shopify_assessment.stg_orders
[0m12:13:52.813637 [debug] [Thread-1  ]: Writing injected SQL for node "model.shopify_assessment.stg_customers"
[0m12:13:52.817604 [debug] [Thread-2  ]: Writing injected SQL for node "model.shopify_assessment.stg_orders"
[0m12:13:52.819609 [debug] [Thread-1  ]: Began executing node model.shopify_assessment.stg_customers
[0m12:13:52.821606 [debug] [Thread-2  ]: Began executing node model.shopify_assessment.stg_orders
[0m12:13:52.865604 [debug] [Thread-1  ]: Writing runtime sql for node "model.shopify_assessment.stg_customers"
[0m12:13:52.871607 [debug] [Thread-2  ]: Writing runtime sql for node "model.shopify_assessment.stg_orders"
[0m12:13:52.872604 [debug] [Thread-1  ]: Using postgres connection "model.shopify_assessment.stg_customers"
[0m12:13:52.873606 [debug] [Thread-2  ]: Using postgres connection "model.shopify_assessment.stg_orders"
[0m12:13:52.874607 [debug] [Thread-1  ]: On model.shopify_assessment.stg_customers: BEGIN
[0m12:13:52.875604 [debug] [Thread-2  ]: On model.shopify_assessment.stg_orders: BEGIN
[0m12:13:52.875604 [debug] [Thread-1  ]: Opening a new connection, currently in state init
[0m12:13:52.876604 [debug] [Thread-2  ]: Opening a new connection, currently in state init
[0m12:13:52.898216 [debug] [Thread-1  ]: SQL status: BEGIN in 0.022 seconds
[0m12:13:52.899722 [debug] [Thread-1  ]: Using postgres connection "model.shopify_assessment.stg_customers"
[0m12:13:52.900732 [debug] [Thread-1  ]: On model.shopify_assessment.stg_customers: /* {"app": "dbt", "dbt_version": "1.10.20", "profile_name": "shopify_assessment", "target_name": "staging", "node_id": "model.shopify_assessment.stg_customers"} */

  create view "airbyte_db"."staging_staging"."stg_customers__dbt_tmp"
    
    
  as (
    select *
from "airbyte_db"."raw"."customers"
  );
[0m12:13:52.905730 [debug] [Thread-1  ]: SQL status: CREATE VIEW in 0.004 seconds
[0m12:13:52.915728 [debug] [Thread-1  ]: Using postgres connection "model.shopify_assessment.stg_customers"
[0m12:13:52.915728 [debug] [Thread-1  ]: On model.shopify_assessment.stg_customers: /* {"app": "dbt", "dbt_version": "1.10.20", "profile_name": "shopify_assessment", "target_name": "staging", "node_id": "model.shopify_assessment.stg_customers"} */
alter table "airbyte_db"."staging_staging"."stg_customers__dbt_tmp" rename to "stg_customers"
[0m12:13:52.917730 [debug] [Thread-2  ]: SQL status: BEGIN in 0.041 seconds
[0m12:13:52.918730 [debug] [Thread-2  ]: Using postgres connection "model.shopify_assessment.stg_orders"
[0m12:13:52.919737 [debug] [Thread-1  ]: SQL status: ALTER TABLE in 0.001 seconds
[0m12:13:52.921730 [debug] [Thread-2  ]: On model.shopify_assessment.stg_orders: /* {"app": "dbt", "dbt_version": "1.10.20", "profile_name": "shopify_assessment", "target_name": "staging", "node_id": "model.shopify_assessment.stg_orders"} */

  create view "airbyte_db"."staging_staging"."stg_orders__dbt_tmp"
    
    
  as (
    select *
from "airbyte_db"."raw"."orders"
  );
[0m12:13:52.954353 [debug] [Thread-1  ]: On model.shopify_assessment.stg_customers: COMMIT
[0m12:13:52.955350 [debug] [Thread-1  ]: Using postgres connection "model.shopify_assessment.stg_customers"
[0m12:13:52.957352 [debug] [Thread-1  ]: On model.shopify_assessment.stg_customers: COMMIT
[0m12:13:52.962353 [debug] [Thread-2  ]: SQL status: CREATE VIEW in 0.007 seconds
[0m12:13:52.967352 [debug] [Thread-2  ]: Using postgres connection "model.shopify_assessment.stg_orders"
[0m12:13:52.968354 [debug] [Thread-1  ]: SQL status: COMMIT in 0.010 seconds
[0m12:13:52.969351 [debug] [Thread-2  ]: On model.shopify_assessment.stg_orders: /* {"app": "dbt", "dbt_version": "1.10.20", "profile_name": "shopify_assessment", "target_name": "staging", "node_id": "model.shopify_assessment.stg_orders"} */
alter table "airbyte_db"."staging_staging"."stg_orders" rename to "stg_orders__dbt_backup"
[0m12:13:52.982351 [debug] [Thread-1  ]: Applying DROP to: "airbyte_db"."staging_staging"."stg_customers__dbt_backup"
[0m12:13:52.993945 [debug] [Thread-1  ]: Using postgres connection "model.shopify_assessment.stg_customers"
[0m12:13:52.994945 [debug] [Thread-2  ]: SQL status: ALTER TABLE in 0.011 seconds
[0m12:13:52.996944 [debug] [Thread-1  ]: On model.shopify_assessment.stg_customers: /* {"app": "dbt", "dbt_version": "1.10.20", "profile_name": "shopify_assessment", "target_name": "staging", "node_id": "model.shopify_assessment.stg_customers"} */
drop view if exists "airbyte_db"."staging_staging"."stg_customers__dbt_backup" cascade
[0m12:13:53.003942 [debug] [Thread-2  ]: Using postgres connection "model.shopify_assessment.stg_orders"
[0m12:13:53.005941 [debug] [Thread-2  ]: On model.shopify_assessment.stg_orders: /* {"app": "dbt", "dbt_version": "1.10.20", "profile_name": "shopify_assessment", "target_name": "staging", "node_id": "model.shopify_assessment.stg_orders"} */
alter table "airbyte_db"."staging_staging"."stg_orders__dbt_tmp" rename to "stg_orders"
[0m12:13:53.007941 [debug] [Thread-1  ]: SQL status: DROP VIEW in 0.002 seconds
[0m12:13:53.012938 [debug] [Thread-1  ]: On model.shopify_assessment.stg_customers: Close
[0m12:13:53.013941 [debug] [Thread-2  ]: SQL status: ALTER TABLE in 0.006 seconds
[0m12:13:53.028939 [debug] [Thread-2  ]: On model.shopify_assessment.stg_orders: COMMIT
[0m12:13:53.030940 [debug] [Thread-2  ]: Using postgres connection "model.shopify_assessment.stg_orders"
[0m12:13:53.031941 [debug] [Thread-1  ]: Sending event: {'category': 'dbt', 'action': 'run_model', 'label': '334dae67-8f3d-4f4c-9dd1-83817c75334d', 'context': [<snowplow_tracker.self_describing_json.SelfDescribingJson object at 0x0000021CCB5E45E0>]}
[0m12:13:53.032939 [debug] [Thread-2  ]: On model.shopify_assessment.stg_orders: COMMIT
[0m12:13:53.034940 [info ] [Thread-1  ]: 1 of 2 OK created sql view model staging_staging.stg_customers ................. [[32mCREATE VIEW[0m in 0.22s]
[0m12:13:53.037940 [debug] [Thread-1  ]: Finished running node model.shopify_assessment.stg_customers
[0m12:13:53.042939 [debug] [Thread-2  ]: SQL status: COMMIT in 0.007 seconds
[0m12:13:53.049941 [debug] [Thread-2  ]: Applying DROP to: "airbyte_db"."staging_staging"."stg_orders__dbt_backup"
[0m12:13:53.050941 [debug] [Thread-2  ]: Using postgres connection "model.shopify_assessment.stg_orders"
[0m12:13:53.051941 [debug] [Thread-2  ]: On model.shopify_assessment.stg_orders: /* {"app": "dbt", "dbt_version": "1.10.20", "profile_name": "shopify_assessment", "target_name": "staging", "node_id": "model.shopify_assessment.stg_orders"} */
drop view if exists "airbyte_db"."staging_staging"."stg_orders__dbt_backup" cascade
[0m12:13:53.062939 [debug] [Thread-2  ]: SQL status: DROP VIEW in 0.009 seconds
[0m12:13:53.064939 [debug] [Thread-2  ]: On model.shopify_assessment.stg_orders: Close
[0m12:13:53.066938 [debug] [Thread-2  ]: Sending event: {'category': 'dbt', 'action': 'run_model', 'label': '334dae67-8f3d-4f4c-9dd1-83817c75334d', 'context': [<snowplow_tracker.self_describing_json.SelfDescribingJson object at 0x0000021CCB6D6FA0>]}
[0m12:13:53.069939 [info ] [Thread-2  ]: 2 of 2 OK created sql view model staging_staging.stg_orders .................... [[32mCREATE VIEW[0m in 0.27s]
[0m12:13:53.072939 [debug] [Thread-2  ]: Finished running node model.shopify_assessment.stg_orders
[0m12:13:53.075940 [debug] [MainThread]: Using postgres connection "master"
[0m12:13:53.076939 [debug] [MainThread]: On master: BEGIN
[0m12:13:53.076939 [debug] [MainThread]: Opening a new connection, currently in state closed
[0m12:13:53.100416 [debug] [MainThread]: SQL status: BEGIN in 0.023 seconds
[0m12:13:53.102432 [debug] [MainThread]: On master: COMMIT
[0m12:13:53.103449 [debug] [MainThread]: Using postgres connection "master"
[0m12:13:53.104427 [debug] [MainThread]: On master: COMMIT
[0m12:13:53.106423 [debug] [MainThread]: SQL status: COMMIT in 0.001 seconds
[0m12:13:53.106423 [debug] [MainThread]: On master: Close
[0m12:13:53.108424 [debug] [MainThread]: Connection 'master' was properly closed.
[0m12:13:53.109428 [debug] [MainThread]: Connection 'list_airbyte_db' was properly closed.
[0m12:13:53.110428 [debug] [MainThread]: Connection 'list_airbyte_db_staging_staging' was properly closed.
[0m12:13:53.111424 [debug] [MainThread]: Connection 'model.shopify_assessment.stg_customers' was properly closed.
[0m12:13:53.112425 [debug] [MainThread]: Connection 'model.shopify_assessment.stg_orders' was properly closed.
[0m12:13:53.113424 [info ] [MainThread]: 
[0m12:13:53.114429 [info ] [MainThread]: Finished running 2 view models in 0 hours 0 minutes and 0.58 seconds (0.58s).
[0m12:13:53.117424 [debug] [MainThread]: Command end result
[0m12:13:53.167015 [debug] [MainThread]: Wrote artifact WritableManifest to C:\Users\Owner\data-engineering-assessment\dbt_shopify\target\manifest.json
[0m12:13:53.171014 [debug] [MainThread]: Wrote artifact SemanticManifest to C:\Users\Owner\data-engineering-assessment\dbt_shopify\target\semantic_manifest.json
[0m12:13:53.180012 [debug] [MainThread]: Wrote artifact RunExecutionResult to C:\Users\Owner\data-engineering-assessment\dbt_shopify\target\run_results.json
[0m12:13:53.181014 [info ] [MainThread]: 
[0m12:13:53.182016 [info ] [MainThread]: [32mCompleted successfully[0m
[0m12:13:53.183015 [info ] [MainThread]: 
[0m12:13:53.184017 [info ] [MainThread]: Done. PASS=2 WARN=0 ERROR=0 SKIP=0 NO-OP=0 TOTAL=2
[0m12:13:53.186023 [debug] [MainThread]: Command `dbt run` succeeded at 12:13:53.186023 after 2.45 seconds
[0m12:13:53.187014 [debug] [MainThread]: Sending event: {'category': 'dbt', 'action': 'invocation', 'label': 'end', 'context': [<snowplow_tracker.self_describing_json.SelfDescribingJson object at 0x0000021CC885F520>, <snowplow_tracker.self_describing_json.SelfDescribingJson object at 0x0000021CCA040E50>, <snowplow_tracker.self_describing_json.SelfDescribingJson object at 0x0000021CCAD81520>]}
[0m12:13:53.188016 [debug] [MainThread]: Flushing usage events
[0m12:13:53.580185 [debug] [MainThread]: An error was encountered while trying to flush usage events
[0m12:14:32.357976 [debug] [MainThread]: Sending event: {'category': 'dbt', 'action': 'invocation', 'label': 'start', 'context': [<snowplow_tracker.self_describing_json.SelfDescribingJson object at 0x000001F1233604C0>, <snowplow_tracker.self_describing_json.SelfDescribingJson object at 0x000001F124F04340>, <snowplow_tracker.self_describing_json.SelfDescribingJson object at 0x000001F124F040D0>]}


============================== 12:14:32.362979 | 585c0c97-6f4d-4199-873f-e001de69524f ==============================
[0m12:14:32.362979 [info ] [MainThread]: Running with dbt=1.10.20
[0m12:14:32.364980 [debug] [MainThread]: running dbt with arguments {'fail_fast': 'False', 'debug': 'False', 'log_cache_events': 'False', 'send_anonymous_usage_stats': 'True', 'cache_selected_only': 'False', 'warn_error_options': 'WarnErrorOptionsV2(error=[], warn=[], silence=[])', 'no_print': 'None', 'log_format': 'default', 'version_check': 'True', 'empty': 'False', 'printer_width': '80', 'quiet': 'False', 'introspect': 'True', 'log_path': 'C:\\Users\\Owner\\data-engineering-assessment\\dbt_shopify\\logs', 'warn_error': 'None', 'write_json': 'True', 'partial_parse': 'True', 'target_path': 'None', 'invocation_command': 'dbt run --target staging', 'static_parser': 'True', 'profiles_dir': 'C:\\Users\\Owner\\.dbt', 'use_experimental_parser': 'False', 'use_colors': 'True', 'indirect_selection': 'eager'}
[0m12:14:32.612537 [debug] [MainThread]: Sending event: {'category': 'dbt', 'action': 'project_id', 'label': '585c0c97-6f4d-4199-873f-e001de69524f', 'context': [<snowplow_tracker.self_describing_json.SelfDescribingJson object at 0x000001F124EB2490>]}
[0m12:14:32.711142 [debug] [MainThread]: Sending event: {'category': 'dbt', 'action': 'adapter_info', 'label': '585c0c97-6f4d-4199-873f-e001de69524f', 'context': [<snowplow_tracker.self_describing_json.SelfDescribingJson object at 0x000001F125294310>]}
[0m12:14:32.713142 [info ] [MainThread]: Registered adapter: postgres=1.9.1
[0m12:14:33.162934 [debug] [MainThread]: checksum: a59e7b2b447fd8a57b2be28e7355e6b39fd61763d8c6e0ea8982126488badb66, vars: {}, profile: , target: staging, version: 1.10.20
[0m12:14:33.393490 [debug] [MainThread]: Partial parsing enabled: 0 files deleted, 1 files added, 0 files changed.
[0m12:14:33.394492 [debug] [MainThread]: Partial parsing: added file: shopify_assessment://models\staging\stg_products.sql
[0m12:14:33.831988 [warn ] [MainThread]: [[33mWARNING[0m]: Configuration paths exist in your dbt_project.yml file which do not apply to any resources.
There are 2 unused configuration paths:
- models.shopify_assessment.intermediate
- models.shopify_assessment.marts
[0m12:14:33.855984 [debug] [MainThread]: Sending event: {'category': 'dbt', 'action': 'load_project', 'label': '585c0c97-6f4d-4199-873f-e001de69524f', 'context': [<snowplow_tracker.self_describing_json.SelfDescribingJson object at 0x000001F1257AA160>]}
[0m12:14:33.990051 [debug] [MainThread]: Wrote artifact WritableManifest to C:\Users\Owner\data-engineering-assessment\dbt_shopify\target\manifest.json
[0m12:14:33.995989 [debug] [MainThread]: Wrote artifact SemanticManifest to C:\Users\Owner\data-engineering-assessment\dbt_shopify\target\semantic_manifest.json
[0m12:14:34.024212 [debug] [MainThread]: Sending event: {'category': 'dbt', 'action': 'resource_counts', 'label': '585c0c97-6f4d-4199-873f-e001de69524f', 'context': [<snowplow_tracker.self_describing_json.SelfDescribingJson object at 0x000001F125979DC0>]}
[0m12:14:34.025213 [info ] [MainThread]: Found 3 models, 3 sources, 447 macros
[0m12:14:34.028210 [debug] [MainThread]: Sending event: {'category': 'dbt', 'action': 'runnable_timing', 'label': '585c0c97-6f4d-4199-873f-e001de69524f', 'context': [<snowplow_tracker.self_describing_json.SelfDescribingJson object at 0x000001F124FDBA90>]}
[0m12:14:34.031212 [info ] [MainThread]: 
[0m12:14:34.033210 [info ] [MainThread]: Concurrency: 4 threads (target='staging')
[0m12:14:34.034210 [info ] [MainThread]: 
[0m12:14:34.036211 [debug] [MainThread]: Acquiring new postgres connection 'master'
[0m12:14:34.045212 [debug] [ThreadPool]: Acquiring new postgres connection 'list_airbyte_db'
[0m12:14:34.182772 [debug] [ThreadPool]: Using postgres connection "list_airbyte_db"
[0m12:14:34.183769 [debug] [ThreadPool]: On list_airbyte_db: /* {"app": "dbt", "dbt_version": "1.10.20", "profile_name": "shopify_assessment", "target_name": "staging", "connection_name": "list_airbyte_db"} */

    select distinct nspname from pg_namespace
  
[0m12:14:34.185774 [debug] [ThreadPool]: Opening a new connection, currently in state init
[0m12:14:34.224429 [debug] [ThreadPool]: SQL status: SELECT 8 in 0.039 seconds
[0m12:14:34.226428 [debug] [ThreadPool]: On list_airbyte_db: Close
[0m12:14:34.230433 [debug] [ThreadPool]: Acquiring new postgres connection 'list_airbyte_db_staging_staging'
[0m12:14:34.238427 [debug] [ThreadPool]: Using postgres connection "list_airbyte_db_staging_staging"
[0m12:14:34.239427 [debug] [ThreadPool]: On list_airbyte_db_staging_staging: BEGIN
[0m12:14:34.240428 [debug] [ThreadPool]: Opening a new connection, currently in state init
[0m12:14:34.257428 [debug] [ThreadPool]: SQL status: BEGIN in 0.018 seconds
[0m12:14:34.258428 [debug] [ThreadPool]: Using postgres connection "list_airbyte_db_staging_staging"
[0m12:14:34.259428 [debug] [ThreadPool]: On list_airbyte_db_staging_staging: /* {"app": "dbt", "dbt_version": "1.10.20", "profile_name": "shopify_assessment", "target_name": "staging", "connection_name": "list_airbyte_db_staging_staging"} */
select
      'airbyte_db' as database,
      tablename as name,
      schemaname as schema,
      'table' as type
    from pg_tables
    where schemaname ilike 'staging_staging'
    union all
    select
      'airbyte_db' as database,
      viewname as name,
      schemaname as schema,
      'view' as type
    from pg_views
    where schemaname ilike 'staging_staging'
    union all
    select
      'airbyte_db' as database,
      matviewname as name,
      schemaname as schema,
      'materialized_view' as type
    from pg_matviews
    where schemaname ilike 'staging_staging'
  
[0m12:14:34.264302 [debug] [ThreadPool]: SQL status: SELECT 2 in 0.005 seconds
[0m12:14:34.266296 [debug] [ThreadPool]: On list_airbyte_db_staging_staging: ROLLBACK
[0m12:14:34.267295 [debug] [ThreadPool]: On list_airbyte_db_staging_staging: Close
[0m12:14:34.275296 [debug] [MainThread]: Using postgres connection "master"
[0m12:14:34.277299 [debug] [MainThread]: On master: BEGIN
[0m12:14:34.278298 [debug] [MainThread]: Opening a new connection, currently in state init
[0m12:14:34.297302 [debug] [MainThread]: SQL status: BEGIN in 0.018 seconds
[0m12:14:34.298296 [debug] [MainThread]: Using postgres connection "master"
[0m12:14:34.298296 [debug] [MainThread]: On master: /* {"app": "dbt", "dbt_version": "1.10.20", "profile_name": "shopify_assessment", "target_name": "staging", "connection_name": "master"} */
select distinct
        dependent_namespace.nspname as dependent_schema,
        dependent_class.relname as dependent_name,
        referenced_namespace.nspname as referenced_schema,
        referenced_class.relname as referenced_name

    -- Query for views: views are entries in pg_class with an entry in pg_rewrite, but we avoid
    -- a seq scan on pg_rewrite by leveraging the fact there is an "internal" row in pg_depend for
    -- the view...
    from pg_class as dependent_class
    join pg_namespace as dependent_namespace on dependent_namespace.oid = dependent_class.relnamespace
    join pg_depend as dependent_depend on dependent_depend.refobjid = dependent_class.oid
        and dependent_depend.classid = 'pg_rewrite'::regclass
        and dependent_depend.refclassid = 'pg_class'::regclass
        and dependent_depend.deptype = 'i'

    -- ... and via pg_depend (that has a row per column, hence the need for "distinct" above, and
    -- making sure to exclude the internal row to avoid a view appearing to depend on itself)...
    join pg_depend as joining_depend on joining_depend.objid = dependent_depend.objid
        and joining_depend.classid = 'pg_rewrite'::regclass
        and joining_depend.refclassid = 'pg_class'::regclass
        and joining_depend.refobjid != dependent_depend.refobjid

    -- ... we can find the tables they query from in pg_class, but excluding system tables. Note we
    -- don't need need to exclude _dependent_ system tables, because they only query from other
    -- system tables, and so are automatically excluded by excluding _referenced_ system tables
    join pg_class as referenced_class on referenced_class.oid = joining_depend.refobjid
    join pg_namespace as referenced_namespace on referenced_namespace.oid = referenced_class.relnamespace
        and referenced_namespace.nspname != 'information_schema'
        and referenced_namespace.nspname not like 'pg\_%'

    order by
        dependent_schema, dependent_name, referenced_schema, referenced_name;
[0m12:14:34.303299 [debug] [MainThread]: SQL status: SELECT 2 in 0.004 seconds
[0m12:14:34.305295 [debug] [MainThread]: Sending event: {'category': 'dbt', 'action': 'runnable_timing', 'label': '585c0c97-6f4d-4199-873f-e001de69524f', 'context': [<snowplow_tracker.self_describing_json.SelfDescribingJson object at 0x000001F12538CD00>]}
[0m12:14:34.306296 [debug] [MainThread]: On master: ROLLBACK
[0m12:14:34.307300 [debug] [MainThread]: Using postgres connection "master"
[0m12:14:34.308298 [debug] [MainThread]: On master: BEGIN
[0m12:14:34.310301 [debug] [MainThread]: SQL status: BEGIN in 0.001 seconds
[0m12:14:34.311299 [debug] [MainThread]: On master: COMMIT
[0m12:14:34.312298 [debug] [MainThread]: Using postgres connection "master"
[0m12:14:34.313296 [debug] [MainThread]: On master: COMMIT
[0m12:14:34.314296 [debug] [MainThread]: SQL status: COMMIT in 0.001 seconds
[0m12:14:34.315296 [debug] [MainThread]: On master: Close
[0m12:14:34.322296 [debug] [Thread-1  ]: Began running node model.shopify_assessment.stg_customers
[0m12:14:34.322296 [debug] [Thread-2  ]: Began running node model.shopify_assessment.stg_orders
[0m12:14:34.323296 [debug] [Thread-3  ]: Began running node model.shopify_assessment.stg_products
[0m12:14:34.324296 [info ] [Thread-1  ]: 1 of 3 START sql view model staging_staging.stg_customers ...................... [RUN]
[0m12:14:34.326298 [info ] [Thread-2  ]: 2 of 3 START sql view model staging_staging.stg_orders ......................... [RUN]
[0m12:14:34.328297 [info ] [Thread-3  ]: 3 of 3 START sql view model staging_staging.stg_products ....................... [RUN]
[0m12:14:34.330296 [debug] [Thread-1  ]: Acquiring new postgres connection 'model.shopify_assessment.stg_customers'
[0m12:14:34.331296 [debug] [Thread-2  ]: Acquiring new postgres connection 'model.shopify_assessment.stg_orders'
[0m12:14:34.332296 [debug] [Thread-3  ]: Acquiring new postgres connection 'model.shopify_assessment.stg_products'
[0m12:14:34.332296 [debug] [Thread-1  ]: Began compiling node model.shopify_assessment.stg_customers
[0m12:14:34.333297 [debug] [Thread-2  ]: Began compiling node model.shopify_assessment.stg_orders
[0m12:14:34.334296 [debug] [Thread-3  ]: Began compiling node model.shopify_assessment.stg_products
[0m12:14:34.346297 [debug] [Thread-1  ]: Writing injected SQL for node "model.shopify_assessment.stg_customers"
[0m12:14:34.350296 [debug] [Thread-2  ]: Writing injected SQL for node "model.shopify_assessment.stg_orders"
[0m12:14:34.356297 [debug] [Thread-3  ]: Writing injected SQL for node "model.shopify_assessment.stg_products"
[0m12:14:34.358298 [debug] [Thread-1  ]: Began executing node model.shopify_assessment.stg_customers
[0m12:14:34.359297 [debug] [Thread-2  ]: Began executing node model.shopify_assessment.stg_orders
[0m12:14:34.387298 [debug] [Thread-3  ]: Began executing node model.shopify_assessment.stg_products
[0m12:14:34.407295 [debug] [Thread-1  ]: Writing runtime sql for node "model.shopify_assessment.stg_customers"
[0m12:14:34.413297 [debug] [Thread-2  ]: Writing runtime sql for node "model.shopify_assessment.stg_orders"
[0m12:14:34.418295 [debug] [Thread-3  ]: Writing runtime sql for node "model.shopify_assessment.stg_products"
[0m12:14:34.420297 [debug] [Thread-1  ]: Using postgres connection "model.shopify_assessment.stg_customers"
[0m12:14:34.421297 [debug] [Thread-2  ]: Using postgres connection "model.shopify_assessment.stg_orders"
[0m12:14:34.422297 [debug] [Thread-1  ]: On model.shopify_assessment.stg_customers: BEGIN
[0m12:14:34.423299 [debug] [Thread-3  ]: Using postgres connection "model.shopify_assessment.stg_products"
[0m12:14:34.423299 [debug] [Thread-2  ]: On model.shopify_assessment.stg_orders: BEGIN
[0m12:14:34.424297 [debug] [Thread-1  ]: Opening a new connection, currently in state init
[0m12:14:34.425297 [debug] [Thread-3  ]: On model.shopify_assessment.stg_products: BEGIN
[0m12:14:34.426296 [debug] [Thread-2  ]: Opening a new connection, currently in state init
[0m12:14:34.427297 [debug] [Thread-3  ]: Opening a new connection, currently in state init
[0m12:14:34.455296 [debug] [Thread-1  ]: SQL status: BEGIN in 0.031 seconds
[0m12:14:34.457299 [debug] [Thread-1  ]: Using postgres connection "model.shopify_assessment.stg_customers"
[0m12:14:34.458297 [debug] [Thread-1  ]: On model.shopify_assessment.stg_customers: /* {"app": "dbt", "dbt_version": "1.10.20", "profile_name": "shopify_assessment", "target_name": "staging", "node_id": "model.shopify_assessment.stg_customers"} */

  create view "airbyte_db"."staging_staging"."stg_customers__dbt_tmp"
    
    
  as (
    select *
from "airbyte_db"."raw"."customers"
  );
[0m12:14:34.460297 [debug] [Thread-3  ]: SQL status: BEGIN in 0.033 seconds
[0m12:14:34.460297 [debug] [Thread-2  ]: SQL status: BEGIN in 0.035 seconds
[0m12:14:34.461296 [debug] [Thread-3  ]: Using postgres connection "model.shopify_assessment.stg_products"
[0m12:14:34.462298 [debug] [Thread-2  ]: Using postgres connection "model.shopify_assessment.stg_orders"
[0m12:14:34.463299 [debug] [Thread-3  ]: On model.shopify_assessment.stg_products: /* {"app": "dbt", "dbt_version": "1.10.20", "profile_name": "shopify_assessment", "target_name": "staging", "node_id": "model.shopify_assessment.stg_products"} */

  create view "airbyte_db"."staging_staging"."stg_products__dbt_tmp"
    
    
  as (
    select *
from "airbyte_db"."raw"."products"
  );
[0m12:14:34.464409 [debug] [Thread-1  ]: SQL status: CREATE VIEW in 0.003 seconds
[0m12:14:34.464916 [debug] [Thread-2  ]: On model.shopify_assessment.stg_orders: /* {"app": "dbt", "dbt_version": "1.10.20", "profile_name": "shopify_assessment", "target_name": "staging", "node_id": "model.shopify_assessment.stg_orders"} */

  create view "airbyte_db"."staging_staging"."stg_orders__dbt_tmp"
    
    
  as (
    select *
from "airbyte_db"."raw"."orders"
  );
[0m12:14:34.473925 [debug] [Thread-1  ]: Using postgres connection "model.shopify_assessment.stg_customers"
[0m12:14:34.474926 [debug] [Thread-3  ]: SQL status: CREATE VIEW in 0.009 seconds
[0m12:14:34.475925 [debug] [Thread-1  ]: On model.shopify_assessment.stg_customers: /* {"app": "dbt", "dbt_version": "1.10.20", "profile_name": "shopify_assessment", "target_name": "staging", "node_id": "model.shopify_assessment.stg_customers"} */
alter table "airbyte_db"."staging_staging"."stg_customers" rename to "stg_customers__dbt_backup"
[0m12:14:34.481925 [debug] [Thread-3  ]: Using postgres connection "model.shopify_assessment.stg_products"
[0m12:14:34.482926 [debug] [Thread-2  ]: SQL status: CREATE VIEW in 0.007 seconds
[0m12:14:34.483926 [debug] [Thread-3  ]: On model.shopify_assessment.stg_products: /* {"app": "dbt", "dbt_version": "1.10.20", "profile_name": "shopify_assessment", "target_name": "staging", "node_id": "model.shopify_assessment.stg_products"} */
alter table "airbyte_db"."staging_staging"."stg_products__dbt_tmp" rename to "stg_products"
[0m12:14:34.483926 [debug] [Thread-1  ]: SQL status: ALTER TABLE in 0.001 seconds
[0m12:14:34.488926 [debug] [Thread-2  ]: Using postgres connection "model.shopify_assessment.stg_orders"
[0m12:14:34.492927 [debug] [Thread-1  ]: Using postgres connection "model.shopify_assessment.stg_customers"
[0m12:14:34.493927 [debug] [Thread-3  ]: SQL status: ALTER TABLE in 0.005 seconds
[0m12:14:34.494927 [debug] [Thread-2  ]: On model.shopify_assessment.stg_orders: /* {"app": "dbt", "dbt_version": "1.10.20", "profile_name": "shopify_assessment", "target_name": "staging", "node_id": "model.shopify_assessment.stg_orders"} */
alter table "airbyte_db"."staging_staging"."stg_orders" rename to "stg_orders__dbt_backup"
[0m12:14:34.494927 [debug] [Thread-1  ]: On model.shopify_assessment.stg_customers: /* {"app": "dbt", "dbt_version": "1.10.20", "profile_name": "shopify_assessment", "target_name": "staging", "node_id": "model.shopify_assessment.stg_customers"} */
alter table "airbyte_db"."staging_staging"."stg_customers__dbt_tmp" rename to "stg_customers"
[0m12:14:34.512927 [debug] [Thread-3  ]: On model.shopify_assessment.stg_products: COMMIT
[0m12:14:34.514929 [debug] [Thread-3  ]: Using postgres connection "model.shopify_assessment.stg_products"
[0m12:14:34.515927 [debug] [Thread-1  ]: SQL status: ALTER TABLE in 0.001 seconds
[0m12:14:34.515927 [debug] [Thread-2  ]: SQL status: ALTER TABLE in 0.002 seconds
[0m12:14:34.516926 [debug] [Thread-3  ]: On model.shopify_assessment.stg_products: COMMIT
[0m12:14:34.520925 [debug] [Thread-1  ]: On model.shopify_assessment.stg_customers: COMMIT
[0m12:14:34.524926 [debug] [Thread-2  ]: Using postgres connection "model.shopify_assessment.stg_orders"
[0m12:14:34.525927 [debug] [Thread-1  ]: Using postgres connection "model.shopify_assessment.stg_customers"
[0m12:14:34.527929 [debug] [Thread-2  ]: On model.shopify_assessment.stg_orders: /* {"app": "dbt", "dbt_version": "1.10.20", "profile_name": "shopify_assessment", "target_name": "staging", "node_id": "model.shopify_assessment.stg_orders"} */
alter table "airbyte_db"."staging_staging"."stg_orders__dbt_tmp" rename to "stg_orders"
[0m12:14:34.528927 [debug] [Thread-1  ]: On model.shopify_assessment.stg_customers: COMMIT
[0m12:14:34.530927 [debug] [Thread-2  ]: SQL status: ALTER TABLE in 0.001 seconds
[0m12:14:34.532926 [debug] [Thread-2  ]: On model.shopify_assessment.stg_orders: COMMIT
[0m12:14:34.533927 [debug] [Thread-3  ]: SQL status: COMMIT in 0.008 seconds
[0m12:14:34.533927 [debug] [Thread-2  ]: Using postgres connection "model.shopify_assessment.stg_orders"
[0m12:14:34.541929 [debug] [Thread-1  ]: SQL status: COMMIT in 0.012 seconds
[0m12:14:34.542931 [debug] [Thread-3  ]: Applying DROP to: "airbyte_db"."staging_staging"."stg_products__dbt_backup"
[0m12:14:34.543929 [debug] [Thread-2  ]: On model.shopify_assessment.stg_orders: COMMIT
[0m12:14:34.546926 [debug] [Thread-1  ]: Applying DROP to: "airbyte_db"."staging_staging"."stg_customers__dbt_backup"
[0m12:14:34.552964 [debug] [Thread-3  ]: Using postgres connection "model.shopify_assessment.stg_products"
[0m12:14:34.553932 [debug] [Thread-1  ]: Using postgres connection "model.shopify_assessment.stg_customers"
[0m12:14:34.554966 [debug] [Thread-3  ]: On model.shopify_assessment.stg_products: /* {"app": "dbt", "dbt_version": "1.10.20", "profile_name": "shopify_assessment", "target_name": "staging", "node_id": "model.shopify_assessment.stg_products"} */
drop view if exists "airbyte_db"."staging_staging"."stg_products__dbt_backup" cascade
[0m12:14:34.555928 [debug] [Thread-1  ]: On model.shopify_assessment.stg_customers: /* {"app": "dbt", "dbt_version": "1.10.20", "profile_name": "shopify_assessment", "target_name": "staging", "node_id": "model.shopify_assessment.stg_customers"} */
drop view if exists "airbyte_db"."staging_staging"."stg_customers__dbt_backup" cascade
[0m12:14:34.557927 [debug] [Thread-3  ]: SQL status: DROP VIEW in 0.001 seconds
[0m12:14:34.558927 [debug] [Thread-2  ]: SQL status: COMMIT in 0.005 seconds
[0m12:14:34.561926 [debug] [Thread-3  ]: On model.shopify_assessment.stg_products: Close
[0m12:14:34.562927 [debug] [Thread-1  ]: SQL status: DROP VIEW in 0.006 seconds
[0m12:14:34.566962 [debug] [Thread-2  ]: Applying DROP to: "airbyte_db"."staging_staging"."stg_orders__dbt_backup"
[0m12:14:34.572929 [debug] [Thread-1  ]: On model.shopify_assessment.stg_customers: Close
[0m12:14:34.574926 [debug] [Thread-2  ]: Using postgres connection "model.shopify_assessment.stg_orders"
[0m12:14:34.575930 [debug] [Thread-3  ]: Sending event: {'category': 'dbt', 'action': 'run_model', 'label': '585c0c97-6f4d-4199-873f-e001de69524f', 'context': [<snowplow_tracker.self_describing_json.SelfDescribingJson object at 0x000001F12538CD00>]}
[0m12:14:34.577931 [debug] [Thread-1  ]: Sending event: {'category': 'dbt', 'action': 'run_model', 'label': '585c0c97-6f4d-4199-873f-e001de69524f', 'context': [<snowplow_tracker.self_describing_json.SelfDescribingJson object at 0x000001F12624E430>]}
[0m12:14:34.579933 [debug] [Thread-2  ]: On model.shopify_assessment.stg_orders: /* {"app": "dbt", "dbt_version": "1.10.20", "profile_name": "shopify_assessment", "target_name": "staging", "node_id": "model.shopify_assessment.stg_orders"} */
drop view if exists "airbyte_db"."staging_staging"."stg_orders__dbt_backup" cascade
[0m12:14:34.580929 [info ] [Thread-3  ]: 3 of 3 OK created sql view model staging_staging.stg_products .................. [[32mCREATE VIEW[0m in 0.24s]
[0m12:14:34.581927 [info ] [Thread-1  ]: 1 of 3 OK created sql view model staging_staging.stg_customers ................. [[32mCREATE VIEW[0m in 0.25s]
[0m12:14:34.583929 [debug] [Thread-3  ]: Finished running node model.shopify_assessment.stg_products
[0m12:14:34.584933 [debug] [Thread-1  ]: Finished running node model.shopify_assessment.stg_customers
[0m12:14:34.589931 [debug] [Thread-2  ]: SQL status: DROP VIEW in 0.006 seconds
[0m12:14:34.591929 [debug] [Thread-2  ]: On model.shopify_assessment.stg_orders: Close
[0m12:14:34.593932 [debug] [Thread-2  ]: Sending event: {'category': 'dbt', 'action': 'run_model', 'label': '585c0c97-6f4d-4199-873f-e001de69524f', 'context': [<snowplow_tracker.self_describing_json.SelfDescribingJson object at 0x000001F124FB7550>]}
[0m12:14:34.595936 [info ] [Thread-2  ]: 2 of 3 OK created sql view model staging_staging.stg_orders .................... [[32mCREATE VIEW[0m in 0.26s]
[0m12:14:34.597927 [debug] [Thread-2  ]: Finished running node model.shopify_assessment.stg_orders
[0m12:14:34.599926 [debug] [MainThread]: Using postgres connection "master"
[0m12:14:34.599926 [debug] [MainThread]: On master: BEGIN
[0m12:14:34.600927 [debug] [MainThread]: Opening a new connection, currently in state closed
[0m12:14:34.621930 [debug] [MainThread]: SQL status: BEGIN in 0.021 seconds
[0m12:14:34.622931 [debug] [MainThread]: On master: COMMIT
[0m12:14:34.622931 [debug] [MainThread]: Using postgres connection "master"
[0m12:14:34.623931 [debug] [MainThread]: On master: COMMIT
[0m12:14:34.624930 [debug] [MainThread]: SQL status: COMMIT in 0.001 seconds
[0m12:14:34.625928 [debug] [MainThread]: On master: Close
[0m12:14:34.627949 [debug] [MainThread]: Connection 'master' was properly closed.
[0m12:14:34.629932 [debug] [MainThread]: Connection 'list_airbyte_db' was properly closed.
[0m12:14:34.631928 [debug] [MainThread]: Connection 'list_airbyte_db_staging_staging' was properly closed.
[0m12:14:34.632928 [debug] [MainThread]: Connection 'model.shopify_assessment.stg_customers' was properly closed.
[0m12:14:34.633928 [debug] [MainThread]: Connection 'model.shopify_assessment.stg_orders' was properly closed.
[0m12:14:34.634928 [debug] [MainThread]: Connection 'model.shopify_assessment.stg_products' was properly closed.
[0m12:14:34.635927 [info ] [MainThread]: 
[0m12:14:34.637930 [info ] [MainThread]: Finished running 3 view models in 0 hours 0 minutes and 0.60 seconds (0.60s).
[0m12:14:34.639935 [debug] [MainThread]: Command end result
[0m12:14:34.672509 [debug] [MainThread]: Wrote artifact WritableManifest to C:\Users\Owner\data-engineering-assessment\dbt_shopify\target\manifest.json
[0m12:14:34.675512 [debug] [MainThread]: Wrote artifact SemanticManifest to C:\Users\Owner\data-engineering-assessment\dbt_shopify\target\semantic_manifest.json
[0m12:14:34.685509 [debug] [MainThread]: Wrote artifact RunExecutionResult to C:\Users\Owner\data-engineering-assessment\dbt_shopify\target\run_results.json
[0m12:14:34.686511 [info ] [MainThread]: 
[0m12:14:34.687512 [info ] [MainThread]: [32mCompleted successfully[0m
[0m12:14:34.688511 [info ] [MainThread]: 
[0m12:14:34.689511 [info ] [MainThread]: Done. PASS=3 WARN=0 ERROR=0 SKIP=0 NO-OP=0 TOTAL=3
[0m12:14:34.691513 [debug] [MainThread]: Command `dbt run` succeeded at 12:14:34.690512 after 2.44 seconds
[0m12:14:34.691513 [debug] [MainThread]: Sending event: {'category': 'dbt', 'action': 'invocation', 'label': 'end', 'context': [<snowplow_tracker.self_describing_json.SelfDescribingJson object at 0x000001F1233604C0>, <snowplow_tracker.self_describing_json.SelfDescribingJson object at 0x000001F126305F70>, <snowplow_tracker.self_describing_json.SelfDescribingJson object at 0x000001F125294310>]}
[0m12:14:34.692512 [debug] [MainThread]: Flushing usage events
[0m12:14:35.070355 [debug] [MainThread]: An error was encountered while trying to flush usage events
[0m12:15:19.691735 [debug] [MainThread]: Sending event: {'category': 'dbt', 'action': 'invocation', 'label': 'start', 'context': [<snowplow_tracker.self_describing_json.SelfDescribingJson object at 0x0000020BDCCE04F0>, <snowplow_tracker.self_describing_json.SelfDescribingJson object at 0x0000020BDE684460>, <snowplow_tracker.self_describing_json.SelfDescribingJson object at 0x0000020BDE6841F0>]}


============================== 12:15:19.695763 | 01b85bbc-d99c-48ca-94a4-c1e4284818a8 ==============================
[0m12:15:19.695763 [info ] [MainThread]: Running with dbt=1.10.20
[0m12:15:19.697733 [debug] [MainThread]: running dbt with arguments {'debug': 'False', 'fail_fast': 'False', 'log_cache_events': 'False', 'send_anonymous_usage_stats': 'True', 'cache_selected_only': 'False', 'warn_error_options': 'WarnErrorOptionsV2(error=[], warn=[], silence=[])', 'no_print': 'None', 'target_path': 'None', 'version_check': 'True', 'empty': 'False', 'printer_width': '80', 'partial_parse': 'True', 'introspect': 'True', 'log_path': 'C:\\Users\\Owner\\data-engineering-assessment\\dbt_shopify\\logs', 'warn_error': 'None', 'write_json': 'True', 'log_format': 'default', 'quiet': 'False', 'invocation_command': 'dbt run --target staging', 'static_parser': 'True', 'profiles_dir': 'C:\\Users\\Owner\\.dbt', 'use_experimental_parser': 'False', 'use_colors': 'True', 'indirect_selection': 'eager'}
[0m12:15:19.966999 [debug] [MainThread]: Sending event: {'category': 'dbt', 'action': 'project_id', 'label': '01b85bbc-d99c-48ca-94a4-c1e4284818a8', 'context': [<snowplow_tracker.self_describing_json.SelfDescribingJson object at 0x0000020BDD0CCFD0>]}
[0m12:15:20.053208 [debug] [MainThread]: Sending event: {'category': 'dbt', 'action': 'adapter_info', 'label': '01b85bbc-d99c-48ca-94a4-c1e4284818a8', 'context': [<snowplow_tracker.self_describing_json.SelfDescribingJson object at 0x0000020BDE5E8E80>]}
[0m12:15:20.055224 [info ] [MainThread]: Registered adapter: postgres=1.9.1
[0m12:15:20.490850 [debug] [MainThread]: checksum: a59e7b2b447fd8a57b2be28e7355e6b39fd61763d8c6e0ea8982126488badb66, vars: {}, profile: , target: staging, version: 1.10.20
[0m12:15:20.714107 [debug] [MainThread]: Partial parsing enabled: 0 files deleted, 1 files added, 0 files changed.
[0m12:15:20.715107 [debug] [MainThread]: Partial parsing: added file: shopify_assessment://models\staging\stg_order_line_items.sql
[0m12:15:21.131534 [warn ] [MainThread]: [[33mWARNING[0m]: Configuration paths exist in your dbt_project.yml file which do not apply to any resources.
There are 2 unused configuration paths:
- models.shopify_assessment.marts
- models.shopify_assessment.intermediate
[0m12:15:21.155524 [debug] [MainThread]: Sending event: {'category': 'dbt', 'action': 'load_project', 'label': '01b85bbc-d99c-48ca-94a4-c1e4284818a8', 'context': [<snowplow_tracker.self_describing_json.SelfDescribingJson object at 0x0000020BDB1F2880>]}
[0m12:15:21.270729 [debug] [MainThread]: Wrote artifact WritableManifest to C:\Users\Owner\data-engineering-assessment\dbt_shopify\target\manifest.json
[0m12:15:21.273731 [debug] [MainThread]: Wrote artifact SemanticManifest to C:\Users\Owner\data-engineering-assessment\dbt_shopify\target\semantic_manifest.json
[0m12:15:21.296733 [debug] [MainThread]: Sending event: {'category': 'dbt', 'action': 'resource_counts', 'label': '01b85bbc-d99c-48ca-94a4-c1e4284818a8', 'context': [<snowplow_tracker.self_describing_json.SelfDescribingJson object at 0x0000020BDE7725E0>]}
[0m12:15:21.298734 [info ] [MainThread]: Found 4 models, 3 sources, 447 macros
[0m12:15:21.299734 [debug] [MainThread]: Sending event: {'category': 'dbt', 'action': 'runnable_timing', 'label': '01b85bbc-d99c-48ca-94a4-c1e4284818a8', 'context': [<snowplow_tracker.self_describing_json.SelfDescribingJson object at 0x0000020BDF0FCC70>]}
[0m12:15:21.303737 [info ] [MainThread]: 
[0m12:15:21.304734 [info ] [MainThread]: Concurrency: 4 threads (target='staging')
[0m12:15:21.304734 [info ] [MainThread]: 
[0m12:15:21.306046 [debug] [MainThread]: Acquiring new postgres connection 'master'
[0m12:15:21.312056 [debug] [ThreadPool]: Acquiring new postgres connection 'list_airbyte_db'
[0m12:15:21.416527 [debug] [ThreadPool]: Using postgres connection "list_airbyte_db"
[0m12:15:21.417500 [debug] [ThreadPool]: On list_airbyte_db: /* {"app": "dbt", "dbt_version": "1.10.20", "profile_name": "shopify_assessment", "target_name": "staging", "connection_name": "list_airbyte_db"} */

    select distinct nspname from pg_namespace
  
[0m12:15:21.418520 [debug] [ThreadPool]: Opening a new connection, currently in state init
[0m12:15:21.442382 [debug] [ThreadPool]: SQL status: SELECT 8 in 0.024 seconds
[0m12:15:21.444408 [debug] [ThreadPool]: On list_airbyte_db: Close
[0m12:15:21.447375 [debug] [ThreadPool]: Acquiring new postgres connection 'list_airbyte_db_staging_staging'
[0m12:15:21.456407 [debug] [ThreadPool]: Using postgres connection "list_airbyte_db_staging_staging"
[0m12:15:21.457409 [debug] [ThreadPool]: On list_airbyte_db_staging_staging: BEGIN
[0m12:15:21.457409 [debug] [ThreadPool]: Opening a new connection, currently in state init
[0m12:15:21.497888 [debug] [ThreadPool]: SQL status: BEGIN in 0.040 seconds
[0m12:15:21.498890 [debug] [ThreadPool]: Using postgres connection "list_airbyte_db_staging_staging"
[0m12:15:21.499892 [debug] [ThreadPool]: On list_airbyte_db_staging_staging: /* {"app": "dbt", "dbt_version": "1.10.20", "profile_name": "shopify_assessment", "target_name": "staging", "connection_name": "list_airbyte_db_staging_staging"} */
select
      'airbyte_db' as database,
      tablename as name,
      schemaname as schema,
      'table' as type
    from pg_tables
    where schemaname ilike 'staging_staging'
    union all
    select
      'airbyte_db' as database,
      viewname as name,
      schemaname as schema,
      'view' as type
    from pg_views
    where schemaname ilike 'staging_staging'
    union all
    select
      'airbyte_db' as database,
      matviewname as name,
      schemaname as schema,
      'materialized_view' as type
    from pg_matviews
    where schemaname ilike 'staging_staging'
  
[0m12:15:21.503921 [debug] [ThreadPool]: SQL status: SELECT 3 in 0.004 seconds
[0m12:15:21.505887 [debug] [ThreadPool]: On list_airbyte_db_staging_staging: ROLLBACK
[0m12:15:21.507726 [debug] [ThreadPool]: On list_airbyte_db_staging_staging: Close
[0m12:15:21.515771 [debug] [MainThread]: Using postgres connection "master"
[0m12:15:21.516737 [debug] [MainThread]: On master: BEGIN
[0m12:15:21.517741 [debug] [MainThread]: Opening a new connection, currently in state init
[0m12:15:21.535624 [debug] [MainThread]: SQL status: BEGIN in 0.018 seconds
[0m12:15:21.536621 [debug] [MainThread]: Using postgres connection "master"
[0m12:15:21.537620 [debug] [MainThread]: On master: /* {"app": "dbt", "dbt_version": "1.10.20", "profile_name": "shopify_assessment", "target_name": "staging", "connection_name": "master"} */
select distinct
        dependent_namespace.nspname as dependent_schema,
        dependent_class.relname as dependent_name,
        referenced_namespace.nspname as referenced_schema,
        referenced_class.relname as referenced_name

    -- Query for views: views are entries in pg_class with an entry in pg_rewrite, but we avoid
    -- a seq scan on pg_rewrite by leveraging the fact there is an "internal" row in pg_depend for
    -- the view...
    from pg_class as dependent_class
    join pg_namespace as dependent_namespace on dependent_namespace.oid = dependent_class.relnamespace
    join pg_depend as dependent_depend on dependent_depend.refobjid = dependent_class.oid
        and dependent_depend.classid = 'pg_rewrite'::regclass
        and dependent_depend.refclassid = 'pg_class'::regclass
        and dependent_depend.deptype = 'i'

    -- ... and via pg_depend (that has a row per column, hence the need for "distinct" above, and
    -- making sure to exclude the internal row to avoid a view appearing to depend on itself)...
    join pg_depend as joining_depend on joining_depend.objid = dependent_depend.objid
        and joining_depend.classid = 'pg_rewrite'::regclass
        and joining_depend.refclassid = 'pg_class'::regclass
        and joining_depend.refobjid != dependent_depend.refobjid

    -- ... we can find the tables they query from in pg_class, but excluding system tables. Note we
    -- don't need need to exclude _dependent_ system tables, because they only query from other
    -- system tables, and so are automatically excluded by excluding _referenced_ system tables
    join pg_class as referenced_class on referenced_class.oid = joining_depend.refobjid
    join pg_namespace as referenced_namespace on referenced_namespace.oid = referenced_class.relnamespace
        and referenced_namespace.nspname != 'information_schema'
        and referenced_namespace.nspname not like 'pg\_%'

    order by
        dependent_schema, dependent_name, referenced_schema, referenced_name;
[0m12:15:21.542660 [debug] [MainThread]: SQL status: SELECT 3 in 0.004 seconds
[0m12:15:21.544654 [debug] [MainThread]: Sending event: {'category': 'dbt', 'action': 'runnable_timing', 'label': '01b85bbc-d99c-48ca-94a4-c1e4284818a8', 'context': [<snowplow_tracker.self_describing_json.SelfDescribingJson object at 0x0000020BDEA2D340>]}
[0m12:15:21.545655 [debug] [MainThread]: On master: ROLLBACK
[0m12:15:21.546631 [debug] [MainThread]: Using postgres connection "master"
[0m12:15:21.547621 [debug] [MainThread]: On master: BEGIN
[0m12:15:21.549753 [debug] [MainThread]: SQL status: BEGIN in 0.002 seconds
[0m12:15:21.550767 [debug] [MainThread]: On master: COMMIT
[0m12:15:21.551768 [debug] [MainThread]: Using postgres connection "master"
[0m12:15:21.551768 [debug] [MainThread]: On master: COMMIT
[0m12:15:21.553763 [debug] [MainThread]: SQL status: COMMIT in 0.001 seconds
[0m12:15:21.553763 [debug] [MainThread]: On master: Close
[0m12:15:21.559765 [debug] [Thread-1  ]: Began running node model.shopify_assessment.stg_customers
[0m12:15:21.560768 [debug] [Thread-2  ]: Began running node model.shopify_assessment.stg_order_line_items
[0m12:15:21.560768 [debug] [Thread-3  ]: Began running node model.shopify_assessment.stg_orders
[0m12:15:21.561766 [debug] [Thread-4  ]: Began running node model.shopify_assessment.stg_products
[0m12:15:21.562766 [info ] [Thread-1  ]: 1 of 4 START sql view model staging_staging.stg_customers ...................... [RUN]
[0m12:15:21.563763 [info ] [Thread-2  ]: 2 of 4 START sql view model staging_staging.stg_order_line_items ............... [RUN]
[0m12:15:21.565765 [info ] [Thread-3  ]: 3 of 4 START sql view model staging_staging.stg_orders ......................... [RUN]
[0m12:15:21.566766 [info ] [Thread-4  ]: 4 of 4 START sql view model staging_staging.stg_products ....................... [RUN]
[0m12:15:21.567765 [debug] [Thread-1  ]: Acquiring new postgres connection 'model.shopify_assessment.stg_customers'
[0m12:15:21.568801 [debug] [Thread-2  ]: Acquiring new postgres connection 'model.shopify_assessment.stg_order_line_items'
[0m12:15:21.570022 [debug] [Thread-3  ]: Acquiring new postgres connection 'model.shopify_assessment.stg_orders'
[0m12:15:21.571069 [debug] [Thread-4  ]: Acquiring new postgres connection 'model.shopify_assessment.stg_products'
[0m12:15:21.571969 [debug] [Thread-1  ]: Began compiling node model.shopify_assessment.stg_customers
[0m12:15:21.572689 [debug] [Thread-2  ]: Began compiling node model.shopify_assessment.stg_order_line_items
[0m12:15:21.573375 [debug] [Thread-3  ]: Began compiling node model.shopify_assessment.stg_orders
[0m12:15:21.574386 [debug] [Thread-4  ]: Began compiling node model.shopify_assessment.stg_products
[0m12:15:21.585015 [debug] [Thread-1  ]: Writing injected SQL for node "model.shopify_assessment.stg_customers"
[0m12:15:21.589044 [debug] [Thread-2  ]: Writing injected SQL for node "model.shopify_assessment.stg_order_line_items"
[0m12:15:21.594011 [debug] [Thread-3  ]: Writing injected SQL for node "model.shopify_assessment.stg_orders"
[0m12:15:21.598044 [debug] [Thread-4  ]: Writing injected SQL for node "model.shopify_assessment.stg_products"
[0m12:15:21.600012 [debug] [Thread-1  ]: Began executing node model.shopify_assessment.stg_customers
[0m12:15:21.602013 [debug] [Thread-2  ]: Began executing node model.shopify_assessment.stg_order_line_items
[0m12:15:21.603011 [debug] [Thread-3  ]: Began executing node model.shopify_assessment.stg_orders
[0m12:15:21.624747 [debug] [Thread-4  ]: Began executing node model.shopify_assessment.stg_products
[0m12:15:21.647777 [debug] [Thread-1  ]: Writing runtime sql for node "model.shopify_assessment.stg_customers"
[0m12:15:21.653746 [debug] [Thread-2  ]: Writing runtime sql for node "model.shopify_assessment.stg_order_line_items"
[0m12:15:21.659776 [debug] [Thread-3  ]: Writing runtime sql for node "model.shopify_assessment.stg_orders"
[0m12:15:21.664741 [debug] [Thread-4  ]: Writing runtime sql for node "model.shopify_assessment.stg_products"
[0m12:15:21.666985 [debug] [Thread-1  ]: Using postgres connection "model.shopify_assessment.stg_customers"
[0m12:15:21.667985 [debug] [Thread-2  ]: Using postgres connection "model.shopify_assessment.stg_order_line_items"
[0m12:15:21.669982 [debug] [Thread-3  ]: Using postgres connection "model.shopify_assessment.stg_orders"
[0m12:15:21.671422 [debug] [Thread-1  ]: On model.shopify_assessment.stg_customers: BEGIN
[0m12:15:21.671986 [debug] [Thread-4  ]: Using postgres connection "model.shopify_assessment.stg_products"
[0m12:15:21.672941 [debug] [Thread-2  ]: On model.shopify_assessment.stg_order_line_items: BEGIN
[0m12:15:21.673960 [debug] [Thread-3  ]: On model.shopify_assessment.stg_orders: BEGIN
[0m12:15:21.673960 [debug] [Thread-1  ]: Opening a new connection, currently in state init
[0m12:15:21.674958 [debug] [Thread-4  ]: On model.shopify_assessment.stg_products: BEGIN
[0m12:15:21.675957 [debug] [Thread-2  ]: Opening a new connection, currently in state init
[0m12:15:21.675957 [debug] [Thread-3  ]: Opening a new connection, currently in state init
[0m12:15:21.676998 [debug] [Thread-4  ]: Opening a new connection, currently in state init
[0m12:15:21.710473 [debug] [Thread-1  ]: SQL status: BEGIN in 0.036 seconds
[0m12:15:21.711476 [debug] [Thread-1  ]: Using postgres connection "model.shopify_assessment.stg_customers"
[0m12:15:21.713474 [debug] [Thread-1  ]: On model.shopify_assessment.stg_customers: /* {"app": "dbt", "dbt_version": "1.10.20", "profile_name": "shopify_assessment", "target_name": "staging", "node_id": "model.shopify_assessment.stg_customers"} */

  create view "airbyte_db"."staging_staging"."stg_customers__dbt_tmp"
    
    
  as (
    select *
from "airbyte_db"."raw"."customers"
  );
[0m12:15:21.714476 [debug] [Thread-2  ]: SQL status: BEGIN in 0.039 seconds
[0m12:15:21.717475 [debug] [Thread-2  ]: Using postgres connection "model.shopify_assessment.stg_order_line_items"
[0m12:15:21.719475 [debug] [Thread-2  ]: On model.shopify_assessment.stg_order_line_items: /* {"app": "dbt", "dbt_version": "1.10.20", "profile_name": "shopify_assessment", "target_name": "staging", "node_id": "model.shopify_assessment.stg_order_line_items"} */

  create view "airbyte_db"."staging_staging"."stg_order_line_items__dbt_tmp"
    
    
  as (
    select *
from "airbyte_db"."raw"."orders"
  );
[0m12:15:21.715474 [debug] [Thread-4  ]: SQL status: BEGIN in 0.038 seconds
[0m12:15:21.721476 [debug] [Thread-4  ]: Using postgres connection "model.shopify_assessment.stg_products"
[0m12:15:21.723476 [debug] [Thread-4  ]: On model.shopify_assessment.stg_products: /* {"app": "dbt", "dbt_version": "1.10.20", "profile_name": "shopify_assessment", "target_name": "staging", "node_id": "model.shopify_assessment.stg_products"} */

  create view "airbyte_db"."staging_staging"."stg_products__dbt_tmp"
    
    
  as (
    select *
from "airbyte_db"."raw"."products"
  );
[0m12:15:21.731474 [debug] [Thread-3  ]: SQL status: BEGIN in 0.055 seconds
[0m12:15:21.732479 [debug] [Thread-3  ]: Using postgres connection "model.shopify_assessment.stg_orders"
[0m12:15:21.733474 [debug] [Thread-1  ]: SQL status: CREATE VIEW in 0.017 seconds
[0m12:15:21.735475 [debug] [Thread-3  ]: On model.shopify_assessment.stg_orders: /* {"app": "dbt", "dbt_version": "1.10.20", "profile_name": "shopify_assessment", "target_name": "staging", "node_id": "model.shopify_assessment.stg_orders"} */

  create view "airbyte_db"."staging_staging"."stg_orders__dbt_tmp"
    
    
  as (
    select *
from "airbyte_db"."raw"."orders"
  );
[0m12:15:21.748475 [debug] [Thread-4  ]: SQL status: CREATE VIEW in 0.024 seconds
[0m12:15:21.755475 [debug] [Thread-1  ]: Using postgres connection "model.shopify_assessment.stg_customers"
[0m12:15:21.756474 [debug] [Thread-2  ]: SQL status: CREATE VIEW in 0.036 seconds
[0m12:15:21.767516 [debug] [Thread-1  ]: On model.shopify_assessment.stg_customers: /* {"app": "dbt", "dbt_version": "1.10.20", "profile_name": "shopify_assessment", "target_name": "staging", "node_id": "model.shopify_assessment.stg_customers"} */
alter table "airbyte_db"."staging_staging"."stg_customers" rename to "stg_customers__dbt_backup"
[0m12:15:21.765515 [debug] [Thread-3  ]: SQL status: CREATE VIEW in 0.008 seconds
[0m12:15:21.765515 [debug] [Thread-4  ]: Using postgres connection "model.shopify_assessment.stg_products"
[0m12:15:21.775512 [debug] [Thread-2  ]: Using postgres connection "model.shopify_assessment.stg_order_line_items"
[0m12:15:21.785515 [debug] [Thread-3  ]: Using postgres connection "model.shopify_assessment.stg_orders"
[0m12:15:21.786514 [debug] [Thread-1  ]: SQL status: ALTER TABLE in 0.009 seconds
[0m12:15:21.789512 [debug] [Thread-2  ]: On model.shopify_assessment.stg_order_line_items: /* {"app": "dbt", "dbt_version": "1.10.20", "profile_name": "shopify_assessment", "target_name": "staging", "node_id": "model.shopify_assessment.stg_order_line_items"} */
alter table "airbyte_db"."staging_staging"."stg_order_line_items__dbt_tmp" rename to "stg_order_line_items"
[0m12:15:21.791514 [debug] [Thread-3  ]: On model.shopify_assessment.stg_orders: /* {"app": "dbt", "dbt_version": "1.10.20", "profile_name": "shopify_assessment", "target_name": "staging", "node_id": "model.shopify_assessment.stg_orders"} */
alter table "airbyte_db"."staging_staging"."stg_orders" rename to "stg_orders__dbt_backup"
[0m12:15:21.787516 [debug] [Thread-4  ]: On model.shopify_assessment.stg_products: /* {"app": "dbt", "dbt_version": "1.10.20", "profile_name": "shopify_assessment", "target_name": "staging", "node_id": "model.shopify_assessment.stg_products"} */
alter table "airbyte_db"."staging_staging"."stg_products" rename to "stg_products__dbt_backup"
[0m12:15:21.800343 [debug] [Thread-1  ]: Using postgres connection "model.shopify_assessment.stg_customers"
[0m12:15:21.804341 [debug] [Thread-2  ]: SQL status: ALTER TABLE in 0.002 seconds
[0m12:15:21.805342 [debug] [Thread-3  ]: SQL status: ALTER TABLE in 0.002 seconds
[0m12:15:21.806141 [debug] [Thread-4  ]: SQL status: ALTER TABLE in 0.003 seconds
[0m12:15:21.807149 [debug] [Thread-1  ]: On model.shopify_assessment.stg_customers: /* {"app": "dbt", "dbt_version": "1.10.20", "profile_name": "shopify_assessment", "target_name": "staging", "node_id": "model.shopify_assessment.stg_customers"} */
alter table "airbyte_db"."staging_staging"."stg_customers__dbt_tmp" rename to "stg_customers"
[0m12:15:21.847862 [debug] [Thread-2  ]: On model.shopify_assessment.stg_order_line_items: COMMIT
[0m12:15:21.859375 [debug] [Thread-3  ]: Using postgres connection "model.shopify_assessment.stg_orders"
[0m12:15:21.866828 [debug] [Thread-4  ]: Using postgres connection "model.shopify_assessment.stg_products"
[0m12:15:21.869829 [debug] [Thread-2  ]: Using postgres connection "model.shopify_assessment.stg_order_line_items"
[0m12:15:21.871102 [debug] [Thread-1  ]: SQL status: ALTER TABLE in 0.002 seconds
[0m12:15:21.871622 [debug] [Thread-3  ]: On model.shopify_assessment.stg_orders: /* {"app": "dbt", "dbt_version": "1.10.20", "profile_name": "shopify_assessment", "target_name": "staging", "node_id": "model.shopify_assessment.stg_orders"} */
alter table "airbyte_db"."staging_staging"."stg_orders__dbt_tmp" rename to "stg_orders"
[0m12:15:21.874131 [debug] [Thread-4  ]: On model.shopify_assessment.stg_products: /* {"app": "dbt", "dbt_version": "1.10.20", "profile_name": "shopify_assessment", "target_name": "staging", "node_id": "model.shopify_assessment.stg_products"} */
alter table "airbyte_db"."staging_staging"."stg_products__dbt_tmp" rename to "stg_products"
[0m12:15:21.876359 [debug] [Thread-2  ]: On model.shopify_assessment.stg_order_line_items: COMMIT
[0m12:15:21.889125 [debug] [Thread-1  ]: On model.shopify_assessment.stg_customers: COMMIT
[0m12:15:21.892492 [debug] [Thread-3  ]: SQL status: ALTER TABLE in 0.001 seconds
[0m12:15:21.894492 [debug] [Thread-1  ]: Using postgres connection "model.shopify_assessment.stg_customers"
[0m12:15:21.895492 [debug] [Thread-4  ]: SQL status: ALTER TABLE in 0.004 seconds
[0m12:15:21.901408 [debug] [Thread-3  ]: On model.shopify_assessment.stg_orders: COMMIT
[0m12:15:21.903332 [debug] [Thread-1  ]: On model.shopify_assessment.stg_customers: COMMIT
[0m12:15:21.908300 [debug] [Thread-4  ]: On model.shopify_assessment.stg_products: COMMIT
[0m12:15:21.910452 [debug] [Thread-3  ]: Using postgres connection "model.shopify_assessment.stg_orders"
[0m12:15:21.912655 [debug] [Thread-4  ]: Using postgres connection "model.shopify_assessment.stg_products"
[0m12:15:21.914655 [debug] [Thread-3  ]: On model.shopify_assessment.stg_orders: COMMIT
[0m12:15:21.916650 [debug] [Thread-4  ]: On model.shopify_assessment.stg_products: COMMIT
[0m12:15:21.923321 [debug] [Thread-2  ]: SQL status: COMMIT in 0.031 seconds
[0m12:15:21.935402 [debug] [Thread-1  ]: SQL status: COMMIT in 0.023 seconds
[0m12:15:21.937100 [debug] [Thread-4  ]: SQL status: COMMIT in 0.019 seconds
[0m12:15:21.938099 [debug] [Thread-3  ]: SQL status: COMMIT in 0.020 seconds
[0m12:15:21.945102 [debug] [Thread-2  ]: Applying DROP to: "airbyte_db"."staging_staging"."stg_order_line_items__dbt_backup"
[0m12:15:21.952625 [debug] [Thread-1  ]: Applying DROP to: "airbyte_db"."staging_staging"."stg_customers__dbt_backup"
[0m12:15:21.960618 [debug] [Thread-4  ]: Applying DROP to: "airbyte_db"."staging_staging"."stg_products__dbt_backup"
[0m12:15:21.969620 [debug] [Thread-3  ]: Applying DROP to: "airbyte_db"."staging_staging"."stg_orders__dbt_backup"
[0m12:15:21.982682 [debug] [Thread-2  ]: Using postgres connection "model.shopify_assessment.stg_order_line_items"
[0m12:15:21.984744 [debug] [Thread-1  ]: Using postgres connection "model.shopify_assessment.stg_customers"
[0m12:15:21.988735 [debug] [Thread-4  ]: Using postgres connection "model.shopify_assessment.stg_products"
[0m12:15:21.990733 [debug] [Thread-3  ]: Using postgres connection "model.shopify_assessment.stg_orders"
[0m12:15:21.992734 [debug] [Thread-2  ]: On model.shopify_assessment.stg_order_line_items: /* {"app": "dbt", "dbt_version": "1.10.20", "profile_name": "shopify_assessment", "target_name": "staging", "node_id": "model.shopify_assessment.stg_order_line_items"} */
drop view if exists "airbyte_db"."staging_staging"."stg_order_line_items__dbt_backup" cascade
[0m12:15:21.994735 [debug] [Thread-1  ]: On model.shopify_assessment.stg_customers: /* {"app": "dbt", "dbt_version": "1.10.20", "profile_name": "shopify_assessment", "target_name": "staging", "node_id": "model.shopify_assessment.stg_customers"} */
drop view if exists "airbyte_db"."staging_staging"."stg_customers__dbt_backup" cascade
[0m12:15:21.995739 [debug] [Thread-4  ]: On model.shopify_assessment.stg_products: /* {"app": "dbt", "dbt_version": "1.10.20", "profile_name": "shopify_assessment", "target_name": "staging", "node_id": "model.shopify_assessment.stg_products"} */
drop view if exists "airbyte_db"."staging_staging"."stg_products__dbt_backup" cascade
[0m12:15:21.997740 [debug] [Thread-3  ]: On model.shopify_assessment.stg_orders: /* {"app": "dbt", "dbt_version": "1.10.20", "profile_name": "shopify_assessment", "target_name": "staging", "node_id": "model.shopify_assessment.stg_orders"} */
drop view if exists "airbyte_db"."staging_staging"."stg_orders__dbt_backup" cascade
[0m12:15:22.006735 [debug] [Thread-2  ]: SQL status: DROP VIEW in 0.007 seconds
[0m12:15:22.012734 [debug] [Thread-2  ]: On model.shopify_assessment.stg_order_line_items: Close
[0m12:15:22.018738 [debug] [Thread-2  ]: Sending event: {'category': 'dbt', 'action': 'run_model', 'label': '01b85bbc-d99c-48ca-94a4-c1e4284818a8', 'context': [<snowplow_tracker.self_describing_json.SelfDescribingJson object at 0x0000020BDF14B280>]}
[0m12:15:22.021752 [debug] [Thread-3  ]: SQL status: DROP VIEW in 0.022 seconds
[0m12:15:22.020734 [info ] [Thread-2  ]: 2 of 4 OK created sql view model staging_staging.stg_order_line_items .......... [[32mCREATE VIEW[0m in 0.45s]
[0m12:15:22.025740 [debug] [Thread-3  ]: On model.shopify_assessment.stg_orders: Close
[0m12:15:22.027733 [debug] [Thread-2  ]: Finished running node model.shopify_assessment.stg_order_line_items
[0m12:15:22.029735 [debug] [Thread-3  ]: Sending event: {'category': 'dbt', 'action': 'run_model', 'label': '01b85bbc-d99c-48ca-94a4-c1e4284818a8', 'context': [<snowplow_tracker.self_describing_json.SelfDescribingJson object at 0x0000020BDFBA0F10>]}
[0m12:15:22.032735 [info ] [Thread-3  ]: 3 of 4 OK created sql view model staging_staging.stg_orders .................... [[32mCREATE VIEW[0m in 0.46s]
[0m12:15:22.035739 [debug] [Thread-3  ]: Finished running node model.shopify_assessment.stg_orders
[0m12:15:22.037739 [debug] [Thread-4  ]: SQL status: DROP VIEW in 0.038 seconds
[0m12:15:22.039738 [debug] [Thread-1  ]: SQL status: DROP VIEW in 0.040 seconds
[0m12:15:22.042738 [debug] [Thread-4  ]: On model.shopify_assessment.stg_products: Close
[0m12:15:22.048738 [debug] [Thread-1  ]: On model.shopify_assessment.stg_customers: Close
[0m12:15:22.056485 [debug] [Thread-4  ]: Sending event: {'category': 'dbt', 'action': 'run_model', 'label': '01b85bbc-d99c-48ca-94a4-c1e4284818a8', 'context': [<snowplow_tracker.self_describing_json.SelfDescribingJson object at 0x0000020BDC2F10D0>]}
[0m12:15:22.058117 [debug] [Thread-1  ]: Sending event: {'category': 'dbt', 'action': 'run_model', 'label': '01b85bbc-d99c-48ca-94a4-c1e4284818a8', 'context': [<snowplow_tracker.self_describing_json.SelfDescribingJson object at 0x0000020BDFB77F40>]}
[0m12:15:22.060265 [info ] [Thread-4  ]: 4 of 4 OK created sql view model staging_staging.stg_products .................. [[32mCREATE VIEW[0m in 0.48s]
[0m12:15:22.062004 [info ] [Thread-1  ]: 1 of 4 OK created sql view model staging_staging.stg_customers ................. [[32mCREATE VIEW[0m in 0.49s]
[0m12:15:22.064592 [debug] [Thread-4  ]: Finished running node model.shopify_assessment.stg_products
[0m12:15:22.067688 [debug] [Thread-1  ]: Finished running node model.shopify_assessment.stg_customers
[0m12:15:22.071101 [debug] [MainThread]: Using postgres connection "master"
[0m12:15:22.072731 [debug] [MainThread]: On master: BEGIN
[0m12:15:22.073837 [debug] [MainThread]: Opening a new connection, currently in state closed
[0m12:15:22.114544 [debug] [MainThread]: SQL status: BEGIN in 0.040 seconds
[0m12:15:22.115540 [debug] [MainThread]: On master: COMMIT
[0m12:15:22.116540 [debug] [MainThread]: Using postgres connection "master"
[0m12:15:22.118541 [debug] [MainThread]: On master: COMMIT
[0m12:15:22.120542 [debug] [MainThread]: SQL status: COMMIT in 0.001 seconds
[0m12:15:22.121538 [debug] [MainThread]: On master: Close
[0m12:15:22.122537 [debug] [MainThread]: Connection 'master' was properly closed.
[0m12:15:22.123539 [debug] [MainThread]: Connection 'list_airbyte_db' was properly closed.
[0m12:15:22.124538 [debug] [MainThread]: Connection 'list_airbyte_db_staging_staging' was properly closed.
[0m12:15:22.125539 [debug] [MainThread]: Connection 'model.shopify_assessment.stg_customers' was properly closed.
[0m12:15:22.126538 [debug] [MainThread]: Connection 'model.shopify_assessment.stg_order_line_items' was properly closed.
[0m12:15:22.127537 [debug] [MainThread]: Connection 'model.shopify_assessment.stg_orders' was properly closed.
[0m12:15:22.127537 [debug] [MainThread]: Connection 'model.shopify_assessment.stg_products' was properly closed.
[0m12:15:22.128537 [info ] [MainThread]: 
[0m12:15:22.129538 [info ] [MainThread]: Finished running 4 view models in 0 hours 0 minutes and 0.82 seconds (0.82s).
[0m12:15:22.131539 [debug] [MainThread]: Command end result
[0m12:15:22.164536 [debug] [MainThread]: Wrote artifact WritableManifest to C:\Users\Owner\data-engineering-assessment\dbt_shopify\target\manifest.json
[0m12:15:22.168542 [debug] [MainThread]: Wrote artifact SemanticManifest to C:\Users\Owner\data-engineering-assessment\dbt_shopify\target\semantic_manifest.json
[0m12:15:22.178327 [debug] [MainThread]: Wrote artifact RunExecutionResult to C:\Users\Owner\data-engineering-assessment\dbt_shopify\target\run_results.json
[0m12:15:22.179330 [info ] [MainThread]: 
[0m12:15:22.180337 [info ] [MainThread]: [32mCompleted successfully[0m
[0m12:15:22.181329 [info ] [MainThread]: 
[0m12:15:22.182351 [info ] [MainThread]: Done. PASS=4 WARN=0 ERROR=0 SKIP=0 NO-OP=0 TOTAL=4
[0m12:15:22.185345 [debug] [MainThread]: Command `dbt run` succeeded at 12:15:22.185345 after 2.60 seconds
[0m12:15:22.186335 [debug] [MainThread]: Sending event: {'category': 'dbt', 'action': 'invocation', 'label': 'end', 'context': [<snowplow_tracker.self_describing_json.SelfDescribingJson object at 0x0000020BDCCE04F0>, <snowplow_tracker.self_describing_json.SelfDescribingJson object at 0x0000020BDE755580>, <snowplow_tracker.self_describing_json.SelfDescribingJson object at 0x0000020BDE77C280>]}
[0m12:15:22.187328 [debug] [MainThread]: Flushing usage events
[0m12:15:22.589326 [debug] [MainThread]: An error was encountered while trying to flush usage events
[0m12:16:12.729944 [debug] [MainThread]: Sending event: {'category': 'dbt', 'action': 'invocation', 'label': 'start', 'context': [<snowplow_tracker.self_describing_json.SelfDescribingJson object at 0x000002205F6A04F0>, <snowplow_tracker.self_describing_json.SelfDescribingJson object at 0x0000022061044460>, <snowplow_tracker.self_describing_json.SelfDescribingJson object at 0x00000220610441F0>]}


============================== 12:16:12.733944 | b78d7899-6b42-4427-b2b9-2144c41c93f4 ==============================
[0m12:16:12.733944 [info ] [MainThread]: Running with dbt=1.10.20
[0m12:16:12.734908 [debug] [MainThread]: running dbt with arguments {'debug': 'False', 'fail_fast': 'False', 'log_cache_events': 'False', 'send_anonymous_usage_stats': 'True', 'cache_selected_only': 'False', 'warn_error_options': 'WarnErrorOptionsV2(error=[], warn=[], silence=[])', 'target_path': 'None', 'log_format': 'default', 'version_check': 'True', 'empty': 'False', 'printer_width': '80', 'quiet': 'False', 'log_path': 'C:\\Users\\Owner\\data-engineering-assessment\\dbt_shopify\\logs', 'introspect': 'True', 'warn_error': 'None', 'write_json': 'True', 'partial_parse': 'True', 'no_print': 'None', 'invocation_command': 'dbt run --target staging', 'static_parser': 'True', 'profiles_dir': 'C:\\Users\\Owner\\.dbt', 'use_experimental_parser': 'False', 'use_colors': 'True', 'indirect_selection': 'eager'}
[0m12:16:13.001391 [debug] [MainThread]: Sending event: {'category': 'dbt', 'action': 'project_id', 'label': 'b78d7899-6b42-4427-b2b9-2144c41c93f4', 'context': [<snowplow_tracker.self_describing_json.SelfDescribingJson object at 0x000002205FA8CFD0>]}
[0m12:16:13.120872 [debug] [MainThread]: Sending event: {'category': 'dbt', 'action': 'adapter_info', 'label': 'b78d7899-6b42-4427-b2b9-2144c41c93f4', 'context': [<snowplow_tracker.self_describing_json.SelfDescribingJson object at 0x0000022060FA8E80>]}
[0m12:16:13.122872 [info ] [MainThread]: Registered adapter: postgres=1.9.1
[0m12:16:13.567963 [debug] [MainThread]: checksum: a59e7b2b447fd8a57b2be28e7355e6b39fd61763d8c6e0ea8982126488badb66, vars: {}, profile: , target: staging, version: 1.10.20
[0m12:16:13.887718 [debug] [MainThread]: Partial parsing enabled: 0 files deleted, 1 files added, 0 files changed.
[0m12:16:13.888722 [debug] [MainThread]: Partial parsing: added file: shopify_assessment://models\staging\stg_product_variants.sql
[0m12:16:14.367684 [warn ] [MainThread]: [[33mWARNING[0m]: Configuration paths exist in your dbt_project.yml file which do not apply to any resources.
There are 2 unused configuration paths:
- models.shopify_assessment.intermediate
- models.shopify_assessment.marts
[0m12:16:14.391685 [debug] [MainThread]: Sending event: {'category': 'dbt', 'action': 'load_project', 'label': 'b78d7899-6b42-4427-b2b9-2144c41c93f4', 'context': [<snowplow_tracker.self_describing_json.SelfDescribingJson object at 0x000002206071AFD0>]}
[0m12:16:14.499098 [debug] [MainThread]: Wrote artifact WritableManifest to C:\Users\Owner\data-engineering-assessment\dbt_shopify\target\manifest.json
[0m12:16:14.502101 [debug] [MainThread]: Wrote artifact SemanticManifest to C:\Users\Owner\data-engineering-assessment\dbt_shopify\target\semantic_manifest.json
[0m12:16:14.526097 [debug] [MainThread]: Sending event: {'category': 'dbt', 'action': 'resource_counts', 'label': 'b78d7899-6b42-4427-b2b9-2144c41c93f4', 'context': [<snowplow_tracker.self_describing_json.SelfDescribingJson object at 0x0000022061141520>]}
[0m12:16:14.527102 [info ] [MainThread]: Found 5 models, 3 sources, 447 macros
[0m12:16:14.528100 [debug] [MainThread]: Sending event: {'category': 'dbt', 'action': 'runnable_timing', 'label': 'b78d7899-6b42-4427-b2b9-2144c41c93f4', 'context': [<snowplow_tracker.self_describing_json.SelfDescribingJson object at 0x0000022061E938E0>]}
[0m12:16:14.531130 [info ] [MainThread]: 
[0m12:16:14.532096 [info ] [MainThread]: Concurrency: 4 threads (target='staging')
[0m12:16:14.532723 [info ] [MainThread]: 
[0m12:16:14.533576 [debug] [MainThread]: Acquiring new postgres connection 'master'
[0m12:16:14.540619 [debug] [ThreadPool]: Acquiring new postgres connection 'list_airbyte_db'
[0m12:16:14.635534 [debug] [ThreadPool]: Using postgres connection "list_airbyte_db"
[0m12:16:14.635534 [debug] [ThreadPool]: On list_airbyte_db: /* {"app": "dbt", "dbt_version": "1.10.20", "profile_name": "shopify_assessment", "target_name": "staging", "connection_name": "list_airbyte_db"} */

    select distinct nspname from pg_namespace
  
[0m12:16:14.636536 [debug] [ThreadPool]: Opening a new connection, currently in state init
[0m12:16:14.665797 [debug] [ThreadPool]: SQL status: SELECT 8 in 0.030 seconds
[0m12:16:14.667791 [debug] [ThreadPool]: On list_airbyte_db: Close
[0m12:16:14.672791 [debug] [ThreadPool]: Acquiring new postgres connection 'list_airbyte_db_staging_staging'
[0m12:16:14.682375 [debug] [ThreadPool]: Using postgres connection "list_airbyte_db_staging_staging"
[0m12:16:14.683375 [debug] [ThreadPool]: On list_airbyte_db_staging_staging: BEGIN
[0m12:16:14.684376 [debug] [ThreadPool]: Opening a new connection, currently in state init
[0m12:16:14.726308 [debug] [ThreadPool]: SQL status: BEGIN in 0.043 seconds
[0m12:16:14.728310 [debug] [ThreadPool]: Using postgres connection "list_airbyte_db_staging_staging"
[0m12:16:14.729311 [debug] [ThreadPool]: On list_airbyte_db_staging_staging: /* {"app": "dbt", "dbt_version": "1.10.20", "profile_name": "shopify_assessment", "target_name": "staging", "connection_name": "list_airbyte_db_staging_staging"} */
select
      'airbyte_db' as database,
      tablename as name,
      schemaname as schema,
      'table' as type
    from pg_tables
    where schemaname ilike 'staging_staging'
    union all
    select
      'airbyte_db' as database,
      viewname as name,
      schemaname as schema,
      'view' as type
    from pg_views
    where schemaname ilike 'staging_staging'
    union all
    select
      'airbyte_db' as database,
      matviewname as name,
      schemaname as schema,
      'materialized_view' as type
    from pg_matviews
    where schemaname ilike 'staging_staging'
  
[0m12:16:14.735341 [debug] [ThreadPool]: SQL status: SELECT 4 in 0.006 seconds
[0m12:16:14.737342 [debug] [ThreadPool]: On list_airbyte_db_staging_staging: ROLLBACK
[0m12:16:14.740308 [debug] [ThreadPool]: On list_airbyte_db_staging_staging: Close
[0m12:16:14.751308 [debug] [MainThread]: Using postgres connection "master"
[0m12:16:14.753310 [debug] [MainThread]: On master: BEGIN
[0m12:16:14.753310 [debug] [MainThread]: Opening a new connection, currently in state init
[0m12:16:14.780312 [debug] [MainThread]: SQL status: BEGIN in 0.027 seconds
[0m12:16:14.781309 [debug] [MainThread]: Using postgres connection "master"
[0m12:16:14.782308 [debug] [MainThread]: On master: /* {"app": "dbt", "dbt_version": "1.10.20", "profile_name": "shopify_assessment", "target_name": "staging", "connection_name": "master"} */
select distinct
        dependent_namespace.nspname as dependent_schema,
        dependent_class.relname as dependent_name,
        referenced_namespace.nspname as referenced_schema,
        referenced_class.relname as referenced_name

    -- Query for views: views are entries in pg_class with an entry in pg_rewrite, but we avoid
    -- a seq scan on pg_rewrite by leveraging the fact there is an "internal" row in pg_depend for
    -- the view...
    from pg_class as dependent_class
    join pg_namespace as dependent_namespace on dependent_namespace.oid = dependent_class.relnamespace
    join pg_depend as dependent_depend on dependent_depend.refobjid = dependent_class.oid
        and dependent_depend.classid = 'pg_rewrite'::regclass
        and dependent_depend.refclassid = 'pg_class'::regclass
        and dependent_depend.deptype = 'i'

    -- ... and via pg_depend (that has a row per column, hence the need for "distinct" above, and
    -- making sure to exclude the internal row to avoid a view appearing to depend on itself)...
    join pg_depend as joining_depend on joining_depend.objid = dependent_depend.objid
        and joining_depend.classid = 'pg_rewrite'::regclass
        and joining_depend.refclassid = 'pg_class'::regclass
        and joining_depend.refobjid != dependent_depend.refobjid

    -- ... we can find the tables they query from in pg_class, but excluding system tables. Note we
    -- don't need need to exclude _dependent_ system tables, because they only query from other
    -- system tables, and so are automatically excluded by excluding _referenced_ system tables
    join pg_class as referenced_class on referenced_class.oid = joining_depend.refobjid
    join pg_namespace as referenced_namespace on referenced_namespace.oid = referenced_class.relnamespace
        and referenced_namespace.nspname != 'information_schema'
        and referenced_namespace.nspname not like 'pg\_%'

    order by
        dependent_schema, dependent_name, referenced_schema, referenced_name;
[0m12:16:14.791307 [debug] [MainThread]: SQL status: SELECT 4 in 0.008 seconds
[0m12:16:14.795314 [debug] [MainThread]: Sending event: {'category': 'dbt', 'action': 'runnable_timing', 'label': 'b78d7899-6b42-4427-b2b9-2144c41c93f4', 'context': [<snowplow_tracker.self_describing_json.SelfDescribingJson object at 0x0000022060FB8670>]}
[0m12:16:14.796309 [debug] [MainThread]: On master: ROLLBACK
[0m12:16:14.797307 [debug] [MainThread]: Using postgres connection "master"
[0m12:16:14.798309 [debug] [MainThread]: On master: BEGIN
[0m12:16:14.800312 [debug] [MainThread]: SQL status: BEGIN in 0.001 seconds
[0m12:16:14.801309 [debug] [MainThread]: On master: COMMIT
[0m12:16:14.802309 [debug] [MainThread]: Using postgres connection "master"
[0m12:16:14.802309 [debug] [MainThread]: On master: COMMIT
[0m12:16:14.805309 [debug] [MainThread]: SQL status: COMMIT in 0.001 seconds
[0m12:16:14.806331 [debug] [MainThread]: On master: Close
[0m12:16:14.817307 [debug] [Thread-1  ]: Began running node model.shopify_assessment.stg_customers
[0m12:16:14.817307 [debug] [Thread-2  ]: Began running node model.shopify_assessment.stg_order_line_items
[0m12:16:14.818309 [debug] [Thread-3  ]: Began running node model.shopify_assessment.stg_orders
[0m12:16:14.820310 [debug] [Thread-4  ]: Began running node model.shopify_assessment.stg_product_variants
[0m12:16:14.821306 [info ] [Thread-1  ]: 1 of 5 START sql view model staging_staging.stg_customers ...................... [RUN]
[0m12:16:14.828336 [info ] [Thread-2  ]: 2 of 5 START sql view model staging_staging.stg_order_line_items ............... [RUN]
[0m12:16:14.835309 [debug] [Thread-1  ]: Acquiring new postgres connection 'model.shopify_assessment.stg_customers'
[0m12:16:14.831308 [info ] [Thread-3  ]: 3 of 5 START sql view model staging_staging.stg_orders ......................... [RUN]
[0m12:16:14.838042 [debug] [Thread-2  ]: Acquiring new postgres connection 'model.shopify_assessment.stg_order_line_items'
[0m12:16:14.834308 [info ] [Thread-4  ]: 4 of 5 START sql view model staging_staging.stg_product_variants ............... [RUN]
[0m12:16:14.844044 [debug] [Thread-1  ]: Began compiling node model.shopify_assessment.stg_customers
[0m12:16:14.847040 [debug] [Thread-3  ]: Acquiring new postgres connection 'model.shopify_assessment.stg_orders'
[0m12:16:14.848045 [debug] [Thread-2  ]: Began compiling node model.shopify_assessment.stg_order_line_items
[0m12:16:14.851040 [debug] [Thread-4  ]: Acquiring new postgres connection 'model.shopify_assessment.stg_product_variants'
[0m12:16:14.868038 [debug] [Thread-1  ]: Writing injected SQL for node "model.shopify_assessment.stg_customers"
[0m12:16:14.868038 [debug] [Thread-3  ]: Began compiling node model.shopify_assessment.stg_orders
[0m12:16:14.873047 [debug] [Thread-2  ]: Writing injected SQL for node "model.shopify_assessment.stg_order_line_items"
[0m12:16:14.874041 [debug] [Thread-4  ]: Began compiling node model.shopify_assessment.stg_product_variants
[0m12:16:14.881461 [debug] [Thread-3  ]: Writing injected SQL for node "model.shopify_assessment.stg_orders"
[0m12:16:14.882471 [debug] [Thread-1  ]: Began executing node model.shopify_assessment.stg_customers
[0m12:16:14.886469 [debug] [Thread-4  ]: Writing injected SQL for node "model.shopify_assessment.stg_product_variants"
[0m12:16:14.887470 [debug] [Thread-2  ]: Began executing node model.shopify_assessment.stg_order_line_items
[0m12:16:14.912474 [debug] [Thread-3  ]: Began executing node model.shopify_assessment.stg_orders
[0m12:16:14.939483 [debug] [Thread-1  ]: Writing runtime sql for node "model.shopify_assessment.stg_customers"
[0m12:16:14.944470 [debug] [Thread-2  ]: Writing runtime sql for node "model.shopify_assessment.stg_order_line_items"
[0m12:16:14.945470 [debug] [Thread-4  ]: Began executing node model.shopify_assessment.stg_product_variants
[0m12:16:14.952468 [debug] [Thread-3  ]: Writing runtime sql for node "model.shopify_assessment.stg_orders"
[0m12:16:14.954471 [debug] [Thread-1  ]: Using postgres connection "model.shopify_assessment.stg_customers"
[0m12:16:14.962473 [debug] [Thread-4  ]: Writing runtime sql for node "model.shopify_assessment.stg_product_variants"
[0m12:16:14.965473 [debug] [Thread-2  ]: Using postgres connection "model.shopify_assessment.stg_order_line_items"
[0m12:16:14.966472 [debug] [Thread-1  ]: On model.shopify_assessment.stg_customers: BEGIN
[0m12:16:14.967470 [debug] [Thread-3  ]: Using postgres connection "model.shopify_assessment.stg_orders"
[0m12:16:14.968470 [debug] [Thread-2  ]: On model.shopify_assessment.stg_order_line_items: BEGIN
[0m12:16:14.969472 [debug] [Thread-4  ]: Using postgres connection "model.shopify_assessment.stg_product_variants"
[0m12:16:14.969472 [debug] [Thread-1  ]: Opening a new connection, currently in state init
[0m12:16:14.970471 [debug] [Thread-3  ]: On model.shopify_assessment.stg_orders: BEGIN
[0m12:16:14.971469 [debug] [Thread-2  ]: Opening a new connection, currently in state init
[0m12:16:14.972473 [debug] [Thread-4  ]: On model.shopify_assessment.stg_product_variants: BEGIN
[0m12:16:14.974470 [debug] [Thread-3  ]: Opening a new connection, currently in state init
[0m12:16:14.976471 [debug] [Thread-4  ]: Opening a new connection, currently in state init
[0m12:16:15.007474 [debug] [Thread-1  ]: SQL status: BEGIN in 0.038 seconds
[0m12:16:15.008473 [debug] [Thread-1  ]: Using postgres connection "model.shopify_assessment.stg_customers"
[0m12:16:15.010471 [debug] [Thread-1  ]: On model.shopify_assessment.stg_customers: /* {"app": "dbt", "dbt_version": "1.10.20", "profile_name": "shopify_assessment", "target_name": "staging", "node_id": "model.shopify_assessment.stg_customers"} */

  create view "airbyte_db"."staging_staging"."stg_customers__dbt_tmp"
    
    
  as (
    select *
from "airbyte_db"."raw"."customers"
  );
[0m12:16:15.014469 [debug] [Thread-2  ]: SQL status: BEGIN in 0.043 seconds
[0m12:16:15.016475 [debug] [Thread-2  ]: Using postgres connection "model.shopify_assessment.stg_order_line_items"
[0m12:16:15.017471 [debug] [Thread-2  ]: On model.shopify_assessment.stg_order_line_items: /* {"app": "dbt", "dbt_version": "1.10.20", "profile_name": "shopify_assessment", "target_name": "staging", "node_id": "model.shopify_assessment.stg_order_line_items"} */

  create view "airbyte_db"."staging_staging"."stg_order_line_items__dbt_tmp"
    
    
  as (
    select *
from "airbyte_db"."raw"."orders"
  );
[0m12:16:15.019471 [debug] [Thread-1  ]: SQL status: CREATE VIEW in 0.008 seconds
[0m12:16:15.037915 [debug] [Thread-2  ]: SQL status: CREATE VIEW in 0.018 seconds
[0m12:16:15.040436 [debug] [Thread-3  ]: SQL status: BEGIN in 0.065 seconds
[0m12:16:15.041433 [debug] [Thread-1  ]: Using postgres connection "model.shopify_assessment.stg_customers"
[0m12:16:15.048429 [debug] [Thread-2  ]: Using postgres connection "model.shopify_assessment.stg_order_line_items"
[0m12:16:15.048429 [debug] [Thread-4  ]: SQL status: BEGIN in 0.073 seconds
[0m12:16:15.049431 [debug] [Thread-3  ]: Using postgres connection "model.shopify_assessment.stg_orders"
[0m12:16:15.050431 [debug] [Thread-1  ]: On model.shopify_assessment.stg_customers: /* {"app": "dbt", "dbt_version": "1.10.20", "profile_name": "shopify_assessment", "target_name": "staging", "node_id": "model.shopify_assessment.stg_customers"} */
alter table "airbyte_db"."staging_staging"."stg_customers" rename to "stg_customers__dbt_backup"
[0m12:16:15.050431 [debug] [Thread-2  ]: On model.shopify_assessment.stg_order_line_items: /* {"app": "dbt", "dbt_version": "1.10.20", "profile_name": "shopify_assessment", "target_name": "staging", "node_id": "model.shopify_assessment.stg_order_line_items"} */
alter table "airbyte_db"."staging_staging"."stg_order_line_items" rename to "stg_order_line_items__dbt_backup"
[0m12:16:15.051432 [debug] [Thread-4  ]: Using postgres connection "model.shopify_assessment.stg_product_variants"
[0m12:16:15.052432 [debug] [Thread-3  ]: On model.shopify_assessment.stg_orders: /* {"app": "dbt", "dbt_version": "1.10.20", "profile_name": "shopify_assessment", "target_name": "staging", "node_id": "model.shopify_assessment.stg_orders"} */

  create view "airbyte_db"."staging_staging"."stg_orders__dbt_tmp"
    
    
  as (
    select *
from "airbyte_db"."raw"."orders"
  );
[0m12:16:15.054438 [debug] [Thread-4  ]: On model.shopify_assessment.stg_product_variants: /* {"app": "dbt", "dbt_version": "1.10.20", "profile_name": "shopify_assessment", "target_name": "staging", "node_id": "model.shopify_assessment.stg_product_variants"} */

  create view "airbyte_db"."staging_staging"."stg_product_variants__dbt_tmp"
    
    
  as (
    select *
from "airbyte_db"."raw"."products"
  );
[0m12:16:15.056453 [debug] [Thread-1  ]: SQL status: ALTER TABLE in 0.003 seconds
[0m12:16:15.057437 [debug] [Thread-2  ]: SQL status: ALTER TABLE in 0.003 seconds
[0m12:16:15.066433 [debug] [Thread-1  ]: Using postgres connection "model.shopify_assessment.stg_customers"
[0m12:16:15.067435 [debug] [Thread-4  ]: SQL status: CREATE VIEW in 0.009 seconds
[0m12:16:15.067435 [debug] [Thread-3  ]: SQL status: CREATE VIEW in 0.010 seconds
[0m12:16:15.072434 [debug] [Thread-2  ]: Using postgres connection "model.shopify_assessment.stg_order_line_items"
[0m12:16:15.073458 [debug] [Thread-1  ]: On model.shopify_assessment.stg_customers: /* {"app": "dbt", "dbt_version": "1.10.20", "profile_name": "shopify_assessment", "target_name": "staging", "node_id": "model.shopify_assessment.stg_customers"} */
alter table "airbyte_db"."staging_staging"."stg_customers__dbt_tmp" rename to "stg_customers"
[0m12:16:15.079430 [debug] [Thread-4  ]: Using postgres connection "model.shopify_assessment.stg_product_variants"
[0m12:16:15.086055 [debug] [Thread-3  ]: Using postgres connection "model.shopify_assessment.stg_orders"
[0m12:16:15.087052 [debug] [Thread-2  ]: On model.shopify_assessment.stg_order_line_items: /* {"app": "dbt", "dbt_version": "1.10.20", "profile_name": "shopify_assessment", "target_name": "staging", "node_id": "model.shopify_assessment.stg_order_line_items"} */
alter table "airbyte_db"."staging_staging"."stg_order_line_items__dbt_tmp" rename to "stg_order_line_items"
[0m12:16:15.090068 [debug] [Thread-4  ]: On model.shopify_assessment.stg_product_variants: /* {"app": "dbt", "dbt_version": "1.10.20", "profile_name": "shopify_assessment", "target_name": "staging", "node_id": "model.shopify_assessment.stg_product_variants"} */
alter table "airbyte_db"."staging_staging"."stg_product_variants__dbt_tmp" rename to "stg_product_variants"
[0m12:16:15.091052 [debug] [Thread-1  ]: SQL status: ALTER TABLE in 0.002 seconds
[0m12:16:15.092053 [debug] [Thread-3  ]: On model.shopify_assessment.stg_orders: /* {"app": "dbt", "dbt_version": "1.10.20", "profile_name": "shopify_assessment", "target_name": "staging", "node_id": "model.shopify_assessment.stg_orders"} */
alter table "airbyte_db"."staging_staging"."stg_orders" rename to "stg_orders__dbt_backup"
[0m12:16:15.097053 [debug] [Thread-2  ]: SQL status: ALTER TABLE in 0.002 seconds
[0m12:16:15.115050 [debug] [Thread-4  ]: SQL status: ALTER TABLE in 0.019 seconds
[0m12:16:15.127065 [debug] [Thread-1  ]: On model.shopify_assessment.stg_customers: COMMIT
[0m12:16:15.130051 [debug] [Thread-2  ]: On model.shopify_assessment.stg_order_line_items: COMMIT
[0m12:16:15.131050 [debug] [Thread-3  ]: SQL status: ALTER TABLE in 0.003 seconds
[0m12:16:15.133053 [debug] [Thread-4  ]: On model.shopify_assessment.stg_product_variants: COMMIT
[0m12:16:15.134052 [debug] [Thread-1  ]: Using postgres connection "model.shopify_assessment.stg_customers"
[0m12:16:15.135051 [debug] [Thread-2  ]: Using postgres connection "model.shopify_assessment.stg_order_line_items"
[0m12:16:15.140064 [debug] [Thread-3  ]: Using postgres connection "model.shopify_assessment.stg_orders"
[0m12:16:15.141055 [debug] [Thread-4  ]: Using postgres connection "model.shopify_assessment.stg_product_variants"
[0m12:16:15.143066 [debug] [Thread-1  ]: On model.shopify_assessment.stg_customers: COMMIT
[0m12:16:15.144058 [debug] [Thread-2  ]: On model.shopify_assessment.stg_order_line_items: COMMIT
[0m12:16:15.145052 [debug] [Thread-3  ]: On model.shopify_assessment.stg_orders: /* {"app": "dbt", "dbt_version": "1.10.20", "profile_name": "shopify_assessment", "target_name": "staging", "node_id": "model.shopify_assessment.stg_orders"} */
alter table "airbyte_db"."staging_staging"."stg_orders__dbt_tmp" rename to "stg_orders"
[0m12:16:15.146052 [debug] [Thread-4  ]: On model.shopify_assessment.stg_product_variants: COMMIT
[0m12:16:15.149054 [debug] [Thread-3  ]: SQL status: ALTER TABLE in 0.001 seconds
[0m12:16:15.152049 [debug] [Thread-3  ]: On model.shopify_assessment.stg_orders: COMMIT
[0m12:16:15.153050 [debug] [Thread-3  ]: Using postgres connection "model.shopify_assessment.stg_orders"
[0m12:16:15.154051 [debug] [Thread-3  ]: On model.shopify_assessment.stg_orders: COMMIT
[0m12:16:15.154051 [debug] [Thread-1  ]: SQL status: COMMIT in 0.007 seconds
[0m12:16:15.168052 [debug] [Thread-1  ]: Applying DROP to: "airbyte_db"."staging_staging"."stg_customers__dbt_backup"
[0m12:16:15.168052 [debug] [Thread-2  ]: SQL status: COMMIT in 0.021 seconds
[0m12:16:15.169051 [debug] [Thread-3  ]: SQL status: COMMIT in 0.013 seconds
[0m12:16:15.169051 [debug] [Thread-4  ]: SQL status: COMMIT in 0.021 seconds
[0m12:16:15.178052 [debug] [Thread-1  ]: Using postgres connection "model.shopify_assessment.stg_customers"
[0m12:16:15.182050 [debug] [Thread-2  ]: Applying DROP to: "airbyte_db"."staging_staging"."stg_order_line_items__dbt_backup"
[0m12:16:15.185049 [debug] [Thread-3  ]: Applying DROP to: "airbyte_db"."staging_staging"."stg_orders__dbt_backup"
[0m12:16:15.190056 [debug] [Thread-4  ]: Applying DROP to: "airbyte_db"."staging_staging"."stg_product_variants__dbt_backup"
[0m12:16:15.191051 [debug] [Thread-1  ]: On model.shopify_assessment.stg_customers: /* {"app": "dbt", "dbt_version": "1.10.20", "profile_name": "shopify_assessment", "target_name": "staging", "node_id": "model.shopify_assessment.stg_customers"} */
drop view if exists "airbyte_db"."staging_staging"."stg_customers__dbt_backup" cascade
[0m12:16:15.195055 [debug] [Thread-2  ]: Using postgres connection "model.shopify_assessment.stg_order_line_items"
[0m12:16:15.197055 [debug] [Thread-3  ]: Using postgres connection "model.shopify_assessment.stg_orders"
[0m12:16:15.199053 [debug] [Thread-4  ]: Using postgres connection "model.shopify_assessment.stg_product_variants"
[0m12:16:15.200053 [debug] [Thread-2  ]: On model.shopify_assessment.stg_order_line_items: /* {"app": "dbt", "dbt_version": "1.10.20", "profile_name": "shopify_assessment", "target_name": "staging", "node_id": "model.shopify_assessment.stg_order_line_items"} */
drop view if exists "airbyte_db"."staging_staging"."stg_order_line_items__dbt_backup" cascade
[0m12:16:15.201054 [debug] [Thread-3  ]: On model.shopify_assessment.stg_orders: /* {"app": "dbt", "dbt_version": "1.10.20", "profile_name": "shopify_assessment", "target_name": "staging", "node_id": "model.shopify_assessment.stg_orders"} */
drop view if exists "airbyte_db"."staging_staging"."stg_orders__dbt_backup" cascade
[0m12:16:15.202052 [debug] [Thread-4  ]: On model.shopify_assessment.stg_product_variants: /* {"app": "dbt", "dbt_version": "1.10.20", "profile_name": "shopify_assessment", "target_name": "staging", "node_id": "model.shopify_assessment.stg_product_variants"} */
drop view if exists "airbyte_db"."staging_staging"."stg_product_variants__dbt_backup" cascade
[0m12:16:15.204054 [debug] [Thread-4  ]: SQL status: DROP VIEW in 0.001 seconds
[0m12:16:15.212056 [debug] [Thread-4  ]: On model.shopify_assessment.stg_product_variants: Close
[0m12:16:15.217051 [debug] [Thread-1  ]: SQL status: DROP VIEW in 0.017 seconds
[0m12:16:15.219054 [debug] [Thread-3  ]: SQL status: DROP VIEW in 0.015 seconds
[0m12:16:15.219054 [debug] [Thread-2  ]: SQL status: DROP VIEW in 0.017 seconds
[0m12:16:15.221049 [debug] [Thread-1  ]: On model.shopify_assessment.stg_customers: Close
[0m12:16:15.223071 [debug] [Thread-4  ]: Sending event: {'category': 'dbt', 'action': 'run_model', 'label': 'b78d7899-6b42-4427-b2b9-2144c41c93f4', 'context': [<snowplow_tracker.self_describing_json.SelfDescribingJson object at 0x000002205DB46F40>]}
[0m12:16:15.227075 [debug] [Thread-3  ]: On model.shopify_assessment.stg_orders: Close
[0m12:16:15.230051 [debug] [Thread-2  ]: On model.shopify_assessment.stg_order_line_items: Close
[0m12:16:15.231051 [debug] [Thread-1  ]: Sending event: {'category': 'dbt', 'action': 'run_model', 'label': 'b78d7899-6b42-4427-b2b9-2144c41c93f4', 'context': [<snowplow_tracker.self_describing_json.SelfDescribingJson object at 0x000002206248B2B0>]}
[0m12:16:15.233052 [info ] [Thread-4  ]: 4 of 5 OK created sql view model staging_staging.stg_product_variants .......... [[32mCREATE VIEW[0m in 0.36s]
[0m12:16:15.237060 [debug] [Thread-3  ]: Sending event: {'category': 'dbt', 'action': 'run_model', 'label': 'b78d7899-6b42-4427-b2b9-2144c41c93f4', 'context': [<snowplow_tracker.self_describing_json.SelfDescribingJson object at 0x00000220625A57F0>]}
[0m12:16:15.240785 [debug] [Thread-2  ]: Sending event: {'category': 'dbt', 'action': 'run_model', 'label': 'b78d7899-6b42-4427-b2b9-2144c41c93f4', 'context': [<snowplow_tracker.self_describing_json.SelfDescribingJson object at 0x00000220625876D0>]}
[0m12:16:15.242304 [info ] [Thread-1  ]: 1 of 5 OK created sql view model staging_staging.stg_customers ................. [[32mCREATE VIEW[0m in 0.40s]
[0m12:16:15.245304 [debug] [Thread-4  ]: Finished running node model.shopify_assessment.stg_product_variants
[0m12:16:15.247306 [info ] [Thread-3  ]: 3 of 5 OK created sql view model staging_staging.stg_orders .................... [[32mCREATE VIEW[0m in 0.39s]
[0m12:16:15.248302 [info ] [Thread-2  ]: 2 of 5 OK created sql view model staging_staging.stg_order_line_items .......... [[32mCREATE VIEW[0m in 0.40s]
[0m12:16:15.250301 [debug] [Thread-1  ]: Finished running node model.shopify_assessment.stg_customers
[0m12:16:15.251301 [debug] [Thread-4  ]: Began running node model.shopify_assessment.stg_products
[0m12:16:15.252301 [debug] [Thread-3  ]: Finished running node model.shopify_assessment.stg_orders
[0m12:16:15.252301 [debug] [Thread-2  ]: Finished running node model.shopify_assessment.stg_order_line_items
[0m12:16:15.254301 [info ] [Thread-4  ]: 5 of 5 START sql view model staging_staging.stg_products ....................... [RUN]
[0m12:16:15.258305 [debug] [Thread-4  ]: Re-using an available connection from the pool (formerly model.shopify_assessment.stg_product_variants, now model.shopify_assessment.stg_products)
[0m12:16:15.259302 [debug] [Thread-4  ]: Began compiling node model.shopify_assessment.stg_products
[0m12:16:15.265300 [debug] [Thread-4  ]: Writing injected SQL for node "model.shopify_assessment.stg_products"
[0m12:16:15.267302 [debug] [Thread-4  ]: Began executing node model.shopify_assessment.stg_products
[0m12:16:15.275303 [debug] [Thread-4  ]: Writing runtime sql for node "model.shopify_assessment.stg_products"
[0m12:16:15.279565 [debug] [Thread-4  ]: Using postgres connection "model.shopify_assessment.stg_products"
[0m12:16:15.281267 [debug] [Thread-4  ]: On model.shopify_assessment.stg_products: BEGIN
[0m12:16:15.282317 [debug] [Thread-4  ]: Opening a new connection, currently in state closed
[0m12:16:15.303029 [debug] [Thread-4  ]: SQL status: BEGIN in 0.021 seconds
[0m12:16:15.304031 [debug] [Thread-4  ]: Using postgres connection "model.shopify_assessment.stg_products"
[0m12:16:15.306033 [debug] [Thread-4  ]: On model.shopify_assessment.stg_products: /* {"app": "dbt", "dbt_version": "1.10.20", "profile_name": "shopify_assessment", "target_name": "staging", "node_id": "model.shopify_assessment.stg_products"} */

  create view "airbyte_db"."staging_staging"."stg_products__dbt_tmp"
    
    
  as (
    select *
from "airbyte_db"."raw"."products"
  );
[0m12:16:15.311028 [debug] [Thread-4  ]: SQL status: CREATE VIEW in 0.003 seconds
[0m12:16:15.315027 [debug] [Thread-4  ]: Using postgres connection "model.shopify_assessment.stg_products"
[0m12:16:15.316028 [debug] [Thread-4  ]: On model.shopify_assessment.stg_products: /* {"app": "dbt", "dbt_version": "1.10.20", "profile_name": "shopify_assessment", "target_name": "staging", "node_id": "model.shopify_assessment.stg_products"} */
alter table "airbyte_db"."staging_staging"."stg_products" rename to "stg_products__dbt_backup"
[0m12:16:15.318028 [debug] [Thread-4  ]: SQL status: ALTER TABLE in 0.001 seconds
[0m12:16:15.324032 [debug] [Thread-4  ]: Using postgres connection "model.shopify_assessment.stg_products"
[0m12:16:15.325033 [debug] [Thread-4  ]: On model.shopify_assessment.stg_products: /* {"app": "dbt", "dbt_version": "1.10.20", "profile_name": "shopify_assessment", "target_name": "staging", "node_id": "model.shopify_assessment.stg_products"} */
alter table "airbyte_db"."staging_staging"."stg_products__dbt_tmp" rename to "stg_products"
[0m12:16:15.328028 [debug] [Thread-4  ]: SQL status: ALTER TABLE in 0.002 seconds
[0m12:16:15.330031 [debug] [Thread-4  ]: On model.shopify_assessment.stg_products: COMMIT
[0m12:16:15.331029 [debug] [Thread-4  ]: Using postgres connection "model.shopify_assessment.stg_products"
[0m12:16:15.332030 [debug] [Thread-4  ]: On model.shopify_assessment.stg_products: COMMIT
[0m12:16:15.337027 [debug] [Thread-4  ]: SQL status: COMMIT in 0.005 seconds
[0m12:16:15.343064 [debug] [Thread-4  ]: Applying DROP to: "airbyte_db"."staging_staging"."stg_products__dbt_backup"
[0m12:16:15.344034 [debug] [Thread-4  ]: Using postgres connection "model.shopify_assessment.stg_products"
[0m12:16:15.345031 [debug] [Thread-4  ]: On model.shopify_assessment.stg_products: /* {"app": "dbt", "dbt_version": "1.10.20", "profile_name": "shopify_assessment", "target_name": "staging", "node_id": "model.shopify_assessment.stg_products"} */
drop view if exists "airbyte_db"."staging_staging"."stg_products__dbt_backup" cascade
[0m12:16:15.351028 [debug] [Thread-4  ]: SQL status: DROP VIEW in 0.005 seconds
[0m12:16:15.355028 [debug] [Thread-4  ]: On model.shopify_assessment.stg_products: Close
[0m12:16:15.359028 [debug] [Thread-4  ]: Sending event: {'category': 'dbt', 'action': 'run_model', 'label': 'b78d7899-6b42-4427-b2b9-2144c41c93f4', 'context': [<snowplow_tracker.self_describing_json.SelfDescribingJson object at 0x000002206248B2B0>]}
[0m12:16:15.361031 [info ] [Thread-4  ]: 5 of 5 OK created sql view model staging_staging.stg_products .................. [[32mCREATE VIEW[0m in 0.10s]
[0m12:16:15.365040 [debug] [Thread-4  ]: Finished running node model.shopify_assessment.stg_products
[0m12:16:15.368029 [debug] [MainThread]: Using postgres connection "master"
[0m12:16:15.369030 [debug] [MainThread]: On master: BEGIN
[0m12:16:15.369030 [debug] [MainThread]: Opening a new connection, currently in state closed
[0m12:16:15.390048 [debug] [MainThread]: SQL status: BEGIN in 0.021 seconds
[0m12:16:15.391027 [debug] [MainThread]: On master: COMMIT
[0m12:16:15.391027 [debug] [MainThread]: Using postgres connection "master"
[0m12:16:15.392026 [debug] [MainThread]: On master: COMMIT
[0m12:16:15.393026 [debug] [MainThread]: SQL status: COMMIT in 0.001 seconds
[0m12:16:15.394029 [debug] [MainThread]: On master: Close
[0m12:16:15.400031 [debug] [MainThread]: Connection 'master' was properly closed.
[0m12:16:15.401028 [debug] [MainThread]: Connection 'list_airbyte_db' was properly closed.
[0m12:16:15.402028 [debug] [MainThread]: Connection 'list_airbyte_db_staging_staging' was properly closed.
[0m12:16:15.403027 [debug] [MainThread]: Connection 'model.shopify_assessment.stg_customers' was properly closed.
[0m12:16:15.404027 [debug] [MainThread]: Connection 'model.shopify_assessment.stg_order_line_items' was properly closed.
[0m12:16:15.404027 [debug] [MainThread]: Connection 'model.shopify_assessment.stg_orders' was properly closed.
[0m12:16:15.406035 [debug] [MainThread]: Connection 'model.shopify_assessment.stg_products' was properly closed.
[0m12:16:15.407029 [info ] [MainThread]: 
[0m12:16:15.408028 [info ] [MainThread]: Finished running 5 view models in 0 hours 0 minutes and 0.87 seconds (0.87s).
[0m12:16:15.410032 [debug] [MainThread]: Command end result
[0m12:16:15.443026 [debug] [MainThread]: Wrote artifact WritableManifest to C:\Users\Owner\data-engineering-assessment\dbt_shopify\target\manifest.json
[0m12:16:15.448866 [debug] [MainThread]: Wrote artifact SemanticManifest to C:\Users\Owner\data-engineering-assessment\dbt_shopify\target\semantic_manifest.json
[0m12:16:15.458863 [debug] [MainThread]: Wrote artifact RunExecutionResult to C:\Users\Owner\data-engineering-assessment\dbt_shopify\target\run_results.json
[0m12:16:15.459862 [info ] [MainThread]: 
[0m12:16:15.463874 [info ] [MainThread]: [32mCompleted successfully[0m
[0m12:16:15.464865 [info ] [MainThread]: 
[0m12:16:15.465864 [info ] [MainThread]: Done. PASS=5 WARN=0 ERROR=0 SKIP=0 NO-OP=0 TOTAL=5
[0m12:16:15.467862 [debug] [MainThread]: Command `dbt run` succeeded at 12:16:15.466865 after 2.85 seconds
[0m12:16:15.467862 [debug] [MainThread]: Sending event: {'category': 'dbt', 'action': 'invocation', 'label': 'end', 'context': [<snowplow_tracker.self_describing_json.SelfDescribingJson object at 0x000002205F6A04F0>, <snowplow_tracker.self_describing_json.SelfDescribingJson object at 0x0000022061125580>, <snowplow_tracker.self_describing_json.SelfDescribingJson object at 0x000002206146B250>]}
[0m12:16:15.468862 [debug] [MainThread]: Flushing usage events
[0m12:16:15.963743 [debug] [MainThread]: An error was encountered while trying to flush usage events
[0m12:35:49.366824 [debug] [MainThread]: Sending event: {'category': 'dbt', 'action': 'invocation', 'label': 'start', 'context': [<snowplow_tracker.self_describing_json.SelfDescribingJson object at 0x000001C46A6204C0>, <snowplow_tracker.self_describing_json.SelfDescribingJson object at 0x000001C46BFC4340>, <snowplow_tracker.self_describing_json.SelfDescribingJson object at 0x000001C46BFC40D0>]}


============================== 12:35:49.371380 | 269b7f20-cded-45cf-9bf4-f5a1af10dd55 ==============================
[0m12:35:49.371380 [info ] [MainThread]: Running with dbt=1.10.20
[0m12:35:49.373389 [debug] [MainThread]: running dbt with arguments {'fail_fast': 'False', 'debug': 'False', 'log_cache_events': 'False', 'send_anonymous_usage_stats': 'True', 'cache_selected_only': 'False', 'warn_error_options': 'WarnErrorOptionsV2(error=[], warn=[], silence=[])', 'log_format': 'default', 'target_path': 'None', 'version_check': 'True', 'empty': 'False', 'printer_width': '80', 'partial_parse': 'True', 'log_path': 'C:\\Users\\Owner\\data-engineering-assessment\\dbt_shopify\\logs', 'no_print': 'None', 'warn_error': 'None', 'write_json': 'True', 'introspect': 'True', 'invocation_command': 'dbt run --target staging', 'quiet': 'False', 'static_parser': 'True', 'profiles_dir': 'C:\\Users\\Owner\\.dbt', 'use_experimental_parser': 'False', 'use_colors': 'True', 'indirect_selection': 'eager'}
[0m12:35:49.611539 [debug] [MainThread]: Sending event: {'category': 'dbt', 'action': 'project_id', 'label': '269b7f20-cded-45cf-9bf4-f5a1af10dd55', 'context': [<snowplow_tracker.self_describing_json.SelfDescribingJson object at 0x000001C46BF73490>]}
[0m12:35:49.694132 [debug] [MainThread]: Sending event: {'category': 'dbt', 'action': 'adapter_info', 'label': '269b7f20-cded-45cf-9bf4-f5a1af10dd55', 'context': [<snowplow_tracker.self_describing_json.SelfDescribingJson object at 0x000001C46C364310>]}
[0m12:35:49.696129 [info ] [MainThread]: Registered adapter: postgres=1.9.1
[0m12:35:50.114286 [debug] [MainThread]: checksum: a59e7b2b447fd8a57b2be28e7355e6b39fd61763d8c6e0ea8982126488badb66, vars: {}, profile: , target: staging, version: 1.10.20
[0m12:35:50.351596 [debug] [MainThread]: Partial parsing enabled: 0 files deleted, 0 files added, 5 files changed.
[0m12:35:50.353595 [debug] [MainThread]: Partial parsing: updated file: shopify_assessment://models\staging\stg_orders.sql
[0m12:35:50.354594 [debug] [MainThread]: Partial parsing: updated file: shopify_assessment://models\staging\stg_customers.sql
[0m12:35:50.356595 [debug] [MainThread]: Partial parsing: updated file: shopify_assessment://models\staging\stg_product_variants.sql
[0m12:35:50.357595 [debug] [MainThread]: Partial parsing: updated file: shopify_assessment://models\staging\stg_order_line_items.sql
[0m12:35:50.358595 [debug] [MainThread]: Partial parsing: updated file: shopify_assessment://models\staging\stg_products.sql
[0m12:35:50.776886 [warn ] [MainThread]: [[33mWARNING[0m]: Configuration paths exist in your dbt_project.yml file which do not apply to any resources.
There are 2 unused configuration paths:
- models.shopify_assessment.intermediate
- models.shopify_assessment.marts
[0m12:35:50.797918 [debug] [MainThread]: Sending event: {'category': 'dbt', 'action': 'load_project', 'label': '269b7f20-cded-45cf-9bf4-f5a1af10dd55', 'context': [<snowplow_tracker.self_describing_json.SelfDescribingJson object at 0x000001C46CD85D30>]}
[0m12:35:50.914480 [debug] [MainThread]: Wrote artifact WritableManifest to C:\Users\Owner\data-engineering-assessment\dbt_shopify\target\manifest.json
[0m12:35:50.919466 [debug] [MainThread]: Wrote artifact SemanticManifest to C:\Users\Owner\data-engineering-assessment\dbt_shopify\target\semantic_manifest.json
[0m12:35:50.942467 [debug] [MainThread]: Sending event: {'category': 'dbt', 'action': 'resource_counts', 'label': '269b7f20-cded-45cf-9bf4-f5a1af10dd55', 'context': [<snowplow_tracker.self_describing_json.SelfDescribingJson object at 0x000001C46CC88880>]}
[0m12:35:50.943467 [info ] [MainThread]: Found 5 models, 3 sources, 447 macros
[0m12:35:50.944466 [debug] [MainThread]: Sending event: {'category': 'dbt', 'action': 'runnable_timing', 'label': '269b7f20-cded-45cf-9bf4-f5a1af10dd55', 'context': [<snowplow_tracker.self_describing_json.SelfDescribingJson object at 0x000001C46CE2BD90>]}
[0m12:35:50.947508 [info ] [MainThread]: 
[0m12:35:50.948469 [info ] [MainThread]: Concurrency: 4 threads (target='staging')
[0m12:35:50.950468 [info ] [MainThread]: 
[0m12:35:50.951469 [debug] [MainThread]: Acquiring new postgres connection 'master'
[0m12:35:50.957470 [debug] [ThreadPool]: Acquiring new postgres connection 'list_airbyte_db'
[0m12:35:51.049499 [debug] [ThreadPool]: Using postgres connection "list_airbyte_db"
[0m12:35:51.050474 [debug] [ThreadPool]: On list_airbyte_db: /* {"app": "dbt", "dbt_version": "1.10.20", "profile_name": "shopify_assessment", "target_name": "staging", "connection_name": "list_airbyte_db"} */

    select distinct nspname from pg_namespace
  
[0m12:35:51.051468 [debug] [ThreadPool]: Opening a new connection, currently in state init
[0m12:35:51.077042 [debug] [ThreadPool]: SQL status: SELECT 8 in 0.026 seconds
[0m12:35:51.078042 [debug] [ThreadPool]: On list_airbyte_db: Close
[0m12:35:51.082045 [debug] [ThreadPool]: Acquiring new postgres connection 'list_airbyte_db_staging_staging'
[0m12:35:51.092041 [debug] [ThreadPool]: Using postgres connection "list_airbyte_db_staging_staging"
[0m12:35:51.092041 [debug] [ThreadPool]: On list_airbyte_db_staging_staging: BEGIN
[0m12:35:51.093042 [debug] [ThreadPool]: Opening a new connection, currently in state init
[0m12:35:51.116046 [debug] [ThreadPool]: SQL status: BEGIN in 0.023 seconds
[0m12:35:51.117048 [debug] [ThreadPool]: Using postgres connection "list_airbyte_db_staging_staging"
[0m12:35:51.118078 [debug] [ThreadPool]: On list_airbyte_db_staging_staging: /* {"app": "dbt", "dbt_version": "1.10.20", "profile_name": "shopify_assessment", "target_name": "staging", "connection_name": "list_airbyte_db_staging_staging"} */
select
      'airbyte_db' as database,
      tablename as name,
      schemaname as schema,
      'table' as type
    from pg_tables
    where schemaname ilike 'staging_staging'
    union all
    select
      'airbyte_db' as database,
      viewname as name,
      schemaname as schema,
      'view' as type
    from pg_views
    where schemaname ilike 'staging_staging'
    union all
    select
      'airbyte_db' as database,
      matviewname as name,
      schemaname as schema,
      'materialized_view' as type
    from pg_matviews
    where schemaname ilike 'staging_staging'
  
[0m12:35:51.125049 [debug] [ThreadPool]: SQL status: SELECT 5 in 0.005 seconds
[0m12:35:51.127046 [debug] [ThreadPool]: On list_airbyte_db_staging_staging: ROLLBACK
[0m12:35:51.129044 [debug] [ThreadPool]: On list_airbyte_db_staging_staging: Close
[0m12:35:51.145044 [debug] [MainThread]: Using postgres connection "master"
[0m12:35:51.147043 [debug] [MainThread]: On master: BEGIN
[0m12:35:51.147043 [debug] [MainThread]: Opening a new connection, currently in state init
[0m12:35:51.168042 [debug] [MainThread]: SQL status: BEGIN in 0.020 seconds
[0m12:35:51.169043 [debug] [MainThread]: Using postgres connection "master"
[0m12:35:51.170042 [debug] [MainThread]: On master: /* {"app": "dbt", "dbt_version": "1.10.20", "profile_name": "shopify_assessment", "target_name": "staging", "connection_name": "master"} */
select distinct
        dependent_namespace.nspname as dependent_schema,
        dependent_class.relname as dependent_name,
        referenced_namespace.nspname as referenced_schema,
        referenced_class.relname as referenced_name

    -- Query for views: views are entries in pg_class with an entry in pg_rewrite, but we avoid
    -- a seq scan on pg_rewrite by leveraging the fact there is an "internal" row in pg_depend for
    -- the view...
    from pg_class as dependent_class
    join pg_namespace as dependent_namespace on dependent_namespace.oid = dependent_class.relnamespace
    join pg_depend as dependent_depend on dependent_depend.refobjid = dependent_class.oid
        and dependent_depend.classid = 'pg_rewrite'::regclass
        and dependent_depend.refclassid = 'pg_class'::regclass
        and dependent_depend.deptype = 'i'

    -- ... and via pg_depend (that has a row per column, hence the need for "distinct" above, and
    -- making sure to exclude the internal row to avoid a view appearing to depend on itself)...
    join pg_depend as joining_depend on joining_depend.objid = dependent_depend.objid
        and joining_depend.classid = 'pg_rewrite'::regclass
        and joining_depend.refclassid = 'pg_class'::regclass
        and joining_depend.refobjid != dependent_depend.refobjid

    -- ... we can find the tables they query from in pg_class, but excluding system tables. Note we
    -- don't need need to exclude _dependent_ system tables, because they only query from other
    -- system tables, and so are automatically excluded by excluding _referenced_ system tables
    join pg_class as referenced_class on referenced_class.oid = joining_depend.refobjid
    join pg_namespace as referenced_namespace on referenced_namespace.oid = referenced_class.relnamespace
        and referenced_namespace.nspname != 'information_schema'
        and referenced_namespace.nspname not like 'pg\_%'

    order by
        dependent_schema, dependent_name, referenced_schema, referenced_name;
[0m12:35:51.176042 [debug] [MainThread]: SQL status: SELECT 5 in 0.005 seconds
[0m12:35:51.178043 [debug] [MainThread]: Sending event: {'category': 'dbt', 'action': 'runnable_timing', 'label': '269b7f20-cded-45cf-9bf4-f5a1af10dd55', 'context': [<snowplow_tracker.self_describing_json.SelfDescribingJson object at 0x000001C46CD24E80>]}
[0m12:35:51.179043 [debug] [MainThread]: On master: ROLLBACK
[0m12:35:51.180045 [debug] [MainThread]: Using postgres connection "master"
[0m12:35:51.181045 [debug] [MainThread]: On master: BEGIN
[0m12:35:51.183045 [debug] [MainThread]: SQL status: BEGIN in 0.002 seconds
[0m12:35:51.184047 [debug] [MainThread]: On master: COMMIT
[0m12:35:51.185044 [debug] [MainThread]: Using postgres connection "master"
[0m12:35:51.185044 [debug] [MainThread]: On master: COMMIT
[0m12:35:51.187044 [debug] [MainThread]: SQL status: COMMIT in 0.001 seconds
[0m12:35:51.188043 [debug] [MainThread]: On master: Close
[0m12:35:51.194041 [debug] [Thread-1  ]: Began running node model.shopify_assessment.stg_customers
[0m12:35:51.195042 [debug] [Thread-2  ]: Began running node model.shopify_assessment.stg_orders
[0m12:35:51.196041 [debug] [Thread-3  ]: Began running node model.shopify_assessment.stg_products
[0m12:35:51.197043 [info ] [Thread-1  ]: 1 of 5 START sql view model staging_staging.stg_customers ...................... [RUN]
[0m12:35:51.198042 [info ] [Thread-2  ]: 2 of 5 START sql view model staging_staging.stg_orders ......................... [RUN]
[0m12:35:51.200044 [info ] [Thread-3  ]: 3 of 5 START sql view model staging_staging.stg_products ....................... [RUN]
[0m12:35:51.201044 [debug] [Thread-1  ]: Acquiring new postgres connection 'model.shopify_assessment.stg_customers'
[0m12:35:51.202043 [debug] [Thread-2  ]: Acquiring new postgres connection 'model.shopify_assessment.stg_orders'
[0m12:35:51.203043 [debug] [Thread-3  ]: Acquiring new postgres connection 'model.shopify_assessment.stg_products'
[0m12:35:51.204041 [debug] [Thread-1  ]: Began compiling node model.shopify_assessment.stg_customers
[0m12:35:51.205042 [debug] [Thread-2  ]: Began compiling node model.shopify_assessment.stg_orders
[0m12:35:51.205042 [debug] [Thread-3  ]: Began compiling node model.shopify_assessment.stg_products
[0m12:35:51.219046 [debug] [Thread-1  ]: Writing injected SQL for node "model.shopify_assessment.stg_customers"
[0m12:35:51.223042 [debug] [Thread-2  ]: Writing injected SQL for node "model.shopify_assessment.stg_orders"
[0m12:35:51.227042 [debug] [Thread-3  ]: Writing injected SQL for node "model.shopify_assessment.stg_products"
[0m12:35:51.228043 [debug] [Thread-1  ]: Began executing node model.shopify_assessment.stg_customers
[0m12:35:51.229044 [debug] [Thread-2  ]: Began executing node model.shopify_assessment.stg_orders
[0m12:35:51.272041 [debug] [Thread-1  ]: Writing runtime sql for node "model.shopify_assessment.stg_customers"
[0m12:35:51.277294 [debug] [Thread-2  ]: Writing runtime sql for node "model.shopify_assessment.stg_orders"
[0m12:35:51.277802 [debug] [Thread-3  ]: Began executing node model.shopify_assessment.stg_products
[0m12:35:51.279810 [debug] [Thread-1  ]: Using postgres connection "model.shopify_assessment.stg_customers"
[0m12:35:51.284810 [debug] [Thread-3  ]: Writing runtime sql for node "model.shopify_assessment.stg_products"
[0m12:35:51.285811 [debug] [Thread-2  ]: Using postgres connection "model.shopify_assessment.stg_orders"
[0m12:35:51.286810 [debug] [Thread-1  ]: On model.shopify_assessment.stg_customers: BEGIN
[0m12:35:51.287810 [debug] [Thread-2  ]: On model.shopify_assessment.stg_orders: BEGIN
[0m12:35:51.288810 [debug] [Thread-3  ]: Using postgres connection "model.shopify_assessment.stg_products"
[0m12:35:51.289810 [debug] [Thread-1  ]: Opening a new connection, currently in state init
[0m12:35:51.290810 [debug] [Thread-2  ]: Opening a new connection, currently in state init
[0m12:35:51.290810 [debug] [Thread-3  ]: On model.shopify_assessment.stg_products: BEGIN
[0m12:35:51.292810 [debug] [Thread-3  ]: Opening a new connection, currently in state init
[0m12:35:51.317811 [debug] [Thread-1  ]: SQL status: BEGIN in 0.028 seconds
[0m12:35:51.319817 [debug] [Thread-1  ]: Using postgres connection "model.shopify_assessment.stg_customers"
[0m12:35:51.320818 [debug] [Thread-2  ]: SQL status: BEGIN in 0.030 seconds
[0m12:35:51.321810 [debug] [Thread-1  ]: On model.shopify_assessment.stg_customers: /* {"app": "dbt", "dbt_version": "1.10.20", "profile_name": "shopify_assessment", "target_name": "staging", "node_id": "model.shopify_assessment.stg_customers"} */

  create view "airbyte_db"."staging_staging"."stg_customers__dbt_tmp"
    
    
  as (
    select
    "ID" as customer_id,
    "ADMIN_GRAPHQL_API_ID" as admin_graphql_api_id,
    to_timestamp("CREATED_AT") as created_at,
    "TAGS" as tags,
    "ADDRESSES" as addresses,
    "_PORTABLE_EXTRACTED" as portable_extracted_at,
    _airbyte_extracted_at
from "airbyte_db"."raw"."customers"
  );
[0m12:35:51.322811 [debug] [Thread-3  ]: SQL status: BEGIN in 0.030 seconds
[0m12:35:51.322811 [debug] [Thread-2  ]: Using postgres connection "model.shopify_assessment.stg_orders"
[0m12:35:51.324811 [debug] [Thread-3  ]: Using postgres connection "model.shopify_assessment.stg_products"
[0m12:35:51.325813 [debug] [Thread-2  ]: On model.shopify_assessment.stg_orders: /* {"app": "dbt", "dbt_version": "1.10.20", "profile_name": "shopify_assessment", "target_name": "staging", "node_id": "model.shopify_assessment.stg_orders"} */

  create view "airbyte_db"."staging_staging"."stg_orders__dbt_tmp"
    
    
  as (
    select
    "ID" as order_id,
    "NAME" as order_name,
    "CREATED_AT"::timestamp as created_at,
    "EMAIL" as email,
    "CURRENCY" as currency,
    "FINANCIAL_STATUS" as financial_status,
    "FULFILLMENT_STATUS" as fulfillment_status,
    "TOTAL_PRICE"::numeric as total_price,
    "SUBTOTAL_PRICE"::numeric as subtotal_price,
    "TOTAL_TAX"::numeric as total_tax,
    "TOTAL_DISCOUNTS"::numeric as total_discounts,
    "CUSTOMER" ->> 'ID' as customer_id,
    "LINE_ITEMS" as line_items,
    "REFUNDS" as refunds,
    "SHIPPING_ADDRESS" as shipping_address,
    "BILLING_ADDRESS" as billing_address,
    "_PORTABLE_EXTRACTED" as portable_extracted_at,
    _airbyte_extracted_at
from "airbyte_db"."raw"."orders"
  );
[0m12:35:51.326810 [debug] [Thread-3  ]: On model.shopify_assessment.stg_products: /* {"app": "dbt", "dbt_version": "1.10.20", "profile_name": "shopify_assessment", "target_name": "staging", "node_id": "model.shopify_assessment.stg_products"} */

  create view "airbyte_db"."staging_staging"."stg_products__dbt_tmp"
    
    
  as (
    select
    "ID" as product_id,
    "ADMIN_GRAPHQL_API_ID" as admin_graphql_api_id,
    "TITLE" as product_title,
    "PRODUCT_TYPE" as product_type,
    "VENDOR" as vendor,
    "TAGS" as tags,
    "OPTIONS" as options,
    "VARIANTS" as variants,
    "_PORTABLE_EXTRACTED" as portable_extracted_at,
    _airbyte_extracted_at
from "airbyte_db"."raw"."products"
  );
[0m12:35:51.331476 [debug] [Thread-3  ]: SQL status: CREATE VIEW in 0.003 seconds
[0m12:35:51.340997 [debug] [Thread-3  ]: Using postgres connection "model.shopify_assessment.stg_products"
[0m12:35:51.341997 [debug] [Thread-1  ]: SQL status: CREATE VIEW in 0.017 seconds
[0m12:35:51.341997 [debug] [Thread-2  ]: SQL status: CREATE VIEW in 0.015 seconds
[0m12:35:51.342997 [debug] [Thread-3  ]: On model.shopify_assessment.stg_products: /* {"app": "dbt", "dbt_version": "1.10.20", "profile_name": "shopify_assessment", "target_name": "staging", "node_id": "model.shopify_assessment.stg_products"} */
alter table "airbyte_db"."staging_staging"."stg_products" rename to "stg_products__dbt_backup"
[0m12:35:51.346997 [debug] [Thread-1  ]: Using postgres connection "model.shopify_assessment.stg_customers"
[0m12:35:51.351997 [debug] [Thread-2  ]: Using postgres connection "model.shopify_assessment.stg_orders"
[0m12:35:51.352999 [debug] [Thread-1  ]: On model.shopify_assessment.stg_customers: /* {"app": "dbt", "dbt_version": "1.10.20", "profile_name": "shopify_assessment", "target_name": "staging", "node_id": "model.shopify_assessment.stg_customers"} */
alter table "airbyte_db"."staging_staging"."stg_customers" rename to "stg_customers__dbt_backup"
[0m12:35:51.353996 [debug] [Thread-3  ]: SQL status: ALTER TABLE in 0.001 seconds
[0m12:35:51.353996 [debug] [Thread-2  ]: On model.shopify_assessment.stg_orders: /* {"app": "dbt", "dbt_version": "1.10.20", "profile_name": "shopify_assessment", "target_name": "staging", "node_id": "model.shopify_assessment.stg_orders"} */
alter table "airbyte_db"."staging_staging"."stg_orders" rename to "stg_orders__dbt_backup"
[0m12:35:51.366998 [debug] [Thread-3  ]: Using postgres connection "model.shopify_assessment.stg_products"
[0m12:35:51.367998 [debug] [Thread-1  ]: SQL status: ALTER TABLE in 0.012 seconds
[0m12:35:51.369000 [debug] [Thread-3  ]: On model.shopify_assessment.stg_products: /* {"app": "dbt", "dbt_version": "1.10.20", "profile_name": "shopify_assessment", "target_name": "staging", "node_id": "model.shopify_assessment.stg_products"} */
alter table "airbyte_db"."staging_staging"."stg_products__dbt_tmp" rename to "stg_products"
[0m12:35:51.369998 [debug] [Thread-2  ]: SQL status: ALTER TABLE in 0.002 seconds
[0m12:35:51.375997 [debug] [Thread-1  ]: Using postgres connection "model.shopify_assessment.stg_customers"
[0m12:35:51.383997 [debug] [Thread-2  ]: Using postgres connection "model.shopify_assessment.stg_orders"
[0m12:35:51.385001 [debug] [Thread-3  ]: SQL status: ALTER TABLE in 0.007 seconds
[0m12:35:51.385998 [debug] [Thread-1  ]: On model.shopify_assessment.stg_customers: /* {"app": "dbt", "dbt_version": "1.10.20", "profile_name": "shopify_assessment", "target_name": "staging", "node_id": "model.shopify_assessment.stg_customers"} */
alter table "airbyte_db"."staging_staging"."stg_customers__dbt_tmp" rename to "stg_customers"
[0m12:35:51.387002 [debug] [Thread-2  ]: On model.shopify_assessment.stg_orders: /* {"app": "dbt", "dbt_version": "1.10.20", "profile_name": "shopify_assessment", "target_name": "staging", "node_id": "model.shopify_assessment.stg_orders"} */
alter table "airbyte_db"."staging_staging"."stg_orders__dbt_tmp" rename to "stg_orders"
[0m12:35:51.434999 [debug] [Thread-3  ]: On model.shopify_assessment.stg_products: COMMIT
[0m12:35:51.437003 [debug] [Thread-3  ]: Using postgres connection "model.shopify_assessment.stg_products"
[0m12:35:51.437003 [debug] [Thread-1  ]: SQL status: ALTER TABLE in 0.002 seconds
[0m12:35:51.437998 [debug] [Thread-2  ]: SQL status: ALTER TABLE in 0.002 seconds
[0m12:35:51.438997 [debug] [Thread-3  ]: On model.shopify_assessment.stg_products: COMMIT
[0m12:35:51.440998 [debug] [Thread-1  ]: On model.shopify_assessment.stg_customers: COMMIT
[0m12:35:51.443999 [debug] [Thread-2  ]: On model.shopify_assessment.stg_orders: COMMIT
[0m12:35:51.444998 [debug] [Thread-1  ]: Using postgres connection "model.shopify_assessment.stg_customers"
[0m12:35:51.446998 [debug] [Thread-2  ]: Using postgres connection "model.shopify_assessment.stg_orders"
[0m12:35:51.446998 [debug] [Thread-1  ]: On model.shopify_assessment.stg_customers: COMMIT
[0m12:35:51.448004 [debug] [Thread-2  ]: On model.shopify_assessment.stg_orders: COMMIT
[0m12:35:51.451998 [debug] [Thread-3  ]: SQL status: COMMIT in 0.007 seconds
[0m12:35:51.460997 [debug] [Thread-3  ]: Applying DROP to: "airbyte_db"."staging_staging"."stg_products__dbt_backup"
[0m12:35:51.460997 [debug] [Thread-1  ]: SQL status: COMMIT in 0.013 seconds
[0m12:35:51.461996 [debug] [Thread-2  ]: SQL status: COMMIT in 0.013 seconds
[0m12:35:51.468550 [debug] [Thread-3  ]: Using postgres connection "model.shopify_assessment.stg_products"
[0m12:35:51.474549 [debug] [Thread-1  ]: Applying DROP to: "airbyte_db"."staging_staging"."stg_customers__dbt_backup"
[0m12:35:51.478549 [debug] [Thread-2  ]: Applying DROP to: "airbyte_db"."staging_staging"."stg_orders__dbt_backup"
[0m12:35:51.479549 [debug] [Thread-3  ]: On model.shopify_assessment.stg_products: /* {"app": "dbt", "dbt_version": "1.10.20", "profile_name": "shopify_assessment", "target_name": "staging", "node_id": "model.shopify_assessment.stg_products"} */
drop view if exists "airbyte_db"."staging_staging"."stg_products__dbt_backup" cascade
[0m12:35:51.480550 [debug] [Thread-1  ]: Using postgres connection "model.shopify_assessment.stg_customers"
[0m12:35:51.481549 [debug] [Thread-2  ]: Using postgres connection "model.shopify_assessment.stg_orders"
[0m12:35:51.483550 [debug] [Thread-1  ]: On model.shopify_assessment.stg_customers: /* {"app": "dbt", "dbt_version": "1.10.20", "profile_name": "shopify_assessment", "target_name": "staging", "node_id": "model.shopify_assessment.stg_customers"} */
drop view if exists "airbyte_db"."staging_staging"."stg_customers__dbt_backup" cascade
[0m12:35:51.484551 [debug] [Thread-2  ]: On model.shopify_assessment.stg_orders: /* {"app": "dbt", "dbt_version": "1.10.20", "profile_name": "shopify_assessment", "target_name": "staging", "node_id": "model.shopify_assessment.stg_orders"} */
drop view if exists "airbyte_db"."staging_staging"."stg_orders__dbt_backup" cascade
[0m12:35:51.488552 [debug] [Thread-3  ]: SQL status: DROP VIEW in 0.006 seconds
[0m12:35:51.491549 [debug] [Thread-3  ]: On model.shopify_assessment.stg_products: Close
[0m12:35:51.496550 [debug] [Thread-3  ]: Sending event: {'category': 'dbt', 'action': 'run_model', 'label': '269b7f20-cded-45cf-9bf4-f5a1af10dd55', 'context': [<snowplow_tracker.self_describing_json.SelfDescribingJson object at 0x000001C46D43BEE0>]}
[0m12:35:51.498551 [info ] [Thread-3  ]: 3 of 5 OK created sql view model staging_staging.stg_products .................. [[32mCREATE VIEW[0m in 0.29s]
[0m12:35:51.500550 [debug] [Thread-1  ]: SQL status: DROP VIEW in 0.015 seconds
[0m12:35:51.501551 [debug] [Thread-2  ]: SQL status: DROP VIEW in 0.016 seconds
[0m12:35:51.502549 [debug] [Thread-3  ]: Finished running node model.shopify_assessment.stg_products
[0m12:35:51.504549 [debug] [Thread-1  ]: On model.shopify_assessment.stg_customers: Close
[0m12:35:51.505549 [debug] [Thread-2  ]: On model.shopify_assessment.stg_orders: Close
[0m12:35:51.506551 [debug] [Thread-4  ]: Began running node model.shopify_assessment.stg_product_variants
[0m12:35:51.508550 [debug] [Thread-1  ]: Sending event: {'category': 'dbt', 'action': 'run_model', 'label': '269b7f20-cded-45cf-9bf4-f5a1af10dd55', 'context': [<snowplow_tracker.self_describing_json.SelfDescribingJson object at 0x000001C46D4D6EB0>]}
[0m12:35:51.511552 [debug] [Thread-2  ]: Sending event: {'category': 'dbt', 'action': 'run_model', 'label': '269b7f20-cded-45cf-9bf4-f5a1af10dd55', 'context': [<snowplow_tracker.self_describing_json.SelfDescribingJson object at 0x000001C46CD24E80>]}
[0m12:35:51.512550 [info ] [Thread-4  ]: 4 of 5 START sql view model staging_staging.stg_product_variants ............... [RUN]
[0m12:35:51.516550 [info ] [Thread-1  ]: 1 of 5 OK created sql view model staging_staging.stg_customers ................. [[32mCREATE VIEW[0m in 0.31s]
[0m12:35:51.518554 [info ] [Thread-2  ]: 2 of 5 OK created sql view model staging_staging.stg_orders .................... [[32mCREATE VIEW[0m in 0.31s]
[0m12:35:51.519549 [debug] [Thread-4  ]: Acquiring new postgres connection 'model.shopify_assessment.stg_product_variants'
[0m12:35:51.520551 [debug] [Thread-1  ]: Finished running node model.shopify_assessment.stg_customers
[0m12:35:51.521549 [debug] [Thread-2  ]: Finished running node model.shopify_assessment.stg_orders
[0m12:35:51.522549 [debug] [Thread-4  ]: Began compiling node model.shopify_assessment.stg_product_variants
[0m12:35:51.523549 [debug] [Thread-3  ]: Began running node model.shopify_assessment.stg_order_line_items
[0m12:35:51.527548 [debug] [Thread-4  ]: Writing injected SQL for node "model.shopify_assessment.stg_product_variants"
[0m12:35:51.528550 [info ] [Thread-3  ]: 5 of 5 START sql view model staging_staging.stg_order_line_items ............... [RUN]
[0m12:35:51.530551 [debug] [Thread-3  ]: Re-using an available connection from the pool (formerly model.shopify_assessment.stg_products, now model.shopify_assessment.stg_order_line_items)
[0m12:35:51.531551 [debug] [Thread-3  ]: Began compiling node model.shopify_assessment.stg_order_line_items
[0m12:35:51.532551 [debug] [Thread-4  ]: Began executing node model.shopify_assessment.stg_product_variants
[0m12:35:51.537548 [debug] [Thread-3  ]: Writing injected SQL for node "model.shopify_assessment.stg_order_line_items"
[0m12:35:51.542549 [debug] [Thread-4  ]: Writing runtime sql for node "model.shopify_assessment.stg_product_variants"
[0m12:35:51.543551 [debug] [Thread-3  ]: Began executing node model.shopify_assessment.stg_order_line_items
[0m12:35:51.550551 [debug] [Thread-3  ]: Writing runtime sql for node "model.shopify_assessment.stg_order_line_items"
[0m12:35:51.551550 [debug] [Thread-4  ]: Using postgres connection "model.shopify_assessment.stg_product_variants"
[0m12:35:51.552549 [debug] [Thread-4  ]: On model.shopify_assessment.stg_product_variants: BEGIN
[0m12:35:51.553550 [debug] [Thread-4  ]: Opening a new connection, currently in state init
[0m12:35:51.553550 [debug] [Thread-3  ]: Using postgres connection "model.shopify_assessment.stg_order_line_items"
[0m12:35:51.554550 [debug] [Thread-3  ]: On model.shopify_assessment.stg_order_line_items: BEGIN
[0m12:35:51.555550 [debug] [Thread-3  ]: Opening a new connection, currently in state closed
[0m12:35:51.575553 [debug] [Thread-4  ]: SQL status: BEGIN in 0.022 seconds
[0m12:35:51.576559 [debug] [Thread-4  ]: Using postgres connection "model.shopify_assessment.stg_product_variants"
[0m12:35:51.578555 [debug] [Thread-4  ]: On model.shopify_assessment.stg_product_variants: /* {"app": "dbt", "dbt_version": "1.10.20", "profile_name": "shopify_assessment", "target_name": "staging", "node_id": "model.shopify_assessment.stg_product_variants"} */

  create view "airbyte_db"."staging_staging"."stg_product_variants__dbt_tmp"
    
    
  as (
    select
    p.product_id,
    v.value ->> 'ID' as variant_id,
    v.value ->> 'SKU' as sku,
    v.value ->> 'TITLE' as variant_title,
    v.value ->> 'OPTION1' as option1,
    v.value ->> 'OPTION2' as option2,
    (v.value ->> 'PRICE')::numeric as price,
    (v.value ->> 'INVENTORY_QUANTITY')::integer as inventory_quantity,
    to_timestamp((v.value ->> 'CREATED_AT')::numeric) as created_at,
    to_timestamp((v.value ->> 'UPDATED_AT')::numeric) as updated_at
from "airbyte_db"."staging_staging"."stg_products" p
cross join lateral jsonb_array_elements(p.variants) as v(value)
  );
[0m12:35:51.578555 [debug] [Thread-3  ]: SQL status: BEGIN in 0.023 seconds
[0m12:35:51.579551 [debug] [Thread-3  ]: Using postgres connection "model.shopify_assessment.stg_order_line_items"
[0m12:35:51.580551 [debug] [Thread-3  ]: On model.shopify_assessment.stg_order_line_items: /* {"app": "dbt", "dbt_version": "1.10.20", "profile_name": "shopify_assessment", "target_name": "staging", "node_id": "model.shopify_assessment.stg_order_line_items"} */

  create view "airbyte_db"."staging_staging"."stg_order_line_items__dbt_tmp"
    
    
  as (
    select
    o.order_id,
    li.value ->> 'ID' as line_item_id,
    li.value ->> 'PRODUCT_ID' as product_id,
    li.value ->> 'VARIANT_ID' as variant_id,
    li.value ->> 'SKU' as sku,
    li.value ->> 'TITLE' as product_title,
    li.value ->> 'VENDOR' as vendor,
    (li.value ->> 'QUANTITY')::integer as quantity,
    (li.value ->> 'PRICE')::numeric as price
from "airbyte_db"."staging_staging"."stg_orders" o
cross join lateral jsonb_array_elements(o.line_items) as li(value)
  );
[0m12:35:51.584555 [debug] [Thread-4  ]: SQL status: CREATE VIEW in 0.005 seconds
[0m12:35:51.588550 [debug] [Thread-4  ]: Using postgres connection "model.shopify_assessment.stg_product_variants"
[0m12:35:51.589550 [debug] [Thread-3  ]: SQL status: CREATE VIEW in 0.008 seconds
[0m12:35:51.590550 [debug] [Thread-4  ]: On model.shopify_assessment.stg_product_variants: /* {"app": "dbt", "dbt_version": "1.10.20", "profile_name": "shopify_assessment", "target_name": "staging", "node_id": "model.shopify_assessment.stg_product_variants"} */
alter table "airbyte_db"."staging_staging"."stg_product_variants" rename to "stg_product_variants__dbt_backup"
[0m12:35:51.594548 [debug] [Thread-3  ]: Using postgres connection "model.shopify_assessment.stg_order_line_items"
[0m12:35:51.595550 [debug] [Thread-3  ]: On model.shopify_assessment.stg_order_line_items: /* {"app": "dbt", "dbt_version": "1.10.20", "profile_name": "shopify_assessment", "target_name": "staging", "node_id": "model.shopify_assessment.stg_order_line_items"} */
alter table "airbyte_db"."staging_staging"."stg_order_line_items" rename to "stg_order_line_items__dbt_backup"
[0m12:35:51.596551 [debug] [Thread-4  ]: SQL status: ALTER TABLE in 0.001 seconds
[0m12:35:51.601551 [debug] [Thread-4  ]: Using postgres connection "model.shopify_assessment.stg_product_variants"
[0m12:35:51.602550 [debug] [Thread-3  ]: SQL status: ALTER TABLE in 0.005 seconds
[0m12:35:51.603550 [debug] [Thread-4  ]: On model.shopify_assessment.stg_product_variants: /* {"app": "dbt", "dbt_version": "1.10.20", "profile_name": "shopify_assessment", "target_name": "staging", "node_id": "model.shopify_assessment.stg_product_variants"} */
alter table "airbyte_db"."staging_staging"."stg_product_variants__dbt_tmp" rename to "stg_product_variants"
[0m12:35:51.607548 [debug] [Thread-3  ]: Using postgres connection "model.shopify_assessment.stg_order_line_items"
[0m12:35:51.608551 [debug] [Thread-3  ]: On model.shopify_assessment.stg_order_line_items: /* {"app": "dbt", "dbt_version": "1.10.20", "profile_name": "shopify_assessment", "target_name": "staging", "node_id": "model.shopify_assessment.stg_order_line_items"} */
alter table "airbyte_db"."staging_staging"."stg_order_line_items__dbt_tmp" rename to "stg_order_line_items"
[0m12:35:51.609552 [debug] [Thread-4  ]: SQL status: ALTER TABLE in 0.001 seconds
[0m12:35:51.612549 [debug] [Thread-4  ]: On model.shopify_assessment.stg_product_variants: COMMIT
[0m12:35:51.612549 [debug] [Thread-3  ]: SQL status: ALTER TABLE in 0.002 seconds
[0m12:35:51.613549 [debug] [Thread-4  ]: Using postgres connection "model.shopify_assessment.stg_product_variants"
[0m12:35:51.615547 [debug] [Thread-3  ]: On model.shopify_assessment.stg_order_line_items: COMMIT
[0m12:35:51.616551 [debug] [Thread-4  ]: On model.shopify_assessment.stg_product_variants: COMMIT
[0m12:35:51.617552 [debug] [Thread-3  ]: Using postgres connection "model.shopify_assessment.stg_order_line_items"
[0m12:35:51.618550 [debug] [Thread-3  ]: On model.shopify_assessment.stg_order_line_items: COMMIT
[0m12:35:51.623549 [debug] [Thread-4  ]: SQL status: COMMIT in 0.005 seconds
[0m12:35:51.627551 [debug] [Thread-4  ]: Applying DROP to: "airbyte_db"."staging_staging"."stg_product_variants__dbt_backup"
[0m12:35:51.627551 [debug] [Thread-3  ]: SQL status: COMMIT in 0.009 seconds
[0m12:35:51.629552 [debug] [Thread-4  ]: Using postgres connection "model.shopify_assessment.stg_product_variants"
[0m12:35:51.632553 [debug] [Thread-3  ]: Applying DROP to: "airbyte_db"."staging_staging"."stg_order_line_items__dbt_backup"
[0m12:35:51.633551 [debug] [Thread-4  ]: On model.shopify_assessment.stg_product_variants: /* {"app": "dbt", "dbt_version": "1.10.20", "profile_name": "shopify_assessment", "target_name": "staging", "node_id": "model.shopify_assessment.stg_product_variants"} */
drop view if exists "airbyte_db"."staging_staging"."stg_product_variants__dbt_backup" cascade
[0m12:35:51.634555 [debug] [Thread-3  ]: Using postgres connection "model.shopify_assessment.stg_order_line_items"
[0m12:35:51.636554 [debug] [Thread-3  ]: On model.shopify_assessment.stg_order_line_items: /* {"app": "dbt", "dbt_version": "1.10.20", "profile_name": "shopify_assessment", "target_name": "staging", "node_id": "model.shopify_assessment.stg_order_line_items"} */
drop view if exists "airbyte_db"."staging_staging"."stg_order_line_items__dbt_backup" cascade
[0m12:35:51.640551 [debug] [Thread-4  ]: SQL status: DROP VIEW in 0.005 seconds
[0m12:35:51.642550 [debug] [Thread-4  ]: On model.shopify_assessment.stg_product_variants: Close
[0m12:35:51.644555 [debug] [Thread-4  ]: Sending event: {'category': 'dbt', 'action': 'run_model', 'label': '269b7f20-cded-45cf-9bf4-f5a1af10dd55', 'context': [<snowplow_tracker.self_describing_json.SelfDescribingJson object at 0x000001C46D5D4FA0>]}
[0m12:35:51.645557 [debug] [Thread-3  ]: SQL status: DROP VIEW in 0.008 seconds
[0m12:35:51.646555 [info ] [Thread-4  ]: 4 of 5 OK created sql view model staging_staging.stg_product_variants .......... [[32mCREATE VIEW[0m in 0.12s]
[0m12:35:51.649550 [debug] [Thread-3  ]: On model.shopify_assessment.stg_order_line_items: Close
[0m12:35:51.651552 [debug] [Thread-4  ]: Finished running node model.shopify_assessment.stg_product_variants
[0m12:35:51.653552 [debug] [Thread-3  ]: Sending event: {'category': 'dbt', 'action': 'run_model', 'label': '269b7f20-cded-45cf-9bf4-f5a1af10dd55', 'context': [<snowplow_tracker.self_describing_json.SelfDescribingJson object at 0x000001C46D5F0CD0>]}
[0m12:35:51.654552 [info ] [Thread-3  ]: 5 of 5 OK created sql view model staging_staging.stg_order_line_items .......... [[32mCREATE VIEW[0m in 0.12s]
[0m12:35:51.657551 [debug] [Thread-3  ]: Finished running node model.shopify_assessment.stg_order_line_items
[0m12:35:51.659550 [debug] [MainThread]: Using postgres connection "master"
[0m12:35:51.659550 [debug] [MainThread]: On master: BEGIN
[0m12:35:51.660550 [debug] [MainThread]: Opening a new connection, currently in state closed
[0m12:35:51.678118 [debug] [MainThread]: SQL status: BEGIN in 0.018 seconds
[0m12:35:51.679117 [debug] [MainThread]: On master: COMMIT
[0m12:35:51.679117 [debug] [MainThread]: Using postgres connection "master"
[0m12:35:51.680116 [debug] [MainThread]: On master: COMMIT
[0m12:35:51.681116 [debug] [MainThread]: SQL status: COMMIT in 0.001 seconds
[0m12:35:51.682119 [debug] [MainThread]: On master: Close
[0m12:35:51.684117 [debug] [MainThread]: Connection 'master' was properly closed.
[0m12:35:51.686121 [debug] [MainThread]: Connection 'list_airbyte_db' was properly closed.
[0m12:35:51.688120 [debug] [MainThread]: Connection 'list_airbyte_db_staging_staging' was properly closed.
[0m12:35:51.688120 [debug] [MainThread]: Connection 'model.shopify_assessment.stg_customers' was properly closed.
[0m12:35:51.689117 [debug] [MainThread]: Connection 'model.shopify_assessment.stg_orders' was properly closed.
[0m12:35:51.690119 [debug] [MainThread]: Connection 'model.shopify_assessment.stg_order_line_items' was properly closed.
[0m12:35:51.690119 [debug] [MainThread]: Connection 'model.shopify_assessment.stg_product_variants' was properly closed.
[0m12:35:51.691116 [info ] [MainThread]: 
[0m12:35:51.692120 [info ] [MainThread]: Finished running 5 view models in 0 hours 0 minutes and 0.74 seconds (0.74s).
[0m12:35:51.694118 [debug] [MainThread]: Command end result
[0m12:35:51.724115 [debug] [MainThread]: Wrote artifact WritableManifest to C:\Users\Owner\data-engineering-assessment\dbt_shopify\target\manifest.json
[0m12:35:51.728118 [debug] [MainThread]: Wrote artifact SemanticManifest to C:\Users\Owner\data-engineering-assessment\dbt_shopify\target\semantic_manifest.json
[0m12:35:51.741120 [debug] [MainThread]: Wrote artifact RunExecutionResult to C:\Users\Owner\data-engineering-assessment\dbt_shopify\target\run_results.json
[0m12:35:51.742121 [info ] [MainThread]: 
[0m12:35:51.743119 [info ] [MainThread]: [32mCompleted successfully[0m
[0m12:35:51.744124 [info ] [MainThread]: 
[0m12:35:51.745120 [info ] [MainThread]: Done. PASS=5 WARN=0 ERROR=0 SKIP=0 NO-OP=0 TOTAL=5
[0m12:35:51.746119 [debug] [MainThread]: Command `dbt run` succeeded at 12:35:51.746119 after 2.50 seconds
[0m12:35:51.747120 [debug] [MainThread]: Sending event: {'category': 'dbt', 'action': 'invocation', 'label': 'end', 'context': [<snowplow_tracker.self_describing_json.SelfDescribingJson object at 0x000001C46A6204C0>, <snowplow_tracker.self_describing_json.SelfDescribingJson object at 0x000001C46CD4B700>, <snowplow_tracker.self_describing_json.SelfDescribingJson object at 0x000001C46CD4B550>]}
[0m12:35:51.748120 [debug] [MainThread]: Flushing usage events
[0m12:35:52.233467 [debug] [MainThread]: An error was encountered while trying to flush usage events
[0m12:44:08.406424 [debug] [MainThread]: Sending event: {'category': 'dbt', 'action': 'invocation', 'label': 'start', 'context': [<snowplow_tracker.self_describing_json.SelfDescribingJson object at 0x0000014C8CB1F550>, <snowplow_tracker.self_describing_json.SelfDescribingJson object at 0x0000014C8E4C43A0>, <snowplow_tracker.self_describing_json.SelfDescribingJson object at 0x0000014C8E4C4130>]}


============================== 12:44:08.412424 | eb990a25-b7e3-4546-93d7-4a63a2ee2044 ==============================
[0m12:44:08.412424 [info ] [MainThread]: Running with dbt=1.10.20
[0m12:44:08.413427 [debug] [MainThread]: running dbt with arguments {'debug': 'False', 'fail_fast': 'False', 'log_cache_events': 'False', 'send_anonymous_usage_stats': 'True', 'warn_error_options': 'WarnErrorOptionsV2(error=[], warn=[], silence=[])', 'cache_selected_only': 'False', 'no_print': 'None', 'invocation_command': 'dbt run --target staging', 'version_check': 'True', 'empty': 'False', 'printer_width': '80', 'quiet': 'False', 'log_path': 'C:\\Users\\Owner\\data-engineering-assessment\\dbt_shopify\\logs', 'partial_parse': 'True', 'warn_error': 'None', 'write_json': 'True', 'target_path': 'None', 'log_format': 'default', 'introspect': 'True', 'static_parser': 'True', 'profiles_dir': 'C:\\Users\\Owner\\.dbt', 'use_experimental_parser': 'False', 'use_colors': 'True', 'indirect_selection': 'eager'}
[0m12:44:08.821009 [debug] [MainThread]: Sending event: {'category': 'dbt', 'action': 'project_id', 'label': 'eb990a25-b7e3-4546-93d7-4a63a2ee2044', 'context': [<snowplow_tracker.self_describing_json.SelfDescribingJson object at 0x0000014C8E4C41C0>]}
[0m12:44:08.923224 [debug] [MainThread]: Sending event: {'category': 'dbt', 'action': 'adapter_info', 'label': 'eb990a25-b7e3-4546-93d7-4a63a2ee2044', 'context': [<snowplow_tracker.self_describing_json.SelfDescribingJson object at 0x0000014C8E889A00>]}
[0m12:44:08.925225 [info ] [MainThread]: Registered adapter: postgres=1.9.1
[0m12:44:09.427218 [debug] [MainThread]: checksum: a59e7b2b447fd8a57b2be28e7355e6b39fd61763d8c6e0ea8982126488badb66, vars: {}, profile: , target: staging, version: 1.10.20
[0m12:44:09.663951 [debug] [MainThread]: Partial parsing enabled: 0 files deleted, 3 files added, 0 files changed.
[0m12:44:09.665523 [debug] [MainThread]: Partial parsing: added file: shopify_assessment://models\marts\fct_order_summary.sql
[0m12:44:09.666534 [debug] [MainThread]: Partial parsing: added file: shopify_assessment://models\intermediate\int_order_line_agg.sql
[0m12:44:09.666534 [debug] [MainThread]: Partial parsing: added file: shopify_assessment://models\marts\schema.yml
[0m12:44:10.402858 [debug] [MainThread]: Sending event: {'category': 'dbt', 'action': 'load_project', 'label': 'eb990a25-b7e3-4546-93d7-4a63a2ee2044', 'context': [<snowplow_tracker.self_describing_json.SelfDescribingJson object at 0x0000014C8F47FFA0>]}
[0m12:44:10.574464 [debug] [MainThread]: Wrote artifact WritableManifest to C:\Users\Owner\data-engineering-assessment\dbt_shopify\target\manifest.json
[0m12:44:10.578465 [debug] [MainThread]: Wrote artifact SemanticManifest to C:\Users\Owner\data-engineering-assessment\dbt_shopify\target\semantic_manifest.json
[0m12:44:10.602465 [debug] [MainThread]: Sending event: {'category': 'dbt', 'action': 'resource_counts', 'label': 'eb990a25-b7e3-4546-93d7-4a63a2ee2044', 'context': [<snowplow_tracker.self_describing_json.SelfDescribingJson object at 0x0000014C8F44B2B0>]}
[0m12:44:10.603467 [info ] [MainThread]: Found 7 models, 2 data tests, 3 sources, 447 macros
[0m12:44:10.604467 [debug] [MainThread]: Sending event: {'category': 'dbt', 'action': 'runnable_timing', 'label': 'eb990a25-b7e3-4546-93d7-4a63a2ee2044', 'context': [<snowplow_tracker.self_describing_json.SelfDescribingJson object at 0x0000014C8F49BCA0>]}
[0m12:44:10.608468 [info ] [MainThread]: 
[0m12:44:10.609465 [info ] [MainThread]: Concurrency: 4 threads (target='staging')
[0m12:44:10.610468 [info ] [MainThread]: 
[0m12:44:10.612466 [debug] [MainThread]: Acquiring new postgres connection 'master'
[0m12:44:10.618463 [debug] [ThreadPool]: Acquiring new postgres connection 'list_airbyte_db'
[0m12:44:10.619464 [debug] [ThreadPool]: Acquiring new postgres connection 'list_airbyte_db'
[0m12:44:10.725315 [debug] [ThreadPool]: Using postgres connection "list_airbyte_db"
[0m12:44:10.726316 [debug] [ThreadPool]: Using postgres connection "list_airbyte_db"
[0m12:44:10.726316 [debug] [ThreadPool]: On list_airbyte_db: /* {"app": "dbt", "dbt_version": "1.10.20", "profile_name": "shopify_assessment", "target_name": "staging", "connection_name": "list_airbyte_db"} */

    select distinct nspname from pg_namespace
  
[0m12:44:10.727315 [debug] [ThreadPool]: On list_airbyte_db: /* {"app": "dbt", "dbt_version": "1.10.20", "profile_name": "shopify_assessment", "target_name": "staging", "connection_name": "list_airbyte_db"} */

    select distinct nspname from pg_namespace
  
[0m12:44:10.728347 [debug] [ThreadPool]: Opening a new connection, currently in state init
[0m12:44:10.728347 [debug] [ThreadPool]: Opening a new connection, currently in state init
[0m12:44:10.769547 [debug] [ThreadPool]: SQL status: SELECT 8 in 0.041 seconds
[0m12:44:10.770543 [debug] [ThreadPool]: SQL status: SELECT 8 in 0.043 seconds
[0m12:44:10.774541 [debug] [ThreadPool]: On list_airbyte_db: Close
[0m12:44:10.777541 [debug] [ThreadPool]: On list_airbyte_db: Close
[0m12:44:10.781544 [debug] [ThreadPool]: Re-using an available connection from the pool (formerly list_airbyte_db, now create_airbyte_db_staging_marts)
[0m12:44:10.784541 [debug] [ThreadPool]: Creating schema "database: "airbyte_db"
schema: "staging_marts"
"
[0m12:44:10.791539 [debug] [ThreadPool]: Using postgres connection "create_airbyte_db_staging_marts"
[0m12:44:10.793541 [debug] [ThreadPool]: On create_airbyte_db_staging_marts: BEGIN
[0m12:44:10.794540 [debug] [ThreadPool]: Opening a new connection, currently in state closed
[0m12:44:10.814289 [debug] [ThreadPool]: SQL status: BEGIN in 0.020 seconds
[0m12:44:10.815284 [debug] [ThreadPool]: Using postgres connection "create_airbyte_db_staging_marts"
[0m12:44:10.816283 [debug] [ThreadPool]: On create_airbyte_db_staging_marts: /* {"app": "dbt", "dbt_version": "1.10.20", "profile_name": "shopify_assessment", "target_name": "staging", "connection_name": "create_airbyte_db_staging_marts"} */
create schema if not exists "staging_marts"
[0m12:44:10.818287 [debug] [ThreadPool]: SQL status: CREATE SCHEMA in 0.001 seconds
[0m12:44:10.819285 [debug] [ThreadPool]: On create_airbyte_db_staging_marts: COMMIT
[0m12:44:10.820287 [debug] [ThreadPool]: Using postgres connection "create_airbyte_db_staging_marts"
[0m12:44:10.821286 [debug] [ThreadPool]: On create_airbyte_db_staging_marts: COMMIT
[0m12:44:10.826844 [debug] [ThreadPool]: SQL status: COMMIT in 0.005 seconds
[0m12:44:10.826844 [debug] [ThreadPool]: On create_airbyte_db_staging_marts: Close
[0m12:44:10.831842 [debug] [ThreadPool]: Acquiring new postgres connection 'list_airbyte_db_staging_marts'
[0m12:44:10.832847 [debug] [ThreadPool]: Acquiring new postgres connection 'list_airbyte_db_staging_staging'
[0m12:44:10.843844 [debug] [ThreadPool]: Using postgres connection "list_airbyte_db_staging_marts"
[0m12:44:10.846842 [debug] [ThreadPool]: Using postgres connection "list_airbyte_db_staging_staging"
[0m12:44:10.847842 [debug] [ThreadPool]: On list_airbyte_db_staging_marts: BEGIN
[0m12:44:10.848842 [debug] [ThreadPool]: On list_airbyte_db_staging_staging: BEGIN
[0m12:44:10.848842 [debug] [ThreadPool]: Opening a new connection, currently in state init
[0m12:44:10.849842 [debug] [ThreadPool]: Opening a new connection, currently in state init
[0m12:44:10.872844 [debug] [ThreadPool]: SQL status: BEGIN in 0.024 seconds
[0m12:44:10.873842 [debug] [ThreadPool]: SQL status: BEGIN in 0.024 seconds
[0m12:44:10.875845 [debug] [ThreadPool]: Using postgres connection "list_airbyte_db_staging_marts"
[0m12:44:10.875845 [debug] [ThreadPool]: Using postgres connection "list_airbyte_db_staging_staging"
[0m12:44:10.876843 [debug] [ThreadPool]: On list_airbyte_db_staging_marts: /* {"app": "dbt", "dbt_version": "1.10.20", "profile_name": "shopify_assessment", "target_name": "staging", "connection_name": "list_airbyte_db_staging_marts"} */
select
      'airbyte_db' as database,
      tablename as name,
      schemaname as schema,
      'table' as type
    from pg_tables
    where schemaname ilike 'staging_marts'
    union all
    select
      'airbyte_db' as database,
      viewname as name,
      schemaname as schema,
      'view' as type
    from pg_views
    where schemaname ilike 'staging_marts'
    union all
    select
      'airbyte_db' as database,
      matviewname as name,
      schemaname as schema,
      'materialized_view' as type
    from pg_matviews
    where schemaname ilike 'staging_marts'
  
[0m12:44:10.877842 [debug] [ThreadPool]: On list_airbyte_db_staging_staging: /* {"app": "dbt", "dbt_version": "1.10.20", "profile_name": "shopify_assessment", "target_name": "staging", "connection_name": "list_airbyte_db_staging_staging"} */
select
      'airbyte_db' as database,
      tablename as name,
      schemaname as schema,
      'table' as type
    from pg_tables
    where schemaname ilike 'staging_staging'
    union all
    select
      'airbyte_db' as database,
      viewname as name,
      schemaname as schema,
      'view' as type
    from pg_views
    where schemaname ilike 'staging_staging'
    union all
    select
      'airbyte_db' as database,
      matviewname as name,
      schemaname as schema,
      'materialized_view' as type
    from pg_matviews
    where schemaname ilike 'staging_staging'
  
[0m12:44:10.883844 [debug] [ThreadPool]: SQL status: SELECT 0 in 0.005 seconds
[0m12:44:10.883844 [debug] [ThreadPool]: SQL status: SELECT 5 in 0.006 seconds
[0m12:44:10.885846 [debug] [ThreadPool]: On list_airbyte_db_staging_marts: ROLLBACK
[0m12:44:10.887844 [debug] [ThreadPool]: On list_airbyte_db_staging_staging: ROLLBACK
[0m12:44:10.889849 [debug] [ThreadPool]: On list_airbyte_db_staging_marts: Close
[0m12:44:10.889849 [debug] [ThreadPool]: On list_airbyte_db_staging_staging: Close
[0m12:44:10.901843 [debug] [MainThread]: Using postgres connection "master"
[0m12:44:10.902842 [debug] [MainThread]: On master: BEGIN
[0m12:44:10.903842 [debug] [MainThread]: Opening a new connection, currently in state init
[0m12:44:10.920853 [debug] [MainThread]: SQL status: BEGIN in 0.017 seconds
[0m12:44:10.920853 [debug] [MainThread]: Using postgres connection "master"
[0m12:44:10.921844 [debug] [MainThread]: On master: /* {"app": "dbt", "dbt_version": "1.10.20", "profile_name": "shopify_assessment", "target_name": "staging", "connection_name": "master"} */
select distinct
        dependent_namespace.nspname as dependent_schema,
        dependent_class.relname as dependent_name,
        referenced_namespace.nspname as referenced_schema,
        referenced_class.relname as referenced_name

    -- Query for views: views are entries in pg_class with an entry in pg_rewrite, but we avoid
    -- a seq scan on pg_rewrite by leveraging the fact there is an "internal" row in pg_depend for
    -- the view...
    from pg_class as dependent_class
    join pg_namespace as dependent_namespace on dependent_namespace.oid = dependent_class.relnamespace
    join pg_depend as dependent_depend on dependent_depend.refobjid = dependent_class.oid
        and dependent_depend.classid = 'pg_rewrite'::regclass
        and dependent_depend.refclassid = 'pg_class'::regclass
        and dependent_depend.deptype = 'i'

    -- ... and via pg_depend (that has a row per column, hence the need for "distinct" above, and
    -- making sure to exclude the internal row to avoid a view appearing to depend on itself)...
    join pg_depend as joining_depend on joining_depend.objid = dependent_depend.objid
        and joining_depend.classid = 'pg_rewrite'::regclass
        and joining_depend.refclassid = 'pg_class'::regclass
        and joining_depend.refobjid != dependent_depend.refobjid

    -- ... we can find the tables they query from in pg_class, but excluding system tables. Note we
    -- don't need need to exclude _dependent_ system tables, because they only query from other
    -- system tables, and so are automatically excluded by excluding _referenced_ system tables
    join pg_class as referenced_class on referenced_class.oid = joining_depend.refobjid
    join pg_namespace as referenced_namespace on referenced_namespace.oid = referenced_class.relnamespace
        and referenced_namespace.nspname != 'information_schema'
        and referenced_namespace.nspname not like 'pg\_%'

    order by
        dependent_schema, dependent_name, referenced_schema, referenced_name;
[0m12:44:10.927842 [debug] [MainThread]: SQL status: SELECT 5 in 0.005 seconds
[0m12:44:10.929841 [debug] [MainThread]: Sending event: {'category': 'dbt', 'action': 'runnable_timing', 'label': 'eb990a25-b7e3-4546-93d7-4a63a2ee2044', 'context': [<snowplow_tracker.self_describing_json.SelfDescribingJson object at 0x0000014C8F44B580>]}
[0m12:44:10.930842 [debug] [MainThread]: On master: ROLLBACK
[0m12:44:10.932843 [debug] [MainThread]: Using postgres connection "master"
[0m12:44:10.932843 [debug] [MainThread]: On master: BEGIN
[0m12:44:10.934844 [debug] [MainThread]: SQL status: BEGIN in 0.001 seconds
[0m12:44:10.935842 [debug] [MainThread]: On master: COMMIT
[0m12:44:10.935842 [debug] [MainThread]: Using postgres connection "master"
[0m12:44:10.936842 [debug] [MainThread]: On master: COMMIT
[0m12:44:10.937841 [debug] [MainThread]: SQL status: COMMIT in 0.001 seconds
[0m12:44:10.938842 [debug] [MainThread]: On master: Close
[0m12:44:10.945843 [debug] [Thread-1  ]: Began running node model.shopify_assessment.stg_customers
[0m12:44:10.946842 [debug] [Thread-2  ]: Began running node model.shopify_assessment.stg_orders
[0m12:44:10.947843 [debug] [Thread-3  ]: Began running node model.shopify_assessment.stg_products
[0m12:44:10.948844 [info ] [Thread-1  ]: 1 of 7 START sql view model staging_staging.stg_customers ...................... [RUN]
[0m12:44:10.949843 [info ] [Thread-2  ]: 2 of 7 START sql view model staging_staging.stg_orders ......................... [RUN]
[0m12:44:10.951843 [info ] [Thread-3  ]: 3 of 7 START sql view model staging_staging.stg_products ....................... [RUN]
[0m12:44:10.952844 [debug] [Thread-1  ]: Acquiring new postgres connection 'model.shopify_assessment.stg_customers'
[0m12:44:10.953845 [debug] [Thread-2  ]: Acquiring new postgres connection 'model.shopify_assessment.stg_orders'
[0m12:44:10.954843 [debug] [Thread-3  ]: Acquiring new postgres connection 'model.shopify_assessment.stg_products'
[0m12:44:10.955845 [debug] [Thread-1  ]: Began compiling node model.shopify_assessment.stg_customers
[0m12:44:10.955845 [debug] [Thread-2  ]: Began compiling node model.shopify_assessment.stg_orders
[0m12:44:10.956842 [debug] [Thread-3  ]: Began compiling node model.shopify_assessment.stg_products
[0m12:44:10.969093 [debug] [Thread-1  ]: Writing injected SQL for node "model.shopify_assessment.stg_customers"
[0m12:44:10.973095 [debug] [Thread-2  ]: Writing injected SQL for node "model.shopify_assessment.stg_orders"
[0m12:44:10.978645 [debug] [Thread-3  ]: Writing injected SQL for node "model.shopify_assessment.stg_products"
[0m12:44:10.979654 [debug] [Thread-1  ]: Began executing node model.shopify_assessment.stg_customers
[0m12:44:10.980653 [debug] [Thread-2  ]: Began executing node model.shopify_assessment.stg_orders
[0m12:44:11.025853 [debug] [Thread-3  ]: Began executing node model.shopify_assessment.stg_products
[0m12:44:11.030405 [debug] [Thread-1  ]: Writing runtime sql for node "model.shopify_assessment.stg_customers"
[0m12:44:11.035370 [debug] [Thread-2  ]: Writing runtime sql for node "model.shopify_assessment.stg_orders"
[0m12:44:11.040401 [debug] [Thread-3  ]: Writing runtime sql for node "model.shopify_assessment.stg_products"
[0m12:44:11.042370 [debug] [Thread-1  ]: Using postgres connection "model.shopify_assessment.stg_customers"
[0m12:44:11.043373 [debug] [Thread-2  ]: Using postgres connection "model.shopify_assessment.stg_orders"
[0m12:44:11.044372 [debug] [Thread-1  ]: On model.shopify_assessment.stg_customers: BEGIN
[0m12:44:11.045369 [debug] [Thread-3  ]: Using postgres connection "model.shopify_assessment.stg_products"
[0m12:44:11.046373 [debug] [Thread-2  ]: On model.shopify_assessment.stg_orders: BEGIN
[0m12:44:11.047374 [debug] [Thread-1  ]: Opening a new connection, currently in state init
[0m12:44:11.047374 [debug] [Thread-3  ]: On model.shopify_assessment.stg_products: BEGIN
[0m12:44:11.048400 [debug] [Thread-2  ]: Opening a new connection, currently in state init
[0m12:44:11.049369 [debug] [Thread-3  ]: Opening a new connection, currently in state init
[0m12:44:11.077369 [debug] [Thread-1  ]: SQL status: BEGIN in 0.030 seconds
[0m12:44:11.078370 [debug] [Thread-1  ]: Using postgres connection "model.shopify_assessment.stg_customers"
[0m12:44:11.080372 [debug] [Thread-1  ]: On model.shopify_assessment.stg_customers: /* {"app": "dbt", "dbt_version": "1.10.20", "profile_name": "shopify_assessment", "target_name": "staging", "node_id": "model.shopify_assessment.stg_customers"} */

  create view "airbyte_db"."staging_staging"."stg_customers__dbt_tmp"
    
    
  as (
    select
    "ID" as customer_id,
    "ADMIN_GRAPHQL_API_ID" as admin_graphql_api_id,
    to_timestamp("CREATED_AT") as created_at,
    "TAGS" as tags,
    "ADDRESSES" as addresses,
    "_PORTABLE_EXTRACTED" as portable_extracted_at,
    _airbyte_extracted_at
from "airbyte_db"."raw"."customers"
  );
[0m12:44:11.082375 [debug] [Thread-2  ]: SQL status: BEGIN in 0.034 seconds
[0m12:44:11.083372 [debug] [Thread-3  ]: SQL status: BEGIN in 0.034 seconds
[0m12:44:11.083372 [debug] [Thread-2  ]: Using postgres connection "model.shopify_assessment.stg_orders"
[0m12:44:11.085371 [debug] [Thread-3  ]: Using postgres connection "model.shopify_assessment.stg_products"
[0m12:44:11.085371 [debug] [Thread-1  ]: SQL status: CREATE VIEW in 0.004 seconds
[0m12:44:11.086372 [debug] [Thread-2  ]: On model.shopify_assessment.stg_orders: /* {"app": "dbt", "dbt_version": "1.10.20", "profile_name": "shopify_assessment", "target_name": "staging", "node_id": "model.shopify_assessment.stg_orders"} */

  create view "airbyte_db"."staging_staging"."stg_orders__dbt_tmp"
    
    
  as (
    select
    "ID" as order_id,
    "NAME" as order_name,
    "CREATED_AT"::timestamp as created_at,
    "EMAIL" as email,
    "CURRENCY" as currency,
    "FINANCIAL_STATUS" as financial_status,
    "FULFILLMENT_STATUS" as fulfillment_status,
    "TOTAL_PRICE"::numeric as total_price,
    "SUBTOTAL_PRICE"::numeric as subtotal_price,
    "TOTAL_TAX"::numeric as total_tax,
    "TOTAL_DISCOUNTS"::numeric as total_discounts,
    "CUSTOMER" ->> 'ID' as customer_id,
    "LINE_ITEMS" as line_items,
    "REFUNDS" as refunds,
    "SHIPPING_ADDRESS" as shipping_address,
    "BILLING_ADDRESS" as billing_address,
    "_PORTABLE_EXTRACTED" as portable_extracted_at,
    _airbyte_extracted_at
from "airbyte_db"."raw"."orders"
  );
[0m12:44:11.087368 [debug] [Thread-3  ]: On model.shopify_assessment.stg_products: /* {"app": "dbt", "dbt_version": "1.10.20", "profile_name": "shopify_assessment", "target_name": "staging", "node_id": "model.shopify_assessment.stg_products"} */

  create view "airbyte_db"."staging_staging"."stg_products__dbt_tmp"
    
    
  as (
    select
    "ID" as product_id,
    "ADMIN_GRAPHQL_API_ID" as admin_graphql_api_id,
    "TITLE" as product_title,
    "PRODUCT_TYPE" as product_type,
    "VENDOR" as vendor,
    "TAGS" as tags,
    "OPTIONS" as options,
    "VARIANTS" as variants,
    "_PORTABLE_EXTRACTED" as portable_extracted_at,
    _airbyte_extracted_at
from "airbyte_db"."raw"."products"
  );
[0m12:44:11.097372 [debug] [Thread-1  ]: Using postgres connection "model.shopify_assessment.stg_customers"
[0m12:44:11.099375 [debug] [Thread-1  ]: On model.shopify_assessment.stg_customers: /* {"app": "dbt", "dbt_version": "1.10.20", "profile_name": "shopify_assessment", "target_name": "staging", "node_id": "model.shopify_assessment.stg_customers"} */
alter table "airbyte_db"."staging_staging"."stg_customers" rename to "stg_customers__dbt_backup"
[0m12:44:11.102371 [debug] [Thread-3  ]: SQL status: CREATE VIEW in 0.003 seconds
[0m12:44:11.103374 [debug] [Thread-1  ]: SQL status: ALTER TABLE in 0.002 seconds
[0m12:44:11.104372 [debug] [Thread-2  ]: SQL status: CREATE VIEW in 0.005 seconds
[0m12:44:11.108369 [debug] [Thread-3  ]: Using postgres connection "model.shopify_assessment.stg_products"
[0m12:44:11.114369 [debug] [Thread-1  ]: Using postgres connection "model.shopify_assessment.stg_customers"
[0m12:44:11.118368 [debug] [Thread-2  ]: Using postgres connection "model.shopify_assessment.stg_orders"
[0m12:44:11.119368 [debug] [Thread-3  ]: On model.shopify_assessment.stg_products: /* {"app": "dbt", "dbt_version": "1.10.20", "profile_name": "shopify_assessment", "target_name": "staging", "node_id": "model.shopify_assessment.stg_products"} */
alter table "airbyte_db"."staging_staging"."stg_products" rename to "stg_products__dbt_backup"
[0m12:44:11.120371 [debug] [Thread-1  ]: On model.shopify_assessment.stg_customers: /* {"app": "dbt", "dbt_version": "1.10.20", "profile_name": "shopify_assessment", "target_name": "staging", "node_id": "model.shopify_assessment.stg_customers"} */
alter table "airbyte_db"."staging_staging"."stg_customers__dbt_tmp" rename to "stg_customers"
[0m12:44:11.121369 [debug] [Thread-2  ]: On model.shopify_assessment.stg_orders: /* {"app": "dbt", "dbt_version": "1.10.20", "profile_name": "shopify_assessment", "target_name": "staging", "node_id": "model.shopify_assessment.stg_orders"} */
alter table "airbyte_db"."staging_staging"."stg_orders" rename to "stg_orders__dbt_backup"
[0m12:44:11.123374 [debug] [Thread-3  ]: SQL status: ALTER TABLE in 0.001 seconds
[0m12:44:11.123374 [debug] [Thread-1  ]: SQL status: ALTER TABLE in 0.002 seconds
[0m12:44:11.124369 [debug] [Thread-2  ]: SQL status: ALTER TABLE in 0.002 seconds
[0m12:44:11.129367 [debug] [Thread-3  ]: Using postgres connection "model.shopify_assessment.stg_products"
[0m12:44:11.154369 [debug] [Thread-1  ]: On model.shopify_assessment.stg_customers: COMMIT
[0m12:44:11.162367 [debug] [Thread-2  ]: Using postgres connection "model.shopify_assessment.stg_orders"
[0m12:44:11.163372 [debug] [Thread-3  ]: On model.shopify_assessment.stg_products: /* {"app": "dbt", "dbt_version": "1.10.20", "profile_name": "shopify_assessment", "target_name": "staging", "node_id": "model.shopify_assessment.stg_products"} */
alter table "airbyte_db"."staging_staging"."stg_products__dbt_tmp" rename to "stg_products"
[0m12:44:11.164371 [debug] [Thread-1  ]: Using postgres connection "model.shopify_assessment.stg_customers"
[0m12:44:11.165370 [debug] [Thread-2  ]: On model.shopify_assessment.stg_orders: /* {"app": "dbt", "dbt_version": "1.10.20", "profile_name": "shopify_assessment", "target_name": "staging", "node_id": "model.shopify_assessment.stg_orders"} */
alter table "airbyte_db"."staging_staging"."stg_orders__dbt_tmp" rename to "stg_orders"
[0m12:44:11.167372 [debug] [Thread-1  ]: On model.shopify_assessment.stg_customers: COMMIT
[0m12:44:11.169370 [debug] [Thread-3  ]: SQL status: ALTER TABLE in 0.002 seconds
[0m12:44:11.173368 [debug] [Thread-3  ]: On model.shopify_assessment.stg_products: COMMIT
[0m12:44:11.174369 [debug] [Thread-2  ]: SQL status: ALTER TABLE in 0.005 seconds
[0m12:44:11.176371 [debug] [Thread-1  ]: SQL status: COMMIT in 0.006 seconds
[0m12:44:11.177373 [debug] [Thread-3  ]: Using postgres connection "model.shopify_assessment.stg_products"
[0m12:44:11.179372 [debug] [Thread-2  ]: On model.shopify_assessment.stg_orders: COMMIT
[0m12:44:11.189368 [debug] [Thread-1  ]: Applying DROP to: "airbyte_db"."staging_staging"."stg_customers__dbt_backup"
[0m12:44:11.190369 [debug] [Thread-3  ]: On model.shopify_assessment.stg_products: COMMIT
[0m12:44:11.190369 [debug] [Thread-2  ]: Using postgres connection "model.shopify_assessment.stg_orders"
[0m12:44:11.199370 [debug] [Thread-1  ]: Using postgres connection "model.shopify_assessment.stg_customers"
[0m12:44:11.200374 [debug] [Thread-2  ]: On model.shopify_assessment.stg_orders: COMMIT
[0m12:44:11.201371 [debug] [Thread-1  ]: On model.shopify_assessment.stg_customers: /* {"app": "dbt", "dbt_version": "1.10.20", "profile_name": "shopify_assessment", "target_name": "staging", "node_id": "model.shopify_assessment.stg_customers"} */
drop view if exists "airbyte_db"."staging_staging"."stg_customers__dbt_backup" cascade
[0m12:44:11.204374 [debug] [Thread-3  ]: SQL status: COMMIT in 0.005 seconds
[0m12:44:11.210370 [debug] [Thread-3  ]: Applying DROP to: "airbyte_db"."staging_staging"."stg_products__dbt_backup"
[0m12:44:11.211369 [debug] [Thread-3  ]: Using postgres connection "model.shopify_assessment.stg_products"
[0m12:44:11.212368 [debug] [Thread-3  ]: On model.shopify_assessment.stg_products: /* {"app": "dbt", "dbt_version": "1.10.20", "profile_name": "shopify_assessment", "target_name": "staging", "node_id": "model.shopify_assessment.stg_products"} */
drop view if exists "airbyte_db"."staging_staging"."stg_products__dbt_backup" cascade
[0m12:44:11.213370 [debug] [Thread-1  ]: SQL status: DROP VIEW in 0.011 seconds
[0m12:44:11.214369 [debug] [Thread-2  ]: SQL status: COMMIT in 0.012 seconds
[0m12:44:11.219370 [debug] [Thread-1  ]: On model.shopify_assessment.stg_customers: Close
[0m12:44:11.225372 [debug] [Thread-2  ]: Applying DROP to: "airbyte_db"."staging_staging"."stg_orders__dbt_backup"
[0m12:44:11.226369 [debug] [Thread-3  ]: SQL status: DROP VIEW in 0.013 seconds
[0m12:44:11.232057 [debug] [Thread-2  ]: Using postgres connection "model.shopify_assessment.stg_orders"
[0m12:44:11.233057 [debug] [Thread-1  ]: Sending event: {'category': 'dbt', 'action': 'run_model', 'label': 'eb990a25-b7e3-4546-93d7-4a63a2ee2044', 'context': [<snowplow_tracker.self_describing_json.SelfDescribingJson object at 0x0000014C8FB6C550>]}
[0m12:44:11.235057 [debug] [Thread-3  ]: On model.shopify_assessment.stg_products: Close
[0m12:44:11.236057 [debug] [Thread-2  ]: On model.shopify_assessment.stg_orders: /* {"app": "dbt", "dbt_version": "1.10.20", "profile_name": "shopify_assessment", "target_name": "staging", "node_id": "model.shopify_assessment.stg_orders"} */
drop view if exists "airbyte_db"."staging_staging"."stg_orders__dbt_backup" cascade
[0m12:44:11.237057 [info ] [Thread-1  ]: 1 of 7 OK created sql view model staging_staging.stg_customers ................. [[32mCREATE VIEW[0m in 0.28s]
[0m12:44:11.240062 [debug] [Thread-3  ]: Sending event: {'category': 'dbt', 'action': 'run_model', 'label': 'eb990a25-b7e3-4546-93d7-4a63a2ee2044', 'context': [<snowplow_tracker.self_describing_json.SelfDescribingJson object at 0x0000014C8FB2B8B0>]}
[0m12:44:11.243062 [debug] [Thread-1  ]: Finished running node model.shopify_assessment.stg_customers
[0m12:44:11.245058 [info ] [Thread-3  ]: 3 of 7 OK created sql view model staging_staging.stg_products .................. [[32mCREATE VIEW[0m in 0.28s]
[0m12:44:11.248057 [debug] [Thread-3  ]: Finished running node model.shopify_assessment.stg_products
[0m12:44:11.248057 [debug] [Thread-2  ]: SQL status: DROP VIEW in 0.008 seconds
[0m12:44:11.249058 [debug] [Thread-4  ]: Began running node model.shopify_assessment.stg_product_variants
[0m12:44:11.251057 [debug] [Thread-2  ]: On model.shopify_assessment.stg_orders: Close
[0m12:44:11.252056 [info ] [Thread-4  ]: 4 of 7 START sql view model staging_staging.stg_product_variants ............... [RUN]
[0m12:44:11.254064 [debug] [Thread-2  ]: Sending event: {'category': 'dbt', 'action': 'run_model', 'label': 'eb990a25-b7e3-4546-93d7-4a63a2ee2044', 'context': [<snowplow_tracker.self_describing_json.SelfDescribingJson object at 0x0000014C8FC2A550>]}
[0m12:44:11.256077 [debug] [Thread-4  ]: Acquiring new postgres connection 'model.shopify_assessment.stg_product_variants'
[0m12:44:11.258058 [info ] [Thread-2  ]: 2 of 7 OK created sql view model staging_staging.stg_orders .................... [[32mCREATE VIEW[0m in 0.30s]
[0m12:44:11.260057 [debug] [Thread-4  ]: Began compiling node model.shopify_assessment.stg_product_variants
[0m12:44:11.262060 [debug] [Thread-2  ]: Finished running node model.shopify_assessment.stg_orders
[0m12:44:11.266063 [debug] [Thread-4  ]: Writing injected SQL for node "model.shopify_assessment.stg_product_variants"
[0m12:44:11.267058 [debug] [Thread-3  ]: Began running node model.shopify_assessment.stg_order_line_items
[0m12:44:11.269059 [info ] [Thread-3  ]: 5 of 7 START sql view model staging_staging.stg_order_line_items ............... [RUN]
[0m12:44:11.270057 [debug] [Thread-3  ]: Re-using an available connection from the pool (formerly model.shopify_assessment.stg_products, now model.shopify_assessment.stg_order_line_items)
[0m12:44:11.270057 [debug] [Thread-4  ]: Began executing node model.shopify_assessment.stg_product_variants
[0m12:44:11.271057 [debug] [Thread-3  ]: Began compiling node model.shopify_assessment.stg_order_line_items
[0m12:44:11.279059 [debug] [Thread-4  ]: Writing runtime sql for node "model.shopify_assessment.stg_product_variants"
[0m12:44:11.282055 [debug] [Thread-3  ]: Writing injected SQL for node "model.shopify_assessment.stg_order_line_items"
[0m12:44:11.284058 [debug] [Thread-4  ]: Using postgres connection "model.shopify_assessment.stg_product_variants"
[0m12:44:11.285059 [debug] [Thread-3  ]: Began executing node model.shopify_assessment.stg_order_line_items
[0m12:44:11.285059 [debug] [Thread-4  ]: On model.shopify_assessment.stg_product_variants: BEGIN
[0m12:44:11.290055 [debug] [Thread-3  ]: Writing runtime sql for node "model.shopify_assessment.stg_order_line_items"
[0m12:44:11.291056 [debug] [Thread-4  ]: Opening a new connection, currently in state init
[0m12:44:11.294059 [debug] [Thread-3  ]: Using postgres connection "model.shopify_assessment.stg_order_line_items"
[0m12:44:11.296061 [debug] [Thread-3  ]: On model.shopify_assessment.stg_order_line_items: BEGIN
[0m12:44:11.298066 [debug] [Thread-3  ]: Opening a new connection, currently in state closed
[0m12:44:11.316056 [debug] [Thread-4  ]: SQL status: BEGIN in 0.025 seconds
[0m12:44:11.317061 [debug] [Thread-4  ]: Using postgres connection "model.shopify_assessment.stg_product_variants"
[0m12:44:11.318062 [debug] [Thread-4  ]: On model.shopify_assessment.stg_product_variants: /* {"app": "dbt", "dbt_version": "1.10.20", "profile_name": "shopify_assessment", "target_name": "staging", "node_id": "model.shopify_assessment.stg_product_variants"} */

  create view "airbyte_db"."staging_staging"."stg_product_variants__dbt_tmp"
    
    
  as (
    select
    p.product_id,
    v.value ->> 'ID' as variant_id,
    v.value ->> 'SKU' as sku,
    v.value ->> 'TITLE' as variant_title,
    v.value ->> 'OPTION1' as option1,
    v.value ->> 'OPTION2' as option2,
    (v.value ->> 'PRICE')::numeric as price,
    (v.value ->> 'INVENTORY_QUANTITY')::integer as inventory_quantity,
    to_timestamp((v.value ->> 'CREATED_AT')::numeric) as created_at,
    to_timestamp((v.value ->> 'UPDATED_AT')::numeric) as updated_at
from "airbyte_db"."staging_staging"."stg_products" p
cross join lateral jsonb_array_elements(p.variants) as v(value)
  );
[0m12:44:11.320063 [debug] [Thread-3  ]: SQL status: BEGIN in 0.022 seconds
[0m12:44:11.321062 [debug] [Thread-3  ]: Using postgres connection "model.shopify_assessment.stg_order_line_items"
[0m12:44:11.322061 [debug] [Thread-3  ]: On model.shopify_assessment.stg_order_line_items: /* {"app": "dbt", "dbt_version": "1.10.20", "profile_name": "shopify_assessment", "target_name": "staging", "node_id": "model.shopify_assessment.stg_order_line_items"} */

  create view "airbyte_db"."staging_staging"."stg_order_line_items__dbt_tmp"
    
    
  as (
    select
    o.order_id,
    li.value ->> 'ID' as line_item_id,
    li.value ->> 'PRODUCT_ID' as product_id,
    li.value ->> 'VARIANT_ID' as variant_id,
    li.value ->> 'SKU' as sku,
    li.value ->> 'TITLE' as product_title,
    li.value ->> 'VENDOR' as vendor,
    (li.value ->> 'QUANTITY')::integer as quantity,
    (li.value ->> 'PRICE')::numeric as price
from "airbyte_db"."staging_staging"."stg_orders" o
cross join lateral jsonb_array_elements(o.line_items) as li(value)
  );
[0m12:44:11.323058 [debug] [Thread-4  ]: SQL status: CREATE VIEW in 0.003 seconds
[0m12:44:11.329055 [debug] [Thread-4  ]: Using postgres connection "model.shopify_assessment.stg_product_variants"
[0m12:44:11.330055 [debug] [Thread-3  ]: SQL status: CREATE VIEW in 0.006 seconds
[0m12:44:11.330055 [debug] [Thread-4  ]: On model.shopify_assessment.stg_product_variants: /* {"app": "dbt", "dbt_version": "1.10.20", "profile_name": "shopify_assessment", "target_name": "staging", "node_id": "model.shopify_assessment.stg_product_variants"} */
alter table "airbyte_db"."staging_staging"."stg_product_variants__dbt_tmp" rename to "stg_product_variants"
[0m12:44:11.335057 [debug] [Thread-3  ]: Using postgres connection "model.shopify_assessment.stg_order_line_items"
[0m12:44:11.337058 [debug] [Thread-3  ]: On model.shopify_assessment.stg_order_line_items: /* {"app": "dbt", "dbt_version": "1.10.20", "profile_name": "shopify_assessment", "target_name": "staging", "node_id": "model.shopify_assessment.stg_order_line_items"} */
alter table "airbyte_db"."staging_staging"."stg_order_line_items__dbt_tmp" rename to "stg_order_line_items"
[0m12:44:11.337058 [debug] [Thread-4  ]: SQL status: ALTER TABLE in 0.001 seconds
[0m12:44:11.340058 [debug] [Thread-4  ]: On model.shopify_assessment.stg_product_variants: COMMIT
[0m12:44:11.341059 [debug] [Thread-3  ]: SQL status: ALTER TABLE in 0.003 seconds
[0m12:44:11.342059 [debug] [Thread-4  ]: Using postgres connection "model.shopify_assessment.stg_product_variants"
[0m12:44:11.344057 [debug] [Thread-3  ]: On model.shopify_assessment.stg_order_line_items: COMMIT
[0m12:44:11.345055 [debug] [Thread-4  ]: On model.shopify_assessment.stg_product_variants: COMMIT
[0m12:44:11.346058 [debug] [Thread-3  ]: Using postgres connection "model.shopify_assessment.stg_order_line_items"
[0m12:44:11.347057 [debug] [Thread-3  ]: On model.shopify_assessment.stg_order_line_items: COMMIT
[0m12:44:11.352056 [debug] [Thread-4  ]: SQL status: COMMIT in 0.005 seconds
[0m12:44:11.358061 [debug] [Thread-4  ]: Applying DROP to: "airbyte_db"."staging_staging"."stg_product_variants__dbt_backup"
[0m12:44:11.359057 [debug] [Thread-3  ]: SQL status: COMMIT in 0.011 seconds
[0m12:44:11.361067 [debug] [Thread-4  ]: Using postgres connection "model.shopify_assessment.stg_product_variants"
[0m12:44:11.366061 [debug] [Thread-3  ]: Applying DROP to: "airbyte_db"."staging_staging"."stg_order_line_items__dbt_backup"
[0m12:44:11.367057 [debug] [Thread-4  ]: On model.shopify_assessment.stg_product_variants: /* {"app": "dbt", "dbt_version": "1.10.20", "profile_name": "shopify_assessment", "target_name": "staging", "node_id": "model.shopify_assessment.stg_product_variants"} */
drop view if exists "airbyte_db"."staging_staging"."stg_product_variants__dbt_backup" cascade
[0m12:44:11.368057 [debug] [Thread-3  ]: Using postgres connection "model.shopify_assessment.stg_order_line_items"
[0m12:44:11.369058 [debug] [Thread-3  ]: On model.shopify_assessment.stg_order_line_items: /* {"app": "dbt", "dbt_version": "1.10.20", "profile_name": "shopify_assessment", "target_name": "staging", "node_id": "model.shopify_assessment.stg_order_line_items"} */
drop view if exists "airbyte_db"."staging_staging"."stg_order_line_items__dbt_backup" cascade
[0m12:44:11.370059 [debug] [Thread-4  ]: SQL status: DROP VIEW in 0.001 seconds
[0m12:44:11.373059 [debug] [Thread-4  ]: On model.shopify_assessment.stg_product_variants: Close
[0m12:44:11.374061 [debug] [Thread-3  ]: SQL status: DROP VIEW in 0.003 seconds
[0m12:44:11.380058 [debug] [Thread-3  ]: On model.shopify_assessment.stg_order_line_items: Close
[0m12:44:11.381057 [debug] [Thread-4  ]: Sending event: {'category': 'dbt', 'action': 'run_model', 'label': 'eb990a25-b7e3-4546-93d7-4a63a2ee2044', 'context': [<snowplow_tracker.self_describing_json.SelfDescribingJson object at 0x0000014C8FCCCD30>]}
[0m12:44:11.384064 [debug] [Thread-3  ]: Sending event: {'category': 'dbt', 'action': 'run_model', 'label': 'eb990a25-b7e3-4546-93d7-4a63a2ee2044', 'context': [<snowplow_tracker.self_describing_json.SelfDescribingJson object at 0x0000014C8FC13FA0>]}
[0m12:44:11.386057 [info ] [Thread-4  ]: 4 of 7 OK created sql view model staging_staging.stg_product_variants .......... [[32mCREATE VIEW[0m in 0.13s]
[0m12:44:11.387059 [info ] [Thread-3  ]: 5 of 7 OK created sql view model staging_staging.stg_order_line_items .......... [[32mCREATE VIEW[0m in 0.11s]
[0m12:44:11.389074 [debug] [Thread-4  ]: Finished running node model.shopify_assessment.stg_product_variants
[0m12:44:11.390058 [debug] [Thread-3  ]: Finished running node model.shopify_assessment.stg_order_line_items
[0m12:44:11.392059 [debug] [Thread-2  ]: Began running node model.shopify_assessment.int_order_line_agg
[0m12:44:11.393060 [info ] [Thread-2  ]: 6 of 7 START sql view model staging_staging.int_order_line_agg ................. [RUN]
[0m12:44:11.395059 [debug] [Thread-2  ]: Re-using an available connection from the pool (formerly model.shopify_assessment.stg_orders, now model.shopify_assessment.int_order_line_agg)
[0m12:44:11.395059 [debug] [Thread-2  ]: Began compiling node model.shopify_assessment.int_order_line_agg
[0m12:44:11.399056 [debug] [Thread-2  ]: Writing injected SQL for node "model.shopify_assessment.int_order_line_agg"
[0m12:44:11.401058 [debug] [Thread-2  ]: Began executing node model.shopify_assessment.int_order_line_agg
[0m12:44:11.410060 [debug] [Thread-2  ]: Writing runtime sql for node "model.shopify_assessment.int_order_line_agg"
[0m12:44:11.411057 [debug] [Thread-2  ]: Using postgres connection "model.shopify_assessment.int_order_line_agg"
[0m12:44:11.412057 [debug] [Thread-2  ]: On model.shopify_assessment.int_order_line_agg: BEGIN
[0m12:44:11.413057 [debug] [Thread-2  ]: Opening a new connection, currently in state closed
[0m12:44:11.430057 [debug] [Thread-2  ]: SQL status: BEGIN in 0.017 seconds
[0m12:44:11.431058 [debug] [Thread-2  ]: Using postgres connection "model.shopify_assessment.int_order_line_agg"
[0m12:44:11.431058 [debug] [Thread-2  ]: On model.shopify_assessment.int_order_line_agg: /* {"app": "dbt", "dbt_version": "1.10.20", "profile_name": "shopify_assessment", "target_name": "staging", "node_id": "model.shopify_assessment.int_order_line_agg"} */

  create view "airbyte_db"."staging_staging"."int_order_line_agg__dbt_tmp"
    
    
  as (
    select
    order_id,
    count(*) as line_item_count,
    sum(quantity) as total_quantity,
    sum(quantity * price) as calculated_line_item_amount
from "airbyte_db"."staging_staging"."stg_order_line_items"
group by order_id
  );
[0m12:44:11.437671 [debug] [Thread-2  ]: SQL status: CREATE VIEW in 0.006 seconds
[0m12:44:11.442670 [debug] [Thread-2  ]: Using postgres connection "model.shopify_assessment.int_order_line_agg"
[0m12:44:11.443668 [debug] [Thread-2  ]: On model.shopify_assessment.int_order_line_agg: /* {"app": "dbt", "dbt_version": "1.10.20", "profile_name": "shopify_assessment", "target_name": "staging", "node_id": "model.shopify_assessment.int_order_line_agg"} */
alter table "airbyte_db"."staging_staging"."int_order_line_agg__dbt_tmp" rename to "int_order_line_agg"
[0m12:44:11.444673 [debug] [Thread-2  ]: SQL status: ALTER TABLE in 0.001 seconds
[0m12:44:11.446669 [debug] [Thread-2  ]: On model.shopify_assessment.int_order_line_agg: COMMIT
[0m12:44:11.447669 [debug] [Thread-2  ]: Using postgres connection "model.shopify_assessment.int_order_line_agg"
[0m12:44:11.448669 [debug] [Thread-2  ]: On model.shopify_assessment.int_order_line_agg: COMMIT
[0m12:44:11.453686 [debug] [Thread-2  ]: SQL status: COMMIT in 0.005 seconds
[0m12:44:11.457668 [debug] [Thread-2  ]: Applying DROP to: "airbyte_db"."staging_staging"."int_order_line_agg__dbt_backup"
[0m12:44:11.458673 [debug] [Thread-2  ]: Using postgres connection "model.shopify_assessment.int_order_line_agg"
[0m12:44:11.459672 [debug] [Thread-2  ]: On model.shopify_assessment.int_order_line_agg: /* {"app": "dbt", "dbt_version": "1.10.20", "profile_name": "shopify_assessment", "target_name": "staging", "node_id": "model.shopify_assessment.int_order_line_agg"} */
drop view if exists "airbyte_db"."staging_staging"."int_order_line_agg__dbt_backup" cascade
[0m12:44:11.461671 [debug] [Thread-2  ]: SQL status: DROP VIEW in 0.001 seconds
[0m12:44:11.463671 [debug] [Thread-2  ]: On model.shopify_assessment.int_order_line_agg: Close
[0m12:44:11.464674 [debug] [Thread-2  ]: Sending event: {'category': 'dbt', 'action': 'run_model', 'label': 'eb990a25-b7e3-4546-93d7-4a63a2ee2044', 'context': [<snowplow_tracker.self_describing_json.SelfDescribingJson object at 0x0000014C8FB2B8B0>]}
[0m12:44:11.467680 [info ] [Thread-2  ]: 6 of 7 OK created sql view model staging_staging.int_order_line_agg ............ [[32mCREATE VIEW[0m in 0.07s]
[0m12:44:11.469670 [debug] [Thread-2  ]: Finished running node model.shopify_assessment.int_order_line_agg
[0m12:44:11.470672 [debug] [Thread-4  ]: Began running node model.shopify_assessment.fct_order_summary
[0m12:44:11.471670 [info ] [Thread-4  ]: 7 of 7 START sql table model staging_marts.fct_order_summary ................... [RUN]
[0m12:44:11.472668 [debug] [Thread-4  ]: Re-using an available connection from the pool (formerly model.shopify_assessment.stg_product_variants, now model.shopify_assessment.fct_order_summary)
[0m12:44:11.473674 [debug] [Thread-4  ]: Began compiling node model.shopify_assessment.fct_order_summary
[0m12:44:11.537669 [debug] [Thread-4  ]: Writing injected SQL for node "model.shopify_assessment.fct_order_summary"
[0m12:44:11.538670 [debug] [Thread-4  ]: Began executing node model.shopify_assessment.fct_order_summary
[0m12:44:11.564669 [debug] [Thread-4  ]: Writing runtime sql for node "model.shopify_assessment.fct_order_summary"
[0m12:44:11.566670 [debug] [Thread-4  ]: Using postgres connection "model.shopify_assessment.fct_order_summary"
[0m12:44:11.567671 [debug] [Thread-4  ]: On model.shopify_assessment.fct_order_summary: BEGIN
[0m12:44:11.567671 [debug] [Thread-4  ]: Opening a new connection, currently in state closed
[0m12:44:11.604672 [debug] [Thread-4  ]: SQL status: BEGIN in 0.036 seconds
[0m12:44:11.605670 [debug] [Thread-4  ]: Using postgres connection "model.shopify_assessment.fct_order_summary"
[0m12:44:11.605670 [debug] [Thread-4  ]: On model.shopify_assessment.fct_order_summary: /* {"app": "dbt", "dbt_version": "1.10.20", "profile_name": "shopify_assessment", "target_name": "staging", "node_id": "model.shopify_assessment.fct_order_summary"} */

  
    

  create  table "airbyte_db"."staging_marts"."fct_order_summary__dbt_tmp"
  
  
    as
  
  (
    select
    o.order_id,
    o.order_name,
    o.customer_id,
    c.admin_graphql_api_id as customer_graphql_api_id,
    o.created_at as order_created_at,
    o.email as order_email,
    o.currency,
    o.financial_status,
    o.fulfillment_status,
    o.total_price,
    o.subtotal_price,
    o.total_tax,
    o.total_discounts,
    coalesce(l.line_item_count, 0) as line_item_count,
    coalesce(l.total_quantity, 0) as total_quantity,
    coalesce(l.calculated_line_item_amount, 0) as calculated_line_item_amount,
    o.portable_extracted_at,
    o._airbyte_extracted_at
from "airbyte_db"."staging_staging"."stg_orders" o
left join "airbyte_db"."staging_staging"."stg_customers" c
    on o.customer_id = c.customer_id
left join "airbyte_db"."staging_staging"."int_order_line_agg" l
    on o.order_id = l.order_id
  );
  
[0m12:44:11.736983 [debug] [Thread-4  ]: SQL status: SELECT 1000 in 0.130 seconds
[0m12:44:11.745982 [debug] [Thread-4  ]: Using postgres connection "model.shopify_assessment.fct_order_summary"
[0m12:44:11.746985 [debug] [Thread-4  ]: On model.shopify_assessment.fct_order_summary: /* {"app": "dbt", "dbt_version": "1.10.20", "profile_name": "shopify_assessment", "target_name": "staging", "node_id": "model.shopify_assessment.fct_order_summary"} */
alter table "airbyte_db"."staging_marts"."fct_order_summary__dbt_tmp" rename to "fct_order_summary"
[0m12:44:11.747983 [debug] [Thread-4  ]: SQL status: ALTER TABLE in 0.001 seconds
[0m12:44:11.750981 [debug] [Thread-4  ]: On model.shopify_assessment.fct_order_summary: COMMIT
[0m12:44:11.750981 [debug] [Thread-4  ]: Using postgres connection "model.shopify_assessment.fct_order_summary"
[0m12:44:11.751981 [debug] [Thread-4  ]: On model.shopify_assessment.fct_order_summary: COMMIT
[0m12:44:11.758980 [debug] [Thread-4  ]: SQL status: COMMIT in 0.007 seconds
[0m12:44:11.763982 [debug] [Thread-4  ]: Applying DROP to: "airbyte_db"."staging_marts"."fct_order_summary__dbt_backup"
[0m12:44:11.768982 [debug] [Thread-4  ]: Using postgres connection "model.shopify_assessment.fct_order_summary"
[0m12:44:11.769983 [debug] [Thread-4  ]: On model.shopify_assessment.fct_order_summary: /* {"app": "dbt", "dbt_version": "1.10.20", "profile_name": "shopify_assessment", "target_name": "staging", "node_id": "model.shopify_assessment.fct_order_summary"} */
drop table if exists "airbyte_db"."staging_marts"."fct_order_summary__dbt_backup" cascade
[0m12:44:11.771983 [debug] [Thread-4  ]: SQL status: DROP TABLE in 0.001 seconds
[0m12:44:11.773984 [debug] [Thread-4  ]: On model.shopify_assessment.fct_order_summary: Close
[0m12:44:11.776986 [debug] [Thread-4  ]: Sending event: {'category': 'dbt', 'action': 'run_model', 'label': 'eb990a25-b7e3-4546-93d7-4a63a2ee2044', 'context': [<snowplow_tracker.self_describing_json.SelfDescribingJson object at 0x0000014C8FCDDE20>]}
[0m12:44:11.779986 [info ] [Thread-4  ]: 7 of 7 OK created sql table model staging_marts.fct_order_summary .............. [[32mSELECT 1000[0m in 0.30s]
[0m12:44:11.782979 [debug] [Thread-4  ]: Finished running node model.shopify_assessment.fct_order_summary
[0m12:44:11.783983 [debug] [MainThread]: Using postgres connection "master"
[0m12:44:11.784981 [debug] [MainThread]: On master: BEGIN
[0m12:44:11.785981 [debug] [MainThread]: Opening a new connection, currently in state closed
[0m12:44:11.821978 [debug] [MainThread]: SQL status: BEGIN in 0.036 seconds
[0m12:44:11.822983 [debug] [MainThread]: On master: COMMIT
[0m12:44:11.823985 [debug] [MainThread]: Using postgres connection "master"
[0m12:44:11.823985 [debug] [MainThread]: On master: COMMIT
[0m12:44:11.825984 [debug] [MainThread]: SQL status: COMMIT in 0.001 seconds
[0m12:44:11.826982 [debug] [MainThread]: On master: Close
[0m12:44:11.828984 [debug] [MainThread]: Connection 'master' was properly closed.
[0m12:44:11.829983 [debug] [MainThread]: Connection 'list_airbyte_db' was properly closed.
[0m12:44:11.830982 [debug] [MainThread]: Connection 'create_airbyte_db_staging_marts' was properly closed.
[0m12:44:11.831982 [debug] [MainThread]: Connection 'list_airbyte_db_staging_marts' was properly closed.
[0m12:44:11.831982 [debug] [MainThread]: Connection 'list_airbyte_db_staging_staging' was properly closed.
[0m12:44:11.832981 [debug] [MainThread]: Connection 'model.shopify_assessment.stg_customers' was properly closed.
[0m12:44:11.833980 [debug] [MainThread]: Connection 'model.shopify_assessment.int_order_line_agg' was properly closed.
[0m12:44:11.833980 [debug] [MainThread]: Connection 'model.shopify_assessment.stg_order_line_items' was properly closed.
[0m12:44:11.834979 [debug] [MainThread]: Connection 'model.shopify_assessment.fct_order_summary' was properly closed.
[0m12:44:11.835980 [info ] [MainThread]: 
[0m12:44:11.835980 [info ] [MainThread]: Finished running 1 table model, 6 view models in 0 hours 0 minutes and 1.22 seconds (1.22s).
[0m12:44:11.839982 [debug] [MainThread]: Command end result
[0m12:44:11.869978 [debug] [MainThread]: Wrote artifact WritableManifest to C:\Users\Owner\data-engineering-assessment\dbt_shopify\target\manifest.json
[0m12:44:11.874980 [debug] [MainThread]: Wrote artifact SemanticManifest to C:\Users\Owner\data-engineering-assessment\dbt_shopify\target\semantic_manifest.json
[0m12:44:11.883980 [debug] [MainThread]: Wrote artifact RunExecutionResult to C:\Users\Owner\data-engineering-assessment\dbt_shopify\target\run_results.json
[0m12:44:11.883980 [info ] [MainThread]: 
[0m12:44:11.884981 [info ] [MainThread]: [32mCompleted successfully[0m
[0m12:44:11.885982 [info ] [MainThread]: 
[0m12:44:11.886982 [info ] [MainThread]: Done. PASS=7 WARN=0 ERROR=0 SKIP=0 NO-OP=0 TOTAL=7
[0m12:44:11.888981 [debug] [MainThread]: Command `dbt run` succeeded at 12:44:11.888981 after 3.59 seconds
[0m12:44:11.890013 [debug] [MainThread]: Sending event: {'category': 'dbt', 'action': 'invocation', 'label': 'end', 'context': [<snowplow_tracker.self_describing_json.SelfDescribingJson object at 0x0000014C8CB1F550>, <snowplow_tracker.self_describing_json.SelfDescribingJson object at 0x0000014C8CEDA070>, <snowplow_tracker.self_describing_json.SelfDescribingJson object at 0x0000014C8E845FD0>]}
[0m12:44:11.890980 [debug] [MainThread]: Flushing usage events
[0m12:44:12.394025 [debug] [MainThread]: An error was encountered while trying to flush usage events
[0m12:44:21.946372 [debug] [MainThread]: Sending event: {'category': 'dbt', 'action': 'invocation', 'label': 'start', 'context': [<snowplow_tracker.self_describing_json.SelfDescribingJson object at 0x000001EF76160490>, <snowplow_tracker.self_describing_json.SelfDescribingJson object at 0x000001EF77D053A0>, <snowplow_tracker.self_describing_json.SelfDescribingJson object at 0x000001EF77D05130>]}


============================== 12:44:21.950372 | da032e7e-352c-4025-93ea-b2fcf5264846 ==============================
[0m12:44:21.950372 [info ] [MainThread]: Running with dbt=1.10.20
[0m12:44:21.951370 [debug] [MainThread]: running dbt with arguments {'fail_fast': 'False', 'debug': 'False', 'log_cache_events': 'False', 'send_anonymous_usage_stats': 'True', 'cache_selected_only': 'False', 'warn_error_options': 'WarnErrorOptionsV2(error=[], warn=[], silence=[])', 'target_path': 'None', 'invocation_command': 'dbt test --target staging', 'version_check': 'True', 'empty': 'None', 'printer_width': '80', 'partial_parse': 'True', 'log_path': 'C:\\Users\\Owner\\data-engineering-assessment\\dbt_shopify\\logs', 'introspect': 'True', 'warn_error': 'None', 'write_json': 'True', 'log_format': 'default', 'no_print': 'None', 'quiet': 'False', 'static_parser': 'True', 'profiles_dir': 'C:\\Users\\Owner\\.dbt', 'use_experimental_parser': 'False', 'use_colors': 'True', 'indirect_selection': 'eager'}
[0m12:44:22.205068 [debug] [MainThread]: Sending event: {'category': 'dbt', 'action': 'project_id', 'label': 'da032e7e-352c-4025-93ea-b2fcf5264846', 'context': [<snowplow_tracker.self_describing_json.SelfDescribingJson object at 0x000001EF77CD3A00>]}
[0m12:44:22.284642 [debug] [MainThread]: Sending event: {'category': 'dbt', 'action': 'adapter_info', 'label': 'da032e7e-352c-4025-93ea-b2fcf5264846', 'context': [<snowplow_tracker.self_describing_json.SelfDescribingJson object at 0x000001EF77DBD4C0>]}
[0m12:44:22.286644 [info ] [MainThread]: Registered adapter: postgres=1.9.1
[0m12:44:22.701167 [debug] [MainThread]: checksum: a59e7b2b447fd8a57b2be28e7355e6b39fd61763d8c6e0ea8982126488badb66, vars: {}, profile: , target: staging, version: 1.10.20
[0m12:44:22.954941 [debug] [MainThread]: Partial parsing enabled: 0 files deleted, 0 files added, 0 files changed.
[0m12:44:22.955975 [debug] [MainThread]: Partial parsing enabled, no changes found, skipping parsing
[0m12:44:23.028939 [debug] [MainThread]: Sending event: {'category': 'dbt', 'action': 'load_project', 'label': 'da032e7e-352c-4025-93ea-b2fcf5264846', 'context': [<snowplow_tracker.self_describing_json.SelfDescribingJson object at 0x000001EF787EE130>]}
[0m12:44:23.274631 [debug] [MainThread]: Wrote artifact WritableManifest to C:\Users\Owner\data-engineering-assessment\dbt_shopify\target\manifest.json
[0m12:44:23.277631 [debug] [MainThread]: Wrote artifact SemanticManifest to C:\Users\Owner\data-engineering-assessment\dbt_shopify\target\semantic_manifest.json
[0m12:44:23.365459 [debug] [MainThread]: Sending event: {'category': 'dbt', 'action': 'resource_counts', 'label': 'da032e7e-352c-4025-93ea-b2fcf5264846', 'context': [<snowplow_tracker.self_describing_json.SelfDescribingJson object at 0x000001EF77DF6D90>]}
[0m12:44:23.366459 [info ] [MainThread]: Found 7 models, 2 data tests, 3 sources, 447 macros
[0m12:44:23.368461 [debug] [MainThread]: Sending event: {'category': 'dbt', 'action': 'runnable_timing', 'label': 'da032e7e-352c-4025-93ea-b2fcf5264846', 'context': [<snowplow_tracker.self_describing_json.SelfDescribingJson object at 0x000001EF77CDBDF0>]}
[0m12:44:23.370494 [info ] [MainThread]: 
[0m12:44:23.371459 [info ] [MainThread]: Concurrency: 4 threads (target='staging')
[0m12:44:23.372469 [info ] [MainThread]: 
[0m12:44:23.373458 [debug] [MainThread]: Acquiring new postgres connection 'master'
[0m12:44:23.380457 [debug] [ThreadPool]: Acquiring new postgres connection 'list_airbyte_db_staging_staging'
[0m12:44:23.381460 [debug] [ThreadPool]: Acquiring new postgres connection 'list_airbyte_db_staging_marts'
[0m12:44:23.478599 [debug] [ThreadPool]: Using postgres connection "list_airbyte_db_staging_staging"
[0m12:44:23.479600 [debug] [ThreadPool]: Using postgres connection "list_airbyte_db_staging_marts"
[0m12:44:23.479600 [debug] [ThreadPool]: On list_airbyte_db_staging_staging: BEGIN
[0m12:44:23.480598 [debug] [ThreadPool]: On list_airbyte_db_staging_marts: BEGIN
[0m12:44:23.481597 [debug] [ThreadPool]: Opening a new connection, currently in state init
[0m12:44:23.481597 [debug] [ThreadPool]: Opening a new connection, currently in state init
[0m12:44:23.514275 [debug] [ThreadPool]: SQL status: BEGIN in 0.033 seconds
[0m12:44:23.515275 [debug] [ThreadPool]: SQL status: BEGIN in 0.033 seconds
[0m12:44:23.516275 [debug] [ThreadPool]: Using postgres connection "list_airbyte_db_staging_staging"
[0m12:44:23.517276 [debug] [ThreadPool]: Using postgres connection "list_airbyte_db_staging_marts"
[0m12:44:23.519276 [debug] [ThreadPool]: On list_airbyte_db_staging_staging: /* {"app": "dbt", "dbt_version": "1.10.20", "profile_name": "shopify_assessment", "target_name": "staging", "connection_name": "list_airbyte_db_staging_staging"} */
select
      'airbyte_db' as database,
      tablename as name,
      schemaname as schema,
      'table' as type
    from pg_tables
    where schemaname ilike 'staging_staging'
    union all
    select
      'airbyte_db' as database,
      viewname as name,
      schemaname as schema,
      'view' as type
    from pg_views
    where schemaname ilike 'staging_staging'
    union all
    select
      'airbyte_db' as database,
      matviewname as name,
      schemaname as schema,
      'materialized_view' as type
    from pg_matviews
    where schemaname ilike 'staging_staging'
  
[0m12:44:23.519276 [debug] [ThreadPool]: On list_airbyte_db_staging_marts: /* {"app": "dbt", "dbt_version": "1.10.20", "profile_name": "shopify_assessment", "target_name": "staging", "connection_name": "list_airbyte_db_staging_marts"} */
select
      'airbyte_db' as database,
      tablename as name,
      schemaname as schema,
      'table' as type
    from pg_tables
    where schemaname ilike 'staging_marts'
    union all
    select
      'airbyte_db' as database,
      viewname as name,
      schemaname as schema,
      'view' as type
    from pg_views
    where schemaname ilike 'staging_marts'
    union all
    select
      'airbyte_db' as database,
      matviewname as name,
      schemaname as schema,
      'materialized_view' as type
    from pg_matviews
    where schemaname ilike 'staging_marts'
  
[0m12:44:23.526275 [debug] [ThreadPool]: SQL status: SELECT 6 in 0.006 seconds
[0m12:44:23.527275 [debug] [ThreadPool]: SQL status: SELECT 1 in 0.006 seconds
[0m12:44:23.528278 [debug] [ThreadPool]: On list_airbyte_db_staging_staging: ROLLBACK
[0m12:44:23.530275 [debug] [ThreadPool]: On list_airbyte_db_staging_marts: ROLLBACK
[0m12:44:23.531277 [debug] [ThreadPool]: On list_airbyte_db_staging_staging: Close
[0m12:44:23.532850 [debug] [ThreadPool]: On list_airbyte_db_staging_marts: Close
[0m12:44:23.544856 [debug] [MainThread]: Using postgres connection "master"
[0m12:44:23.545856 [debug] [MainThread]: On master: BEGIN
[0m12:44:23.545856 [debug] [MainThread]: Opening a new connection, currently in state init
[0m12:44:23.563857 [debug] [MainThread]: SQL status: BEGIN in 0.018 seconds
[0m12:44:23.564859 [debug] [MainThread]: Using postgres connection "master"
[0m12:44:23.565860 [debug] [MainThread]: On master: /* {"app": "dbt", "dbt_version": "1.10.20", "profile_name": "shopify_assessment", "target_name": "staging", "connection_name": "master"} */
select distinct
        dependent_namespace.nspname as dependent_schema,
        dependent_class.relname as dependent_name,
        referenced_namespace.nspname as referenced_schema,
        referenced_class.relname as referenced_name

    -- Query for views: views are entries in pg_class with an entry in pg_rewrite, but we avoid
    -- a seq scan on pg_rewrite by leveraging the fact there is an "internal" row in pg_depend for
    -- the view...
    from pg_class as dependent_class
    join pg_namespace as dependent_namespace on dependent_namespace.oid = dependent_class.relnamespace
    join pg_depend as dependent_depend on dependent_depend.refobjid = dependent_class.oid
        and dependent_depend.classid = 'pg_rewrite'::regclass
        and dependent_depend.refclassid = 'pg_class'::regclass
        and dependent_depend.deptype = 'i'

    -- ... and via pg_depend (that has a row per column, hence the need for "distinct" above, and
    -- making sure to exclude the internal row to avoid a view appearing to depend on itself)...
    join pg_depend as joining_depend on joining_depend.objid = dependent_depend.objid
        and joining_depend.classid = 'pg_rewrite'::regclass
        and joining_depend.refclassid = 'pg_class'::regclass
        and joining_depend.refobjid != dependent_depend.refobjid

    -- ... we can find the tables they query from in pg_class, but excluding system tables. Note we
    -- don't need need to exclude _dependent_ system tables, because they only query from other
    -- system tables, and so are automatically excluded by excluding _referenced_ system tables
    join pg_class as referenced_class on referenced_class.oid = joining_depend.refobjid
    join pg_namespace as referenced_namespace on referenced_namespace.oid = referenced_class.relnamespace
        and referenced_namespace.nspname != 'information_schema'
        and referenced_namespace.nspname not like 'pg\_%'

    order by
        dependent_schema, dependent_name, referenced_schema, referenced_name;
[0m12:44:23.569855 [debug] [MainThread]: SQL status: SELECT 6 in 0.004 seconds
[0m12:44:23.572862 [debug] [MainThread]: Sending event: {'category': 'dbt', 'action': 'runnable_timing', 'label': 'da032e7e-352c-4025-93ea-b2fcf5264846', 'context': [<snowplow_tracker.self_describing_json.SelfDescribingJson object at 0x000001EF77C78760>]}
[0m12:44:23.573859 [debug] [MainThread]: On master: ROLLBACK
[0m12:44:23.575858 [debug] [MainThread]: Using postgres connection "master"
[0m12:44:23.575858 [debug] [MainThread]: On master: BEGIN
[0m12:44:23.577861 [debug] [MainThread]: SQL status: BEGIN in 0.001 seconds
[0m12:44:23.578857 [debug] [MainThread]: On master: COMMIT
[0m12:44:23.579860 [debug] [MainThread]: Using postgres connection "master"
[0m12:44:23.580857 [debug] [MainThread]: On master: COMMIT
[0m12:44:23.581860 [debug] [MainThread]: SQL status: COMMIT in 0.001 seconds
[0m12:44:23.582858 [debug] [MainThread]: On master: Close
[0m12:44:23.589859 [debug] [Thread-1  ]: Began running node test.shopify_assessment.not_null_fct_order_summary_order_id.d55602c897
[0m12:44:23.590858 [debug] [Thread-2  ]: Began running node test.shopify_assessment.unique_fct_order_summary_order_id.f528342853
[0m12:44:23.590858 [info ] [Thread-1  ]: 1 of 2 START test not_null_fct_order_summary_order_id .......................... [RUN]
[0m12:44:23.592860 [debug] [Thread-1  ]: Acquiring new postgres connection 'test.shopify_assessment.not_null_fct_order_summary_order_id.d55602c897'
[0m12:44:23.591856 [info ] [Thread-2  ]: 2 of 2 START test unique_fct_order_summary_order_id ............................ [RUN]
[0m12:44:23.593859 [debug] [Thread-1  ]: Began compiling node test.shopify_assessment.not_null_fct_order_summary_order_id.d55602c897
[0m12:44:23.595861 [debug] [Thread-2  ]: Acquiring new postgres connection 'test.shopify_assessment.unique_fct_order_summary_order_id.f528342853'
[0m12:44:23.617857 [debug] [Thread-1  ]: Writing injected SQL for node "test.shopify_assessment.not_null_fct_order_summary_order_id.d55602c897"
[0m12:44:23.618858 [debug] [Thread-2  ]: Began compiling node test.shopify_assessment.unique_fct_order_summary_order_id.f528342853
[0m12:44:23.628855 [debug] [Thread-2  ]: Writing injected SQL for node "test.shopify_assessment.unique_fct_order_summary_order_id.f528342853"
[0m12:44:23.629856 [debug] [Thread-1  ]: Began executing node test.shopify_assessment.not_null_fct_order_summary_order_id.d55602c897
[0m12:44:23.651857 [debug] [Thread-1  ]: Writing runtime sql for node "test.shopify_assessment.not_null_fct_order_summary_order_id.d55602c897"
[0m12:44:23.652857 [debug] [Thread-2  ]: Began executing node test.shopify_assessment.unique_fct_order_summary_order_id.f528342853
[0m12:44:23.658858 [debug] [Thread-2  ]: Writing runtime sql for node "test.shopify_assessment.unique_fct_order_summary_order_id.f528342853"
[0m12:44:23.659858 [debug] [Thread-1  ]: Using postgres connection "test.shopify_assessment.not_null_fct_order_summary_order_id.d55602c897"
[0m12:44:23.660859 [debug] [Thread-2  ]: Using postgres connection "test.shopify_assessment.unique_fct_order_summary_order_id.f528342853"
[0m12:44:23.661858 [debug] [Thread-1  ]: On test.shopify_assessment.not_null_fct_order_summary_order_id.d55602c897: BEGIN
[0m12:44:23.661858 [debug] [Thread-2  ]: On test.shopify_assessment.unique_fct_order_summary_order_id.f528342853: BEGIN
[0m12:44:23.662858 [debug] [Thread-1  ]: Opening a new connection, currently in state init
[0m12:44:23.663857 [debug] [Thread-2  ]: Opening a new connection, currently in state init
[0m12:44:23.690442 [debug] [Thread-1  ]: SQL status: BEGIN in 0.028 seconds
[0m12:44:23.693344 [debug] [Thread-1  ]: Using postgres connection "test.shopify_assessment.not_null_fct_order_summary_order_id.d55602c897"
[0m12:44:23.694972 [debug] [Thread-1  ]: On test.shopify_assessment.not_null_fct_order_summary_order_id.d55602c897: /* {"app": "dbt", "dbt_version": "1.10.20", "profile_name": "shopify_assessment", "target_name": "staging", "node_id": "test.shopify_assessment.not_null_fct_order_summary_order_id.d55602c897"} */

    select
      count(*) as failures,
      count(*) != 0 as should_warn,
      count(*) != 0 as should_error
    from (
      
    
  
    
    



select order_id
from "airbyte_db"."staging_marts"."fct_order_summary"
where order_id is null



  
  
      
    ) dbt_internal_test
[0m12:44:23.696613 [debug] [Thread-2  ]: SQL status: BEGIN in 0.033 seconds
[0m12:44:23.697720 [debug] [Thread-2  ]: Using postgres connection "test.shopify_assessment.unique_fct_order_summary_order_id.f528342853"
[0m12:44:23.698796 [debug] [Thread-2  ]: On test.shopify_assessment.unique_fct_order_summary_order_id.f528342853: /* {"app": "dbt", "dbt_version": "1.10.20", "profile_name": "shopify_assessment", "target_name": "staging", "node_id": "test.shopify_assessment.unique_fct_order_summary_order_id.f528342853"} */

    select
      count(*) as failures,
      count(*) != 0 as should_warn,
      count(*) != 0 as should_error
    from (
      
    
  
    
    

select
    order_id as unique_field,
    count(*) as n_records

from "airbyte_db"."staging_marts"."fct_order_summary"
where order_id is not null
group by order_id
having count(*) > 1



  
  
      
    ) dbt_internal_test
[0m12:44:23.699866 [debug] [Thread-1  ]: SQL status: SELECT 1 in 0.002 seconds
[0m12:44:23.708235 [debug] [Thread-1  ]: On test.shopify_assessment.not_null_fct_order_summary_order_id.d55602c897: ROLLBACK
[0m12:44:23.709239 [debug] [Thread-2  ]: SQL status: SELECT 1 in 0.009 seconds
[0m12:44:23.712201 [debug] [Thread-2  ]: On test.shopify_assessment.unique_fct_order_summary_order_id.f528342853: ROLLBACK
[0m12:44:23.713202 [debug] [Thread-1  ]: On test.shopify_assessment.not_null_fct_order_summary_order_id.d55602c897: Close
[0m12:44:23.716208 [debug] [Thread-2  ]: On test.shopify_assessment.unique_fct_order_summary_order_id.f528342853: Close
[0m12:44:23.715209 [info ] [Thread-1  ]: 1 of 2 PASS not_null_fct_order_summary_order_id ................................ [[32mPASS[0m in 0.12s]
[0m12:44:23.724203 [debug] [Thread-1  ]: Finished running node test.shopify_assessment.not_null_fct_order_summary_order_id.d55602c897
[0m12:44:23.721207 [info ] [Thread-2  ]: 2 of 2 PASS unique_fct_order_summary_order_id .................................. [[32mPASS[0m in 0.13s]
[0m12:44:23.727202 [debug] [Thread-2  ]: Finished running node test.shopify_assessment.unique_fct_order_summary_order_id.f528342853
[0m12:44:23.729200 [debug] [MainThread]: Using postgres connection "master"
[0m12:44:23.730200 [debug] [MainThread]: On master: BEGIN
[0m12:44:23.731200 [debug] [MainThread]: Opening a new connection, currently in state closed
[0m12:44:23.753781 [debug] [MainThread]: SQL status: BEGIN in 0.023 seconds
[0m12:44:23.754778 [debug] [MainThread]: On master: COMMIT
[0m12:44:23.756778 [debug] [MainThread]: Using postgres connection "master"
[0m12:44:23.757777 [debug] [MainThread]: On master: COMMIT
[0m12:44:23.758780 [debug] [MainThread]: SQL status: COMMIT in 0.001 seconds
[0m12:44:23.759776 [debug] [MainThread]: On master: Close
[0m12:44:23.760781 [debug] [MainThread]: Connection 'master' was properly closed.
[0m12:44:23.761785 [debug] [MainThread]: Connection 'list_airbyte_db_staging_staging' was properly closed.
[0m12:44:23.763779 [debug] [MainThread]: Connection 'list_airbyte_db_staging_marts' was properly closed.
[0m12:44:23.763779 [debug] [MainThread]: Connection 'test.shopify_assessment.not_null_fct_order_summary_order_id.d55602c897' was properly closed.
[0m12:44:23.764776 [debug] [MainThread]: Connection 'test.shopify_assessment.unique_fct_order_summary_order_id.f528342853' was properly closed.
[0m12:44:23.765777 [info ] [MainThread]: 
[0m12:44:23.766777 [info ] [MainThread]: Finished running 2 data tests in 0 hours 0 minutes and 0.39 seconds (0.39s).
[0m12:44:23.768777 [debug] [MainThread]: Command end result
[0m12:44:23.798776 [debug] [MainThread]: Wrote artifact WritableManifest to C:\Users\Owner\data-engineering-assessment\dbt_shopify\target\manifest.json
[0m12:44:23.801776 [debug] [MainThread]: Wrote artifact SemanticManifest to C:\Users\Owner\data-engineering-assessment\dbt_shopify\target\semantic_manifest.json
[0m12:44:23.812780 [debug] [MainThread]: Wrote artifact RunExecutionResult to C:\Users\Owner\data-engineering-assessment\dbt_shopify\target\run_results.json
[0m12:44:23.813778 [info ] [MainThread]: 
[0m12:44:23.814778 [info ] [MainThread]: [32mCompleted successfully[0m
[0m12:44:23.815799 [info ] [MainThread]: 
[0m12:44:23.816779 [info ] [MainThread]: Done. PASS=2 WARN=0 ERROR=0 SKIP=0 NO-OP=0 TOTAL=2
[0m12:44:23.817778 [debug] [MainThread]: Command `dbt test` succeeded at 12:44:23.817778 after 1.97 seconds
[0m12:44:23.818778 [debug] [MainThread]: Sending event: {'category': 'dbt', 'action': 'invocation', 'label': 'end', 'context': [<snowplow_tracker.self_describing_json.SelfDescribingJson object at 0x000001EF76160490>, <snowplow_tracker.self_describing_json.SelfDescribingJson object at 0x000001EF77DBD4C0>, <snowplow_tracker.self_describing_json.SelfDescribingJson object at 0x000001EF78086640>]}
[0m12:44:23.819777 [debug] [MainThread]: Flushing usage events
[0m12:44:24.206219 [debug] [MainThread]: An error was encountered while trying to flush usage events
[0m14:07:13.222052 [debug] [MainThread]: Sending event: {'category': 'dbt', 'action': 'invocation', 'label': 'start', 'context': [<snowplow_tracker.self_describing_json.SelfDescribingJson object at 0x00000165B0F1F550>, <snowplow_tracker.self_describing_json.SelfDescribingJson object at 0x00000165B2AD1EB0>, <snowplow_tracker.self_describing_json.SelfDescribingJson object at 0x00000165B2AD1C40>]}


============================== 14:07:13.226059 | 824f410c-09aa-4ff2-a8ab-b0a587d61f29 ==============================
[0m14:07:13.226059 [info ] [MainThread]: Running with dbt=1.10.20
[0m14:07:13.228050 [debug] [MainThread]: running dbt with arguments {'fail_fast': 'False', 'debug': 'False', 'log_cache_events': 'False', 'send_anonymous_usage_stats': 'True', 'warn_error_options': 'WarnErrorOptionsV2(error=[], warn=[], silence=[])', 'cache_selected_only': 'False', 'target_path': 'None', 'log_format': 'default', 'version_check': 'True', 'empty': 'None', 'printer_width': '80', 'quiet': 'False', 'introspect': 'True', 'partial_parse': 'True', 'warn_error': 'None', 'write_json': 'True', 'log_path': 'C:\\Users\\Owner\\data-engineering-assessment\\dbt_shopify\\logs', 'no_print': 'None', 'invocation_command': 'dbt test --target staging', 'static_parser': 'True', 'profiles_dir': 'C:\\Users\\Owner\\.dbt', 'use_experimental_parser': 'False', 'use_colors': 'True', 'indirect_selection': 'eager'}
[0m14:07:13.480641 [debug] [MainThread]: Sending event: {'category': 'dbt', 'action': 'project_id', 'label': '824f410c-09aa-4ff2-a8ab-b0a587d61f29', 'context': [<snowplow_tracker.self_describing_json.SelfDescribingJson object at 0x00000165B2700D30>]}
[0m14:07:13.576841 [debug] [MainThread]: Sending event: {'category': 'dbt', 'action': 'adapter_info', 'label': '824f410c-09aa-4ff2-a8ab-b0a587d61f29', 'context': [<snowplow_tracker.self_describing_json.SelfDescribingJson object at 0x00000165B2BC5070>]}
[0m14:07:13.577840 [info ] [MainThread]: Registered adapter: postgres=1.9.1
[0m14:07:14.001761 [debug] [MainThread]: checksum: a59e7b2b447fd8a57b2be28e7355e6b39fd61763d8c6e0ea8982126488badb66, vars: {}, profile: , target: staging, version: 1.10.20
[0m14:07:14.250946 [debug] [MainThread]: Partial parsing enabled: 0 files deleted, 1 files added, 1 files changed.
[0m14:07:14.251944 [debug] [MainThread]: Partial parsing: added file: shopify_assessment://models\staging\schema.yml
[0m14:07:14.252944 [debug] [MainThread]: Partial parsing: updated file: shopify_assessment://models\marts\schema.yml
[0m14:07:14.947316 [debug] [MainThread]: Sending event: {'category': 'dbt', 'action': 'load_project', 'label': '824f410c-09aa-4ff2-a8ab-b0a587d61f29', 'context': [<snowplow_tracker.self_describing_json.SelfDescribingJson object at 0x00000165B392C130>]}
[0m14:07:15.117620 [debug] [MainThread]: Wrote artifact WritableManifest to C:\Users\Owner\data-engineering-assessment\dbt_shopify\target\manifest.json
[0m14:07:15.122620 [debug] [MainThread]: Wrote artifact SemanticManifest to C:\Users\Owner\data-engineering-assessment\dbt_shopify\target\semantic_manifest.json
[0m14:07:15.160588 [debug] [MainThread]: Sending event: {'category': 'dbt', 'action': 'resource_counts', 'label': '824f410c-09aa-4ff2-a8ab-b0a587d61f29', 'context': [<snowplow_tracker.self_describing_json.SelfDescribingJson object at 0x00000165B3C5AA00>]}
[0m14:07:15.161589 [info ] [MainThread]: Found 7 models, 17 data tests, 3 sources, 447 macros
[0m14:07:15.162587 [debug] [MainThread]: Sending event: {'category': 'dbt', 'action': 'runnable_timing', 'label': '824f410c-09aa-4ff2-a8ab-b0a587d61f29', 'context': [<snowplow_tracker.self_describing_json.SelfDescribingJson object at 0x00000165B3C3BEE0>]}
[0m14:07:15.165591 [info ] [MainThread]: 
[0m14:07:15.166590 [info ] [MainThread]: Concurrency: 4 threads (target='staging')
[0m14:07:15.167589 [info ] [MainThread]: 
[0m14:07:15.169591 [debug] [MainThread]: Acquiring new postgres connection 'master'
[0m14:07:15.175590 [debug] [ThreadPool]: Acquiring new postgres connection 'list_airbyte_db_staging_staging'
[0m14:07:15.176590 [debug] [ThreadPool]: Acquiring new postgres connection 'list_airbyte_db_staging_marts'
[0m14:07:15.278589 [debug] [ThreadPool]: Using postgres connection "list_airbyte_db_staging_staging"
[0m14:07:15.278589 [debug] [ThreadPool]: Using postgres connection "list_airbyte_db_staging_marts"
[0m14:07:15.279593 [debug] [ThreadPool]: On list_airbyte_db_staging_staging: BEGIN
[0m14:07:15.280589 [debug] [ThreadPool]: On list_airbyte_db_staging_marts: BEGIN
[0m14:07:15.281485 [debug] [ThreadPool]: Opening a new connection, currently in state init
[0m14:07:15.282245 [debug] [ThreadPool]: Opening a new connection, currently in state init
[0m14:07:15.317018 [debug] [ThreadPool]: SQL status: BEGIN in 0.034 seconds
[0m14:07:15.317018 [debug] [ThreadPool]: SQL status: BEGIN in 0.036 seconds
[0m14:07:15.318022 [debug] [ThreadPool]: Using postgres connection "list_airbyte_db_staging_marts"
[0m14:07:15.318022 [debug] [ThreadPool]: Using postgres connection "list_airbyte_db_staging_staging"
[0m14:07:15.319019 [debug] [ThreadPool]: On list_airbyte_db_staging_marts: /* {"app": "dbt", "dbt_version": "1.10.20", "profile_name": "shopify_assessment", "target_name": "staging", "connection_name": "list_airbyte_db_staging_marts"} */
select
      'airbyte_db' as database,
      tablename as name,
      schemaname as schema,
      'table' as type
    from pg_tables
    where schemaname ilike 'staging_marts'
    union all
    select
      'airbyte_db' as database,
      viewname as name,
      schemaname as schema,
      'view' as type
    from pg_views
    where schemaname ilike 'staging_marts'
    union all
    select
      'airbyte_db' as database,
      matviewname as name,
      schemaname as schema,
      'materialized_view' as type
    from pg_matviews
    where schemaname ilike 'staging_marts'
  
[0m14:07:15.320018 [debug] [ThreadPool]: On list_airbyte_db_staging_staging: /* {"app": "dbt", "dbt_version": "1.10.20", "profile_name": "shopify_assessment", "target_name": "staging", "connection_name": "list_airbyte_db_staging_staging"} */
select
      'airbyte_db' as database,
      tablename as name,
      schemaname as schema,
      'table' as type
    from pg_tables
    where schemaname ilike 'staging_staging'
    union all
    select
      'airbyte_db' as database,
      viewname as name,
      schemaname as schema,
      'view' as type
    from pg_views
    where schemaname ilike 'staging_staging'
    union all
    select
      'airbyte_db' as database,
      matviewname as name,
      schemaname as schema,
      'materialized_view' as type
    from pg_matviews
    where schemaname ilike 'staging_staging'
  
[0m14:07:15.325022 [debug] [ThreadPool]: SQL status: SELECT 1 in 0.004 seconds
[0m14:07:15.325022 [debug] [ThreadPool]: SQL status: SELECT 6 in 0.005 seconds
[0m14:07:15.327051 [debug] [ThreadPool]: On list_airbyte_db_staging_marts: ROLLBACK
[0m14:07:15.329020 [debug] [ThreadPool]: On list_airbyte_db_staging_staging: ROLLBACK
[0m14:07:15.331022 [debug] [ThreadPool]: On list_airbyte_db_staging_marts: Close
[0m14:07:15.331022 [debug] [ThreadPool]: On list_airbyte_db_staging_staging: Close
[0m14:07:15.342018 [debug] [MainThread]: Using postgres connection "master"
[0m14:07:15.343018 [debug] [MainThread]: On master: BEGIN
[0m14:07:15.344019 [debug] [MainThread]: Opening a new connection, currently in state init
[0m14:07:15.365018 [debug] [MainThread]: SQL status: BEGIN in 0.021 seconds
[0m14:07:15.366018 [debug] [MainThread]: Using postgres connection "master"
[0m14:07:15.367019 [debug] [MainThread]: On master: /* {"app": "dbt", "dbt_version": "1.10.20", "profile_name": "shopify_assessment", "target_name": "staging", "connection_name": "master"} */
select distinct
        dependent_namespace.nspname as dependent_schema,
        dependent_class.relname as dependent_name,
        referenced_namespace.nspname as referenced_schema,
        referenced_class.relname as referenced_name

    -- Query for views: views are entries in pg_class with an entry in pg_rewrite, but we avoid
    -- a seq scan on pg_rewrite by leveraging the fact there is an "internal" row in pg_depend for
    -- the view...
    from pg_class as dependent_class
    join pg_namespace as dependent_namespace on dependent_namespace.oid = dependent_class.relnamespace
    join pg_depend as dependent_depend on dependent_depend.refobjid = dependent_class.oid
        and dependent_depend.classid = 'pg_rewrite'::regclass
        and dependent_depend.refclassid = 'pg_class'::regclass
        and dependent_depend.deptype = 'i'

    -- ... and via pg_depend (that has a row per column, hence the need for "distinct" above, and
    -- making sure to exclude the internal row to avoid a view appearing to depend on itself)...
    join pg_depend as joining_depend on joining_depend.objid = dependent_depend.objid
        and joining_depend.classid = 'pg_rewrite'::regclass
        and joining_depend.refclassid = 'pg_class'::regclass
        and joining_depend.refobjid != dependent_depend.refobjid

    -- ... we can find the tables they query from in pg_class, but excluding system tables. Note we
    -- don't need need to exclude _dependent_ system tables, because they only query from other
    -- system tables, and so are automatically excluded by excluding _referenced_ system tables
    join pg_class as referenced_class on referenced_class.oid = joining_depend.refobjid
    join pg_namespace as referenced_namespace on referenced_namespace.oid = referenced_class.relnamespace
        and referenced_namespace.nspname != 'information_schema'
        and referenced_namespace.nspname not like 'pg\_%'

    order by
        dependent_schema, dependent_name, referenced_schema, referenced_name;
[0m14:07:15.371017 [debug] [MainThread]: SQL status: SELECT 6 in 0.004 seconds
[0m14:07:15.375020 [debug] [MainThread]: Sending event: {'category': 'dbt', 'action': 'runnable_timing', 'label': '824f410c-09aa-4ff2-a8ab-b0a587d61f29', 'context': [<snowplow_tracker.self_describing_json.SelfDescribingJson object at 0x00000165B3C3BEE0>]}
[0m14:07:15.375020 [debug] [MainThread]: On master: ROLLBACK
[0m14:07:15.377019 [debug] [MainThread]: Using postgres connection "master"
[0m14:07:15.377019 [debug] [MainThread]: On master: BEGIN
[0m14:07:15.379021 [debug] [MainThread]: SQL status: BEGIN in 0.001 seconds
[0m14:07:15.380023 [debug] [MainThread]: On master: COMMIT
[0m14:07:15.381020 [debug] [MainThread]: Using postgres connection "master"
[0m14:07:15.381020 [debug] [MainThread]: On master: COMMIT
[0m14:07:15.382018 [debug] [MainThread]: SQL status: COMMIT in 0.001 seconds
[0m14:07:15.383019 [debug] [MainThread]: On master: Close
[0m14:07:15.389019 [debug] [Thread-1  ]: Began running node test.shopify_assessment.not_null_fct_order_summary_customer_id.2e74ba9fa4
[0m14:07:15.390018 [debug] [Thread-2  ]: Began running node test.shopify_assessment.not_null_fct_order_summary_line_item_count.389afd555c
[0m14:07:15.391019 [debug] [Thread-3  ]: Began running node test.shopify_assessment.not_null_fct_order_summary_order_created_at.1002d911af
[0m14:07:15.391019 [debug] [Thread-4  ]: Began running node test.shopify_assessment.not_null_fct_order_summary_order_id.d55602c897
[0m14:07:15.392018 [info ] [Thread-1  ]: 1 of 17 START test not_null_fct_order_summary_customer_id ...................... [RUN]
[0m14:07:15.392018 [info ] [Thread-2  ]: 2 of 17 START test not_null_fct_order_summary_line_item_count .................. [RUN]
[0m14:07:15.393020 [info ] [Thread-3  ]: 3 of 17 START test not_null_fct_order_summary_order_created_at ................. [RUN]
[0m14:07:15.394020 [info ] [Thread-4  ]: 4 of 17 START test not_null_fct_order_summary_order_id ......................... [RUN]
[0m14:07:15.396021 [debug] [Thread-1  ]: Acquiring new postgres connection 'test.shopify_assessment.not_null_fct_order_summary_customer_id.2e74ba9fa4'
[0m14:07:15.397022 [debug] [Thread-2  ]: Acquiring new postgres connection 'test.shopify_assessment.not_null_fct_order_summary_line_item_count.389afd555c'
[0m14:07:15.398019 [debug] [Thread-3  ]: Acquiring new postgres connection 'test.shopify_assessment.not_null_fct_order_summary_order_created_at.1002d911af'
[0m14:07:15.399020 [debug] [Thread-4  ]: Acquiring new postgres connection 'test.shopify_assessment.not_null_fct_order_summary_order_id.d55602c897'
[0m14:07:15.400020 [debug] [Thread-1  ]: Began compiling node test.shopify_assessment.not_null_fct_order_summary_customer_id.2e74ba9fa4
[0m14:07:15.400020 [debug] [Thread-2  ]: Began compiling node test.shopify_assessment.not_null_fct_order_summary_line_item_count.389afd555c
[0m14:07:15.401018 [debug] [Thread-3  ]: Began compiling node test.shopify_assessment.not_null_fct_order_summary_order_created_at.1002d911af
[0m14:07:15.402018 [debug] [Thread-4  ]: Began compiling node test.shopify_assessment.not_null_fct_order_summary_order_id.d55602c897
[0m14:07:15.424020 [debug] [Thread-1  ]: Writing injected SQL for node "test.shopify_assessment.not_null_fct_order_summary_customer_id.2e74ba9fa4"
[0m14:07:15.429018 [debug] [Thread-2  ]: Writing injected SQL for node "test.shopify_assessment.not_null_fct_order_summary_line_item_count.389afd555c"
[0m14:07:15.435020 [debug] [Thread-3  ]: Writing injected SQL for node "test.shopify_assessment.not_null_fct_order_summary_order_created_at.1002d911af"
[0m14:07:15.450017 [debug] [Thread-4  ]: Writing injected SQL for node "test.shopify_assessment.not_null_fct_order_summary_order_id.d55602c897"
[0m14:07:15.452020 [debug] [Thread-1  ]: Began executing node test.shopify_assessment.not_null_fct_order_summary_customer_id.2e74ba9fa4
[0m14:07:15.453020 [debug] [Thread-3  ]: Began executing node test.shopify_assessment.not_null_fct_order_summary_order_created_at.1002d911af
[0m14:07:15.454021 [debug] [Thread-2  ]: Began executing node test.shopify_assessment.not_null_fct_order_summary_line_item_count.389afd555c
[0m14:07:15.475017 [debug] [Thread-1  ]: Writing runtime sql for node "test.shopify_assessment.not_null_fct_order_summary_customer_id.2e74ba9fa4"
[0m14:07:15.476020 [debug] [Thread-4  ]: Began executing node test.shopify_assessment.not_null_fct_order_summary_order_id.d55602c897
[0m14:07:15.479018 [debug] [Thread-3  ]: Writing runtime sql for node "test.shopify_assessment.not_null_fct_order_summary_order_created_at.1002d911af"
[0m14:07:15.483019 [debug] [Thread-2  ]: Writing runtime sql for node "test.shopify_assessment.not_null_fct_order_summary_line_item_count.389afd555c"
[0m14:07:15.487020 [debug] [Thread-4  ]: Writing runtime sql for node "test.shopify_assessment.not_null_fct_order_summary_order_id.d55602c897"
[0m14:07:15.488019 [debug] [Thread-1  ]: Using postgres connection "test.shopify_assessment.not_null_fct_order_summary_customer_id.2e74ba9fa4"
[0m14:07:15.489021 [debug] [Thread-3  ]: Using postgres connection "test.shopify_assessment.not_null_fct_order_summary_order_created_at.1002d911af"
[0m14:07:15.490023 [debug] [Thread-2  ]: Using postgres connection "test.shopify_assessment.not_null_fct_order_summary_line_item_count.389afd555c"
[0m14:07:15.491024 [debug] [Thread-1  ]: On test.shopify_assessment.not_null_fct_order_summary_customer_id.2e74ba9fa4: BEGIN
[0m14:07:15.491679 [debug] [Thread-4  ]: Using postgres connection "test.shopify_assessment.not_null_fct_order_summary_order_id.d55602c897"
[0m14:07:15.492501 [debug] [Thread-3  ]: On test.shopify_assessment.not_null_fct_order_summary_order_created_at.1002d911af: BEGIN
[0m14:07:15.493160 [debug] [Thread-2  ]: On test.shopify_assessment.not_null_fct_order_summary_line_item_count.389afd555c: BEGIN
[0m14:07:15.494171 [debug] [Thread-1  ]: Opening a new connection, currently in state init
[0m14:07:15.495175 [debug] [Thread-4  ]: On test.shopify_assessment.not_null_fct_order_summary_order_id.d55602c897: BEGIN
[0m14:07:15.496172 [debug] [Thread-3  ]: Opening a new connection, currently in state init
[0m14:07:15.497174 [debug] [Thread-2  ]: Opening a new connection, currently in state init
[0m14:07:15.498176 [debug] [Thread-4  ]: Opening a new connection, currently in state init
[0m14:07:15.528769 [debug] [Thread-1  ]: SQL status: BEGIN in 0.035 seconds
[0m14:07:15.530768 [debug] [Thread-1  ]: Using postgres connection "test.shopify_assessment.not_null_fct_order_summary_customer_id.2e74ba9fa4"
[0m14:07:15.531769 [debug] [Thread-1  ]: On test.shopify_assessment.not_null_fct_order_summary_customer_id.2e74ba9fa4: /* {"app": "dbt", "dbt_version": "1.10.20", "profile_name": "shopify_assessment", "target_name": "staging", "node_id": "test.shopify_assessment.not_null_fct_order_summary_customer_id.2e74ba9fa4"} */

    select
      count(*) as failures,
      count(*) != 0 as should_warn,
      count(*) != 0 as should_error
    from (
      
    
  
    
    



select customer_id
from "airbyte_db"."staging_marts"."fct_order_summary"
where customer_id is null



  
  
      
    ) dbt_internal_test
[0m14:07:15.536772 [debug] [Thread-1  ]: SQL status: SELECT 1 in 0.004 seconds
[0m14:07:15.542768 [debug] [Thread-1  ]: On test.shopify_assessment.not_null_fct_order_summary_customer_id.2e74ba9fa4: ROLLBACK
[0m14:07:15.543768 [debug] [Thread-2  ]: SQL status: BEGIN in 0.047 seconds
[0m14:07:15.545769 [debug] [Thread-3  ]: SQL status: BEGIN in 0.050 seconds
[0m14:07:15.546769 [debug] [Thread-4  ]: SQL status: BEGIN in 0.048 seconds
[0m14:07:15.547768 [debug] [Thread-2  ]: Using postgres connection "test.shopify_assessment.not_null_fct_order_summary_line_item_count.389afd555c"
[0m14:07:15.548770 [debug] [Thread-1  ]: On test.shopify_assessment.not_null_fct_order_summary_customer_id.2e74ba9fa4: Close
[0m14:07:15.549768 [debug] [Thread-3  ]: Using postgres connection "test.shopify_assessment.not_null_fct_order_summary_order_created_at.1002d911af"
[0m14:07:15.549768 [debug] [Thread-4  ]: Using postgres connection "test.shopify_assessment.not_null_fct_order_summary_order_id.d55602c897"
[0m14:07:15.550768 [debug] [Thread-2  ]: On test.shopify_assessment.not_null_fct_order_summary_line_item_count.389afd555c: /* {"app": "dbt", "dbt_version": "1.10.20", "profile_name": "shopify_assessment", "target_name": "staging", "node_id": "test.shopify_assessment.not_null_fct_order_summary_line_item_count.389afd555c"} */

    select
      count(*) as failures,
      count(*) != 0 as should_warn,
      count(*) != 0 as should_error
    from (
      
    
  
    
    



select line_item_count
from "airbyte_db"."staging_marts"."fct_order_summary"
where line_item_count is null



  
  
      
    ) dbt_internal_test
[0m14:07:15.552769 [info ] [Thread-1  ]: 1 of 17 PASS not_null_fct_order_summary_customer_id ............................ [[32mPASS[0m in 0.16s]
[0m14:07:15.554767 [debug] [Thread-3  ]: On test.shopify_assessment.not_null_fct_order_summary_order_created_at.1002d911af: /* {"app": "dbt", "dbt_version": "1.10.20", "profile_name": "shopify_assessment", "target_name": "staging", "node_id": "test.shopify_assessment.not_null_fct_order_summary_order_created_at.1002d911af"} */

    select
      count(*) as failures,
      count(*) != 0 as should_warn,
      count(*) != 0 as should_error
    from (
      
    
  
    
    



select order_created_at
from "airbyte_db"."staging_marts"."fct_order_summary"
where order_created_at is null



  
  
      
    ) dbt_internal_test
[0m14:07:15.555768 [debug] [Thread-4  ]: On test.shopify_assessment.not_null_fct_order_summary_order_id.d55602c897: /* {"app": "dbt", "dbt_version": "1.10.20", "profile_name": "shopify_assessment", "target_name": "staging", "node_id": "test.shopify_assessment.not_null_fct_order_summary_order_id.d55602c897"} */

    select
      count(*) as failures,
      count(*) != 0 as should_warn,
      count(*) != 0 as should_error
    from (
      
    
  
    
    



select order_id
from "airbyte_db"."staging_marts"."fct_order_summary"
where order_id is null



  
  
      
    ) dbt_internal_test
[0m14:07:15.557768 [debug] [Thread-1  ]: Finished running node test.shopify_assessment.not_null_fct_order_summary_customer_id.2e74ba9fa4
[0m14:07:15.558773 [debug] [Thread-2  ]: SQL status: SELECT 1 in 0.002 seconds
[0m14:07:15.560773 [debug] [Thread-1  ]: Began running node test.shopify_assessment.not_null_fct_order_summary_total_price.572729fbcf
[0m14:07:15.561772 [debug] [Thread-3  ]: SQL status: SELECT 1 in 0.002 seconds
[0m14:07:15.562771 [debug] [Thread-4  ]: SQL status: SELECT 1 in 0.002 seconds
[0m14:07:15.564769 [debug] [Thread-2  ]: On test.shopify_assessment.not_null_fct_order_summary_line_item_count.389afd555c: ROLLBACK
[0m14:07:15.565767 [info ] [Thread-1  ]: 5 of 17 START test not_null_fct_order_summary_total_price ...................... [RUN]
[0m14:07:15.567770 [debug] [Thread-3  ]: On test.shopify_assessment.not_null_fct_order_summary_order_created_at.1002d911af: ROLLBACK
[0m14:07:15.569766 [debug] [Thread-4  ]: On test.shopify_assessment.not_null_fct_order_summary_order_id.d55602c897: ROLLBACK
[0m14:07:15.571771 [debug] [Thread-1  ]: Re-using an available connection from the pool (formerly test.shopify_assessment.not_null_fct_order_summary_customer_id.2e74ba9fa4, now test.shopify_assessment.not_null_fct_order_summary_total_price.572729fbcf)
[0m14:07:15.571771 [debug] [Thread-2  ]: On test.shopify_assessment.not_null_fct_order_summary_line_item_count.389afd555c: Close
[0m14:07:15.573767 [debug] [Thread-1  ]: Began compiling node test.shopify_assessment.not_null_fct_order_summary_total_price.572729fbcf
[0m14:07:15.573767 [debug] [Thread-3  ]: On test.shopify_assessment.not_null_fct_order_summary_order_created_at.1002d911af: Close
[0m14:07:15.574766 [debug] [Thread-4  ]: On test.shopify_assessment.not_null_fct_order_summary_order_id.d55602c897: Close
[0m14:07:15.575770 [info ] [Thread-2  ]: 2 of 17 PASS not_null_fct_order_summary_line_item_count ........................ [[32mPASS[0m in 0.18s]
[0m14:07:15.585766 [debug] [Thread-1  ]: Writing injected SQL for node "test.shopify_assessment.not_null_fct_order_summary_total_price.572729fbcf"
[0m14:07:15.587772 [info ] [Thread-3  ]: 3 of 17 PASS not_null_fct_order_summary_order_created_at ....................... [[32mPASS[0m in 0.19s]
[0m14:07:15.590778 [info ] [Thread-4  ]: 4 of 17 PASS not_null_fct_order_summary_order_id ............................... [[32mPASS[0m in 0.19s]
[0m14:07:15.592771 [debug] [Thread-2  ]: Finished running node test.shopify_assessment.not_null_fct_order_summary_line_item_count.389afd555c
[0m14:07:15.593768 [debug] [Thread-3  ]: Finished running node test.shopify_assessment.not_null_fct_order_summary_order_created_at.1002d911af
[0m14:07:15.596773 [debug] [Thread-4  ]: Finished running node test.shopify_assessment.not_null_fct_order_summary_order_id.d55602c897
[0m14:07:15.598768 [debug] [Thread-1  ]: Began executing node test.shopify_assessment.not_null_fct_order_summary_total_price.572729fbcf
[0m14:07:15.599771 [debug] [Thread-2  ]: Began running node test.shopify_assessment.not_null_stg_customers_customer_id.e2cfb1f9aa
[0m14:07:15.599771 [debug] [Thread-3  ]: Began running node test.shopify_assessment.not_null_stg_order_line_items_line_item_id.a22861df89
[0m14:07:15.600769 [debug] [Thread-4  ]: Began running node test.shopify_assessment.not_null_stg_order_line_items_order_id.919e49c4ba
[0m14:07:15.604767 [debug] [Thread-1  ]: Writing runtime sql for node "test.shopify_assessment.not_null_fct_order_summary_total_price.572729fbcf"
[0m14:07:15.605767 [info ] [Thread-2  ]: 6 of 17 START test not_null_stg_customers_customer_id .......................... [RUN]
[0m14:07:15.606768 [info ] [Thread-3  ]: 7 of 17 START test not_null_stg_order_line_items_line_item_id .................. [RUN]
[0m14:07:15.607767 [info ] [Thread-4  ]: 8 of 17 START test not_null_stg_order_line_items_order_id ...................... [RUN]
[0m14:07:15.608768 [debug] [Thread-2  ]: Re-using an available connection from the pool (formerly test.shopify_assessment.not_null_fct_order_summary_line_item_count.389afd555c, now test.shopify_assessment.not_null_stg_customers_customer_id.e2cfb1f9aa)
[0m14:07:15.611770 [debug] [Thread-1  ]: Using postgres connection "test.shopify_assessment.not_null_fct_order_summary_total_price.572729fbcf"
[0m14:07:15.611770 [debug] [Thread-3  ]: Re-using an available connection from the pool (formerly test.shopify_assessment.not_null_fct_order_summary_order_created_at.1002d911af, now test.shopify_assessment.not_null_stg_order_line_items_line_item_id.a22861df89)
[0m14:07:15.613774 [debug] [Thread-4  ]: Re-using an available connection from the pool (formerly test.shopify_assessment.not_null_fct_order_summary_order_id.d55602c897, now test.shopify_assessment.not_null_stg_order_line_items_order_id.919e49c4ba)
[0m14:07:15.614769 [debug] [Thread-2  ]: Began compiling node test.shopify_assessment.not_null_stg_customers_customer_id.e2cfb1f9aa
[0m14:07:15.615768 [debug] [Thread-1  ]: On test.shopify_assessment.not_null_fct_order_summary_total_price.572729fbcf: BEGIN
[0m14:07:15.615768 [debug] [Thread-3  ]: Began compiling node test.shopify_assessment.not_null_stg_order_line_items_line_item_id.a22861df89
[0m14:07:15.616767 [debug] [Thread-4  ]: Began compiling node test.shopify_assessment.not_null_stg_order_line_items_order_id.919e49c4ba
[0m14:07:15.624473 [debug] [Thread-2  ]: Writing injected SQL for node "test.shopify_assessment.not_null_stg_customers_customer_id.e2cfb1f9aa"
[0m14:07:15.625520 [debug] [Thread-1  ]: Opening a new connection, currently in state closed
[0m14:07:15.632750 [debug] [Thread-3  ]: Writing injected SQL for node "test.shopify_assessment.not_null_stg_order_line_items_line_item_id.a22861df89"
[0m14:07:15.638261 [debug] [Thread-4  ]: Writing injected SQL for node "test.shopify_assessment.not_null_stg_order_line_items_order_id.919e49c4ba"
[0m14:07:15.640265 [debug] [Thread-2  ]: Began executing node test.shopify_assessment.not_null_stg_customers_customer_id.e2cfb1f9aa
[0m14:07:15.641264 [debug] [Thread-3  ]: Began executing node test.shopify_assessment.not_null_stg_order_line_items_line_item_id.a22861df89
[0m14:07:15.649262 [debug] [Thread-2  ]: Writing runtime sql for node "test.shopify_assessment.not_null_stg_customers_customer_id.e2cfb1f9aa"
[0m14:07:15.650264 [debug] [Thread-4  ]: Began executing node test.shopify_assessment.not_null_stg_order_line_items_order_id.919e49c4ba
[0m14:07:15.654261 [debug] [Thread-3  ]: Writing runtime sql for node "test.shopify_assessment.not_null_stg_order_line_items_line_item_id.a22861df89"
[0m14:07:15.660263 [debug] [Thread-4  ]: Writing runtime sql for node "test.shopify_assessment.not_null_stg_order_line_items_order_id.919e49c4ba"
[0m14:07:15.662263 [debug] [Thread-2  ]: Using postgres connection "test.shopify_assessment.not_null_stg_customers_customer_id.e2cfb1f9aa"
[0m14:07:15.663265 [debug] [Thread-1  ]: SQL status: BEGIN in 0.038 seconds
[0m14:07:15.664264 [debug] [Thread-3  ]: Using postgres connection "test.shopify_assessment.not_null_stg_order_line_items_line_item_id.a22861df89"
[0m14:07:15.665265 [debug] [Thread-2  ]: On test.shopify_assessment.not_null_stg_customers_customer_id.e2cfb1f9aa: BEGIN
[0m14:07:15.666262 [debug] [Thread-4  ]: Using postgres connection "test.shopify_assessment.not_null_stg_order_line_items_order_id.919e49c4ba"
[0m14:07:15.666262 [debug] [Thread-1  ]: Using postgres connection "test.shopify_assessment.not_null_fct_order_summary_total_price.572729fbcf"
[0m14:07:15.667264 [debug] [Thread-3  ]: On test.shopify_assessment.not_null_stg_order_line_items_line_item_id.a22861df89: BEGIN
[0m14:07:15.668261 [debug] [Thread-2  ]: Opening a new connection, currently in state closed
[0m14:07:15.668261 [debug] [Thread-4  ]: On test.shopify_assessment.not_null_stg_order_line_items_order_id.919e49c4ba: BEGIN
[0m14:07:15.669261 [debug] [Thread-1  ]: On test.shopify_assessment.not_null_fct_order_summary_total_price.572729fbcf: /* {"app": "dbt", "dbt_version": "1.10.20", "profile_name": "shopify_assessment", "target_name": "staging", "node_id": "test.shopify_assessment.not_null_fct_order_summary_total_price.572729fbcf"} */

    select
      count(*) as failures,
      count(*) != 0 as should_warn,
      count(*) != 0 as should_error
    from (
      
    
  
    
    



select total_price
from "airbyte_db"."staging_marts"."fct_order_summary"
where total_price is null



  
  
      
    ) dbt_internal_test
[0m14:07:15.670262 [debug] [Thread-3  ]: Opening a new connection, currently in state closed
[0m14:07:15.671262 [debug] [Thread-4  ]: Opening a new connection, currently in state closed
[0m14:07:15.674263 [debug] [Thread-1  ]: SQL status: SELECT 1 in 0.002 seconds
[0m14:07:15.680264 [debug] [Thread-1  ]: On test.shopify_assessment.not_null_fct_order_summary_total_price.572729fbcf: ROLLBACK
[0m14:07:15.688266 [debug] [Thread-1  ]: On test.shopify_assessment.not_null_fct_order_summary_total_price.572729fbcf: Close
[0m14:07:15.690267 [info ] [Thread-1  ]: 5 of 17 PASS not_null_fct_order_summary_total_price ............................ [[32mPASS[0m in 0.12s]
[0m14:07:15.693265 [debug] [Thread-1  ]: Finished running node test.shopify_assessment.not_null_fct_order_summary_total_price.572729fbcf
[0m14:07:15.695264 [debug] [Thread-1  ]: Began running node test.shopify_assessment.not_null_stg_orders_customer_id.af79d5e4b5
[0m14:07:15.696263 [info ] [Thread-1  ]: 9 of 17 START test not_null_stg_orders_customer_id ............................. [RUN]
[0m14:07:15.698263 [debug] [Thread-1  ]: Re-using an available connection from the pool (formerly test.shopify_assessment.not_null_fct_order_summary_total_price.572729fbcf, now test.shopify_assessment.not_null_stg_orders_customer_id.af79d5e4b5)
[0m14:07:15.699748 [debug] [Thread-1  ]: Began compiling node test.shopify_assessment.not_null_stg_orders_customer_id.af79d5e4b5
[0m14:07:15.710757 [debug] [Thread-1  ]: Writing injected SQL for node "test.shopify_assessment.not_null_stg_orders_customer_id.af79d5e4b5"
[0m14:07:15.714756 [debug] [Thread-1  ]: Began executing node test.shopify_assessment.not_null_stg_orders_customer_id.af79d5e4b5
[0m14:07:15.715756 [debug] [Thread-4  ]: SQL status: BEGIN in 0.044 seconds
[0m14:07:15.715756 [debug] [Thread-3  ]: SQL status: BEGIN in 0.046 seconds
[0m14:07:15.716755 [debug] [Thread-2  ]: SQL status: BEGIN in 0.048 seconds
[0m14:07:15.719754 [debug] [Thread-1  ]: Writing runtime sql for node "test.shopify_assessment.not_null_stg_orders_customer_id.af79d5e4b5"
[0m14:07:15.720755 [debug] [Thread-4  ]: Using postgres connection "test.shopify_assessment.not_null_stg_order_line_items_order_id.919e49c4ba"
[0m14:07:15.721757 [debug] [Thread-3  ]: Using postgres connection "test.shopify_assessment.not_null_stg_order_line_items_line_item_id.a22861df89"
[0m14:07:15.722755 [debug] [Thread-2  ]: Using postgres connection "test.shopify_assessment.not_null_stg_customers_customer_id.e2cfb1f9aa"
[0m14:07:15.723755 [debug] [Thread-4  ]: On test.shopify_assessment.not_null_stg_order_line_items_order_id.919e49c4ba: /* {"app": "dbt", "dbt_version": "1.10.20", "profile_name": "shopify_assessment", "target_name": "staging", "node_id": "test.shopify_assessment.not_null_stg_order_line_items_order_id.919e49c4ba"} */

    select
      count(*) as failures,
      count(*) != 0 as should_warn,
      count(*) != 0 as should_error
    from (
      
    
  
    
    



select order_id
from "airbyte_db"."staging_staging"."stg_order_line_items"
where order_id is null



  
  
      
    ) dbt_internal_test
[0m14:07:15.724756 [debug] [Thread-1  ]: Using postgres connection "test.shopify_assessment.not_null_stg_orders_customer_id.af79d5e4b5"
[0m14:07:15.724756 [debug] [Thread-3  ]: On test.shopify_assessment.not_null_stg_order_line_items_line_item_id.a22861df89: /* {"app": "dbt", "dbt_version": "1.10.20", "profile_name": "shopify_assessment", "target_name": "staging", "node_id": "test.shopify_assessment.not_null_stg_order_line_items_line_item_id.a22861df89"} */

    select
      count(*) as failures,
      count(*) != 0 as should_warn,
      count(*) != 0 as should_error
    from (
      
    
  
    
    



select line_item_id
from "airbyte_db"."staging_staging"."stg_order_line_items"
where line_item_id is null



  
  
      
    ) dbt_internal_test
[0m14:07:15.725757 [debug] [Thread-2  ]: On test.shopify_assessment.not_null_stg_customers_customer_id.e2cfb1f9aa: /* {"app": "dbt", "dbt_version": "1.10.20", "profile_name": "shopify_assessment", "target_name": "staging", "node_id": "test.shopify_assessment.not_null_stg_customers_customer_id.e2cfb1f9aa"} */

    select
      count(*) as failures,
      count(*) != 0 as should_warn,
      count(*) != 0 as should_error
    from (
      
    
  
    
    



select customer_id
from "airbyte_db"."staging_staging"."stg_customers"
where customer_id is null



  
  
      
    ) dbt_internal_test
[0m14:07:15.726755 [debug] [Thread-1  ]: On test.shopify_assessment.not_null_stg_orders_customer_id.af79d5e4b5: BEGIN
[0m14:07:15.729766 [debug] [Thread-1  ]: Opening a new connection, currently in state closed
[0m14:07:15.731763 [debug] [Thread-2  ]: SQL status: SELECT 1 in 0.003 seconds
[0m14:07:15.731763 [debug] [Thread-4  ]: SQL status: SELECT 1 in 0.006 seconds
[0m14:07:15.736331 [debug] [Thread-2  ]: On test.shopify_assessment.not_null_stg_customers_customer_id.e2cfb1f9aa: ROLLBACK
[0m14:07:15.739759 [debug] [Thread-4  ]: On test.shopify_assessment.not_null_stg_order_line_items_order_id.919e49c4ba: ROLLBACK
[0m14:07:15.741764 [debug] [Thread-2  ]: On test.shopify_assessment.not_null_stg_customers_customer_id.e2cfb1f9aa: Close
[0m14:07:15.742756 [debug] [Thread-4  ]: On test.shopify_assessment.not_null_stg_order_line_items_order_id.919e49c4ba: Close
[0m14:07:15.745765 [info ] [Thread-2  ]: 6 of 17 PASS not_null_stg_customers_customer_id ................................ [[32mPASS[0m in 0.13s]
[0m14:07:15.750761 [info ] [Thread-4  ]: 8 of 17 PASS not_null_stg_order_line_items_order_id ............................ [[32mPASS[0m in 0.14s]
[0m14:07:15.757281 [debug] [Thread-4  ]: Finished running node test.shopify_assessment.not_null_stg_order_line_items_order_id.919e49c4ba
[0m14:07:15.753759 [debug] [Thread-2  ]: Finished running node test.shopify_assessment.not_null_stg_customers_customer_id.e2cfb1f9aa
[0m14:07:15.759664 [debug] [Thread-4  ]: Began running node test.shopify_assessment.not_null_stg_orders_order_id.81cfe2fe64
[0m14:07:15.761276 [debug] [Thread-2  ]: Began running node test.shopify_assessment.not_null_stg_product_variants_variant_id.1dfaf25b45
[0m14:07:15.762277 [debug] [Thread-3  ]: SQL status: SELECT 1 in 0.034 seconds
[0m14:07:15.764276 [debug] [Thread-1  ]: SQL status: BEGIN in 0.034 seconds
[0m14:07:15.763283 [info ] [Thread-4  ]: 10 of 17 START test not_null_stg_orders_order_id ............................... [RUN]
[0m14:07:15.766279 [info ] [Thread-2  ]: 11 of 17 START test not_null_stg_product_variants_variant_id ................... [RUN]
[0m14:07:15.768278 [debug] [Thread-3  ]: On test.shopify_assessment.not_null_stg_order_line_items_line_item_id.a22861df89: ROLLBACK
[0m14:07:15.769280 [debug] [Thread-1  ]: Using postgres connection "test.shopify_assessment.not_null_stg_orders_customer_id.af79d5e4b5"
[0m14:07:15.770276 [debug] [Thread-4  ]: Re-using an available connection from the pool (formerly test.shopify_assessment.not_null_stg_order_line_items_order_id.919e49c4ba, now test.shopify_assessment.not_null_stg_orders_order_id.81cfe2fe64)
[0m14:07:15.771276 [debug] [Thread-2  ]: Re-using an available connection from the pool (formerly test.shopify_assessment.not_null_stg_customers_customer_id.e2cfb1f9aa, now test.shopify_assessment.not_null_stg_product_variants_variant_id.1dfaf25b45)
[0m14:07:15.773277 [debug] [Thread-1  ]: On test.shopify_assessment.not_null_stg_orders_customer_id.af79d5e4b5: /* {"app": "dbt", "dbt_version": "1.10.20", "profile_name": "shopify_assessment", "target_name": "staging", "node_id": "test.shopify_assessment.not_null_stg_orders_customer_id.af79d5e4b5"} */

    select
      count(*) as failures,
      count(*) != 0 as should_warn,
      count(*) != 0 as should_error
    from (
      
    
  
    
    



select customer_id
from "airbyte_db"."staging_staging"."stg_orders"
where customer_id is null



  
  
      
    ) dbt_internal_test
[0m14:07:15.774276 [debug] [Thread-3  ]: On test.shopify_assessment.not_null_stg_order_line_items_line_item_id.a22861df89: Close
[0m14:07:15.775277 [debug] [Thread-4  ]: Began compiling node test.shopify_assessment.not_null_stg_orders_order_id.81cfe2fe64
[0m14:07:15.776275 [debug] [Thread-2  ]: Began compiling node test.shopify_assessment.not_null_stg_product_variants_variant_id.1dfaf25b45
[0m14:07:15.789275 [debug] [Thread-4  ]: Writing injected SQL for node "test.shopify_assessment.not_null_stg_orders_order_id.81cfe2fe64"
[0m14:07:15.780294 [info ] [Thread-3  ]: 7 of 17 PASS not_null_stg_order_line_items_line_item_id ........................ [[32mPASS[0m in 0.17s]
[0m14:07:15.790274 [debug] [Thread-1  ]: SQL status: SELECT 1 in 0.013 seconds
[0m14:07:15.795274 [debug] [Thread-2  ]: Writing injected SQL for node "test.shopify_assessment.not_null_stg_product_variants_variant_id.1dfaf25b45"
[0m14:07:15.798275 [debug] [Thread-3  ]: Finished running node test.shopify_assessment.not_null_stg_order_line_items_line_item_id.a22861df89
[0m14:07:15.798275 [debug] [Thread-4  ]: Began executing node test.shopify_assessment.not_null_stg_orders_order_id.81cfe2fe64
[0m14:07:15.801274 [debug] [Thread-1  ]: On test.shopify_assessment.not_null_stg_orders_customer_id.af79d5e4b5: ROLLBACK
[0m14:07:15.802276 [debug] [Thread-3  ]: Began running node test.shopify_assessment.not_null_stg_products_product_id.6373b0acf3
[0m14:07:15.806275 [debug] [Thread-4  ]: Writing runtime sql for node "test.shopify_assessment.not_null_stg_orders_order_id.81cfe2fe64"
[0m14:07:15.806275 [debug] [Thread-2  ]: Began executing node test.shopify_assessment.not_null_stg_product_variants_variant_id.1dfaf25b45
[0m14:07:15.808275 [debug] [Thread-1  ]: On test.shopify_assessment.not_null_stg_orders_customer_id.af79d5e4b5: Close
[0m14:07:15.807275 [info ] [Thread-3  ]: 12 of 17 START test not_null_stg_products_product_id ........................... [RUN]
[0m14:07:15.813282 [debug] [Thread-2  ]: Writing runtime sql for node "test.shopify_assessment.not_null_stg_product_variants_variant_id.1dfaf25b45"
[0m14:07:15.814277 [debug] [Thread-4  ]: Using postgres connection "test.shopify_assessment.not_null_stg_orders_order_id.81cfe2fe64"
[0m14:07:15.816276 [info ] [Thread-1  ]: 9 of 17 PASS not_null_stg_orders_customer_id ................................... [[32mPASS[0m in 0.12s]
[0m14:07:15.818275 [debug] [Thread-3  ]: Re-using an available connection from the pool (formerly test.shopify_assessment.not_null_stg_order_line_items_line_item_id.a22861df89, now test.shopify_assessment.not_null_stg_products_product_id.6373b0acf3)
[0m14:07:15.820275 [debug] [Thread-4  ]: On test.shopify_assessment.not_null_stg_orders_order_id.81cfe2fe64: BEGIN
[0m14:07:15.821277 [debug] [Thread-2  ]: Using postgres connection "test.shopify_assessment.not_null_stg_product_variants_variant_id.1dfaf25b45"
[0m14:07:15.822275 [debug] [Thread-1  ]: Finished running node test.shopify_assessment.not_null_stg_orders_customer_id.af79d5e4b5
[0m14:07:15.823274 [debug] [Thread-3  ]: Began compiling node test.shopify_assessment.not_null_stg_products_product_id.6373b0acf3
[0m14:07:15.824275 [debug] [Thread-4  ]: Opening a new connection, currently in state closed
[0m14:07:15.824275 [debug] [Thread-2  ]: On test.shopify_assessment.not_null_stg_product_variants_variant_id.1dfaf25b45: BEGIN
[0m14:07:15.825275 [debug] [Thread-1  ]: Began running node test.shopify_assessment.unique_fct_order_summary_order_id.f528342853
[0m14:07:15.832278 [debug] [Thread-3  ]: Writing injected SQL for node "test.shopify_assessment.not_null_stg_products_product_id.6373b0acf3"
[0m14:07:15.834276 [debug] [Thread-2  ]: Opening a new connection, currently in state closed
[0m14:07:15.835277 [info ] [Thread-1  ]: 13 of 17 START test unique_fct_order_summary_order_id .......................... [RUN]
[0m14:07:15.840275 [debug] [Thread-3  ]: Began executing node test.shopify_assessment.not_null_stg_products_product_id.6373b0acf3
[0m14:07:15.841278 [debug] [Thread-1  ]: Re-using an available connection from the pool (formerly test.shopify_assessment.not_null_stg_orders_customer_id.af79d5e4b5, now test.shopify_assessment.unique_fct_order_summary_order_id.f528342853)
[0m14:07:15.852275 [debug] [Thread-3  ]: Writing runtime sql for node "test.shopify_assessment.not_null_stg_products_product_id.6373b0acf3"
[0m14:07:15.853277 [debug] [Thread-1  ]: Began compiling node test.shopify_assessment.unique_fct_order_summary_order_id.f528342853
[0m14:07:15.918845 [debug] [Thread-1  ]: Writing injected SQL for node "test.shopify_assessment.unique_fct_order_summary_order_id.f528342853"
[0m14:07:15.919845 [debug] [Thread-4  ]: SQL status: BEGIN in 0.095 seconds
[0m14:07:15.920851 [debug] [Thread-3  ]: Using postgres connection "test.shopify_assessment.not_null_stg_products_product_id.6373b0acf3"
[0m14:07:15.921845 [debug] [Thread-2  ]: SQL status: BEGIN in 0.088 seconds
[0m14:07:15.922845 [debug] [Thread-4  ]: Using postgres connection "test.shopify_assessment.not_null_stg_orders_order_id.81cfe2fe64"
[0m14:07:15.922845 [debug] [Thread-1  ]: Began executing node test.shopify_assessment.unique_fct_order_summary_order_id.f528342853
[0m14:07:15.923847 [debug] [Thread-3  ]: On test.shopify_assessment.not_null_stg_products_product_id.6373b0acf3: BEGIN
[0m14:07:15.924845 [debug] [Thread-2  ]: Using postgres connection "test.shopify_assessment.not_null_stg_product_variants_variant_id.1dfaf25b45"
[0m14:07:15.924845 [debug] [Thread-4  ]: On test.shopify_assessment.not_null_stg_orders_order_id.81cfe2fe64: /* {"app": "dbt", "dbt_version": "1.10.20", "profile_name": "shopify_assessment", "target_name": "staging", "node_id": "test.shopify_assessment.not_null_stg_orders_order_id.81cfe2fe64"} */

    select
      count(*) as failures,
      count(*) != 0 as should_warn,
      count(*) != 0 as should_error
    from (
      
    
  
    
    



select order_id
from "airbyte_db"."staging_staging"."stg_orders"
where order_id is null



  
  
      
    ) dbt_internal_test
[0m14:07:15.928844 [debug] [Thread-1  ]: Writing runtime sql for node "test.shopify_assessment.unique_fct_order_summary_order_id.f528342853"
[0m14:07:15.929847 [debug] [Thread-3  ]: Opening a new connection, currently in state closed
[0m14:07:15.930847 [debug] [Thread-2  ]: On test.shopify_assessment.not_null_stg_product_variants_variant_id.1dfaf25b45: /* {"app": "dbt", "dbt_version": "1.10.20", "profile_name": "shopify_assessment", "target_name": "staging", "node_id": "test.shopify_assessment.not_null_stg_product_variants_variant_id.1dfaf25b45"} */

    select
      count(*) as failures,
      count(*) != 0 as should_warn,
      count(*) != 0 as should_error
    from (
      
    
  
    
    



select variant_id
from "airbyte_db"."staging_staging"."stg_product_variants"
where variant_id is null



  
  
      
    ) dbt_internal_test
[0m14:07:15.932853 [debug] [Thread-1  ]: Using postgres connection "test.shopify_assessment.unique_fct_order_summary_order_id.f528342853"
[0m14:07:15.934857 [debug] [Thread-1  ]: On test.shopify_assessment.unique_fct_order_summary_order_id.f528342853: BEGIN
[0m14:07:15.935848 [debug] [Thread-4  ]: SQL status: SELECT 1 in 0.004 seconds
[0m14:07:15.936847 [debug] [Thread-1  ]: Opening a new connection, currently in state closed
[0m14:07:15.938845 [debug] [Thread-2  ]: SQL status: SELECT 1 in 0.006 seconds
[0m14:07:15.941844 [debug] [Thread-4  ]: On test.shopify_assessment.not_null_stg_orders_order_id.81cfe2fe64: ROLLBACK
[0m14:07:15.945851 [debug] [Thread-2  ]: On test.shopify_assessment.not_null_stg_product_variants_variant_id.1dfaf25b45: ROLLBACK
[0m14:07:15.947851 [debug] [Thread-4  ]: On test.shopify_assessment.not_null_stg_orders_order_id.81cfe2fe64: Close
[0m14:07:15.949844 [debug] [Thread-2  ]: On test.shopify_assessment.not_null_stg_product_variants_variant_id.1dfaf25b45: Close
[0m14:07:15.952846 [info ] [Thread-4  ]: 10 of 17 PASS not_null_stg_orders_order_id ..................................... [[32mPASS[0m in 0.18s]
[0m14:07:15.958853 [info ] [Thread-2  ]: 11 of 17 PASS not_null_stg_product_variants_variant_id ......................... [[32mPASS[0m in 0.19s]
[0m14:07:15.960847 [debug] [Thread-3  ]: SQL status: BEGIN in 0.031 seconds
[0m14:07:15.963848 [debug] [Thread-4  ]: Finished running node test.shopify_assessment.not_null_stg_orders_order_id.81cfe2fe64
[0m14:07:15.964846 [debug] [Thread-2  ]: Finished running node test.shopify_assessment.not_null_stg_product_variants_variant_id.1dfaf25b45
[0m14:07:15.965843 [debug] [Thread-3  ]: Using postgres connection "test.shopify_assessment.not_null_stg_products_product_id.6373b0acf3"
[0m14:07:15.966845 [debug] [Thread-4  ]: Began running node test.shopify_assessment.unique_stg_customers_customer_id.c7614daada
[0m14:07:15.966845 [debug] [Thread-2  ]: Began running node test.shopify_assessment.unique_stg_orders_order_id.e3b841c71a
[0m14:07:15.967845 [debug] [Thread-3  ]: On test.shopify_assessment.not_null_stg_products_product_id.6373b0acf3: /* {"app": "dbt", "dbt_version": "1.10.20", "profile_name": "shopify_assessment", "target_name": "staging", "node_id": "test.shopify_assessment.not_null_stg_products_product_id.6373b0acf3"} */

    select
      count(*) as failures,
      count(*) != 0 as should_warn,
      count(*) != 0 as should_error
    from (
      
    
  
    
    



select product_id
from "airbyte_db"."staging_staging"."stg_products"
where product_id is null



  
  
      
    ) dbt_internal_test
[0m14:07:15.968848 [info ] [Thread-4  ]: 14 of 17 START test unique_stg_customers_customer_id ........................... [RUN]
[0m14:07:15.971845 [debug] [Thread-1  ]: SQL status: BEGIN in 0.034 seconds
[0m14:07:15.970846 [info ] [Thread-2  ]: 15 of 17 START test unique_stg_orders_order_id ................................. [RUN]
[0m14:07:15.972844 [debug] [Thread-4  ]: Re-using an available connection from the pool (formerly test.shopify_assessment.not_null_stg_orders_order_id.81cfe2fe64, now test.shopify_assessment.unique_stg_customers_customer_id.c7614daada)
[0m14:07:15.973847 [debug] [Thread-1  ]: Using postgres connection "test.shopify_assessment.unique_fct_order_summary_order_id.f528342853"
[0m14:07:15.974845 [debug] [Thread-3  ]: SQL status: SELECT 1 in 0.003 seconds
[0m14:07:15.975844 [debug] [Thread-2  ]: Re-using an available connection from the pool (formerly test.shopify_assessment.not_null_stg_product_variants_variant_id.1dfaf25b45, now test.shopify_assessment.unique_stg_orders_order_id.e3b841c71a)
[0m14:07:15.975844 [debug] [Thread-4  ]: Began compiling node test.shopify_assessment.unique_stg_customers_customer_id.c7614daada
[0m14:07:15.976846 [debug] [Thread-1  ]: On test.shopify_assessment.unique_fct_order_summary_order_id.f528342853: /* {"app": "dbt", "dbt_version": "1.10.20", "profile_name": "shopify_assessment", "target_name": "staging", "node_id": "test.shopify_assessment.unique_fct_order_summary_order_id.f528342853"} */

    select
      count(*) as failures,
      count(*) != 0 as should_warn,
      count(*) != 0 as should_error
    from (
      
    
  
    
    

select
    order_id as unique_field,
    count(*) as n_records

from "airbyte_db"."staging_marts"."fct_order_summary"
where order_id is not null
group by order_id
having count(*) > 1



  
  
      
    ) dbt_internal_test
[0m14:07:15.979849 [debug] [Thread-3  ]: On test.shopify_assessment.not_null_stg_products_product_id.6373b0acf3: ROLLBACK
[0m14:07:15.980845 [debug] [Thread-2  ]: Began compiling node test.shopify_assessment.unique_stg_orders_order_id.e3b841c71a
[0m14:07:15.985845 [debug] [Thread-4  ]: Writing injected SQL for node "test.shopify_assessment.unique_stg_customers_customer_id.c7614daada"
[0m14:07:15.992844 [debug] [Thread-2  ]: Writing injected SQL for node "test.shopify_assessment.unique_stg_orders_order_id.e3b841c71a"
[0m14:07:15.993844 [debug] [Thread-3  ]: On test.shopify_assessment.not_null_stg_products_product_id.6373b0acf3: Close
[0m14:07:15.993844 [debug] [Thread-1  ]: SQL status: SELECT 1 in 0.007 seconds
[0m14:07:15.999845 [debug] [Thread-4  ]: Began executing node test.shopify_assessment.unique_stg_customers_customer_id.c7614daada
[0m14:07:15.997850 [info ] [Thread-3  ]: 12 of 17 PASS not_null_stg_products_product_id ................................. [[32mPASS[0m in 0.18s]
[0m14:07:16.000846 [debug] [Thread-2  ]: Began executing node test.shopify_assessment.unique_stg_orders_order_id.e3b841c71a
[0m14:07:16.002844 [debug] [Thread-1  ]: On test.shopify_assessment.unique_fct_order_summary_order_id.f528342853: ROLLBACK
[0m14:07:16.006844 [debug] [Thread-4  ]: Writing runtime sql for node "test.shopify_assessment.unique_stg_customers_customer_id.c7614daada"
[0m14:07:16.007844 [debug] [Thread-3  ]: Finished running node test.shopify_assessment.not_null_stg_products_product_id.6373b0acf3
[0m14:07:16.011842 [debug] [Thread-2  ]: Writing runtime sql for node "test.shopify_assessment.unique_stg_orders_order_id.e3b841c71a"
[0m14:07:16.013850 [debug] [Thread-1  ]: On test.shopify_assessment.unique_fct_order_summary_order_id.f528342853: Close
[0m14:07:16.014846 [debug] [Thread-3  ]: Began running node test.shopify_assessment.unique_stg_product_variants_variant_id.53163937da
[0m14:07:16.015845 [debug] [Thread-4  ]: Using postgres connection "test.shopify_assessment.unique_stg_customers_customer_id.c7614daada"
[0m14:07:16.017851 [debug] [Thread-2  ]: Using postgres connection "test.shopify_assessment.unique_stg_orders_order_id.e3b841c71a"
[0m14:07:16.019858 [info ] [Thread-1  ]: 13 of 17 PASS unique_fct_order_summary_order_id ................................ [[32mPASS[0m in 0.18s]
[0m14:07:16.022848 [info ] [Thread-3  ]: 16 of 17 START test unique_stg_product_variants_variant_id ..................... [RUN]
[0m14:07:16.024844 [debug] [Thread-4  ]: On test.shopify_assessment.unique_stg_customers_customer_id.c7614daada: BEGIN
[0m14:07:16.026845 [debug] [Thread-2  ]: On test.shopify_assessment.unique_stg_orders_order_id.e3b841c71a: BEGIN
[0m14:07:16.027846 [debug] [Thread-1  ]: Finished running node test.shopify_assessment.unique_fct_order_summary_order_id.f528342853
[0m14:07:16.030001 [debug] [Thread-3  ]: Re-using an available connection from the pool (formerly test.shopify_assessment.not_null_stg_products_product_id.6373b0acf3, now test.shopify_assessment.unique_stg_product_variants_variant_id.53163937da)
[0m14:07:16.030846 [debug] [Thread-4  ]: Opening a new connection, currently in state closed
[0m14:07:16.032846 [debug] [Thread-2  ]: Opening a new connection, currently in state closed
[0m14:07:16.033845 [debug] [Thread-1  ]: Began running node test.shopify_assessment.unique_stg_products_product_id.7d950a1467
[0m14:07:16.034845 [debug] [Thread-3  ]: Began compiling node test.shopify_assessment.unique_stg_product_variants_variant_id.53163937da
[0m14:07:16.036847 [info ] [Thread-1  ]: 17 of 17 START test unique_stg_products_product_id ............................. [RUN]
[0m14:07:16.050849 [debug] [Thread-1  ]: Re-using an available connection from the pool (formerly test.shopify_assessment.unique_fct_order_summary_order_id.f528342853, now test.shopify_assessment.unique_stg_products_product_id.7d950a1467)
[0m14:07:16.051847 [debug] [Thread-1  ]: Began compiling node test.shopify_assessment.unique_stg_products_product_id.7d950a1467
[0m14:07:16.060845 [debug] [Thread-1  ]: Writing injected SQL for node "test.shopify_assessment.unique_stg_products_product_id.7d950a1467"
[0m14:07:16.071846 [debug] [Thread-3  ]: Writing injected SQL for node "test.shopify_assessment.unique_stg_product_variants_variant_id.53163937da"
[0m14:07:16.071846 [debug] [Thread-4  ]: SQL status: BEGIN in 0.041 seconds
[0m14:07:16.072845 [debug] [Thread-2  ]: SQL status: BEGIN in 0.040 seconds
[0m14:07:16.073845 [debug] [Thread-1  ]: Began executing node test.shopify_assessment.unique_stg_products_product_id.7d950a1467
[0m14:07:16.074846 [debug] [Thread-4  ]: Using postgres connection "test.shopify_assessment.unique_stg_customers_customer_id.c7614daada"
[0m14:07:16.075846 [debug] [Thread-3  ]: Began executing node test.shopify_assessment.unique_stg_product_variants_variant_id.53163937da
[0m14:07:16.076846 [debug] [Thread-2  ]: Using postgres connection "test.shopify_assessment.unique_stg_orders_order_id.e3b841c71a"
[0m14:07:16.082845 [debug] [Thread-1  ]: Writing runtime sql for node "test.shopify_assessment.unique_stg_products_product_id.7d950a1467"
[0m14:07:16.083847 [debug] [Thread-4  ]: On test.shopify_assessment.unique_stg_customers_customer_id.c7614daada: /* {"app": "dbt", "dbt_version": "1.10.20", "profile_name": "shopify_assessment", "target_name": "staging", "node_id": "test.shopify_assessment.unique_stg_customers_customer_id.c7614daada"} */

    select
      count(*) as failures,
      count(*) != 0 as should_warn,
      count(*) != 0 as should_error
    from (
      
    
  
    
    

select
    customer_id as unique_field,
    count(*) as n_records

from "airbyte_db"."staging_staging"."stg_customers"
where customer_id is not null
group by customer_id
having count(*) > 1



  
  
      
    ) dbt_internal_test
[0m14:07:16.088844 [debug] [Thread-3  ]: Writing runtime sql for node "test.shopify_assessment.unique_stg_product_variants_variant_id.53163937da"
[0m14:07:16.089847 [debug] [Thread-2  ]: On test.shopify_assessment.unique_stg_orders_order_id.e3b841c71a: /* {"app": "dbt", "dbt_version": "1.10.20", "profile_name": "shopify_assessment", "target_name": "staging", "node_id": "test.shopify_assessment.unique_stg_orders_order_id.e3b841c71a"} */

    select
      count(*) as failures,
      count(*) != 0 as should_warn,
      count(*) != 0 as should_error
    from (
      
    
  
    
    

select
    order_id as unique_field,
    count(*) as n_records

from "airbyte_db"."staging_staging"."stg_orders"
where order_id is not null
group by order_id
having count(*) > 1



  
  
      
    ) dbt_internal_test
[0m14:07:16.091847 [debug] [Thread-1  ]: Using postgres connection "test.shopify_assessment.unique_stg_products_product_id.7d950a1467"
[0m14:07:16.094846 [debug] [Thread-4  ]: SQL status: SELECT 1 in 0.003 seconds
[0m14:07:16.095846 [debug] [Thread-3  ]: Using postgres connection "test.shopify_assessment.unique_stg_product_variants_variant_id.53163937da"
[0m14:07:16.097848 [debug] [Thread-1  ]: On test.shopify_assessment.unique_stg_products_product_id.7d950a1467: BEGIN
[0m14:07:16.100845 [debug] [Thread-4  ]: On test.shopify_assessment.unique_stg_customers_customer_id.c7614daada: ROLLBACK
[0m14:07:16.102846 [debug] [Thread-2  ]: SQL status: SELECT 1 in 0.008 seconds
[0m14:07:16.103848 [debug] [Thread-3  ]: On test.shopify_assessment.unique_stg_product_variants_variant_id.53163937da: BEGIN
[0m14:07:16.104845 [debug] [Thread-1  ]: Opening a new connection, currently in state closed
[0m14:07:16.106846 [debug] [Thread-2  ]: On test.shopify_assessment.unique_stg_orders_order_id.e3b841c71a: ROLLBACK
[0m14:07:16.107846 [debug] [Thread-4  ]: On test.shopify_assessment.unique_stg_customers_customer_id.c7614daada: Close
[0m14:07:16.108849 [debug] [Thread-3  ]: Opening a new connection, currently in state closed
[0m14:07:16.111846 [debug] [Thread-2  ]: On test.shopify_assessment.unique_stg_orders_order_id.e3b841c71a: Close
[0m14:07:16.110844 [info ] [Thread-4  ]: 14 of 17 PASS unique_stg_customers_customer_id ................................. [[32mPASS[0m in 0.14s]
[0m14:07:16.118181 [info ] [Thread-2  ]: 15 of 17 PASS unique_stg_orders_order_id ....................................... [[32mPASS[0m in 0.14s]
[0m14:07:16.120176 [debug] [Thread-4  ]: Finished running node test.shopify_assessment.unique_stg_customers_customer_id.c7614daada
[0m14:07:16.122178 [debug] [Thread-2  ]: Finished running node test.shopify_assessment.unique_stg_orders_order_id.e3b841c71a
[0m14:07:16.142177 [debug] [Thread-1  ]: SQL status: BEGIN in 0.037 seconds
[0m14:07:16.142177 [debug] [Thread-3  ]: SQL status: BEGIN in 0.034 seconds
[0m14:07:16.143176 [debug] [Thread-1  ]: Using postgres connection "test.shopify_assessment.unique_stg_products_product_id.7d950a1467"
[0m14:07:16.144177 [debug] [Thread-3  ]: Using postgres connection "test.shopify_assessment.unique_stg_product_variants_variant_id.53163937da"
[0m14:07:16.145175 [debug] [Thread-1  ]: On test.shopify_assessment.unique_stg_products_product_id.7d950a1467: /* {"app": "dbt", "dbt_version": "1.10.20", "profile_name": "shopify_assessment", "target_name": "staging", "node_id": "test.shopify_assessment.unique_stg_products_product_id.7d950a1467"} */

    select
      count(*) as failures,
      count(*) != 0 as should_warn,
      count(*) != 0 as should_error
    from (
      
    
  
    
    

select
    product_id as unique_field,
    count(*) as n_records

from "airbyte_db"."staging_staging"."stg_products"
where product_id is not null
group by product_id
having count(*) > 1



  
  
      
    ) dbt_internal_test
[0m14:07:16.146175 [debug] [Thread-3  ]: On test.shopify_assessment.unique_stg_product_variants_variant_id.53163937da: /* {"app": "dbt", "dbt_version": "1.10.20", "profile_name": "shopify_assessment", "target_name": "staging", "node_id": "test.shopify_assessment.unique_stg_product_variants_variant_id.53163937da"} */

    select
      count(*) as failures,
      count(*) != 0 as should_warn,
      count(*) != 0 as should_error
    from (
      
    
  
    
    

select
    variant_id as unique_field,
    count(*) as n_records

from "airbyte_db"."staging_staging"."stg_product_variants"
where variant_id is not null
group by variant_id
having count(*) > 1



  
  
      
    ) dbt_internal_test
[0m14:07:16.150174 [debug] [Thread-1  ]: SQL status: SELECT 1 in 0.002 seconds
[0m14:07:16.151175 [debug] [Thread-3  ]: SQL status: SELECT 1 in 0.003 seconds
[0m14:07:16.152175 [debug] [Thread-1  ]: On test.shopify_assessment.unique_stg_products_product_id.7d950a1467: ROLLBACK
[0m14:07:16.154174 [debug] [Thread-3  ]: On test.shopify_assessment.unique_stg_product_variants_variant_id.53163937da: ROLLBACK
[0m14:07:16.156178 [debug] [Thread-1  ]: On test.shopify_assessment.unique_stg_products_product_id.7d950a1467: Close
[0m14:07:16.156178 [debug] [Thread-3  ]: On test.shopify_assessment.unique_stg_product_variants_variant_id.53163937da: Close
[0m14:07:16.158180 [info ] [Thread-1  ]: 17 of 17 PASS unique_stg_products_product_id ................................... [[32mPASS[0m in 0.11s]
[0m14:07:16.163178 [info ] [Thread-3  ]: 16 of 17 PASS unique_stg_product_variants_variant_id ........................... [[32mPASS[0m in 0.13s]
[0m14:07:16.166178 [debug] [Thread-1  ]: Finished running node test.shopify_assessment.unique_stg_products_product_id.7d950a1467
[0m14:07:16.168176 [debug] [Thread-3  ]: Finished running node test.shopify_assessment.unique_stg_product_variants_variant_id.53163937da
[0m14:07:16.170174 [debug] [MainThread]: Using postgres connection "master"
[0m14:07:16.171175 [debug] [MainThread]: On master: BEGIN
[0m14:07:16.172174 [debug] [MainThread]: Opening a new connection, currently in state closed
[0m14:07:16.190174 [debug] [MainThread]: SQL status: BEGIN in 0.018 seconds
[0m14:07:16.191175 [debug] [MainThread]: On master: COMMIT
[0m14:07:16.192179 [debug] [MainThread]: Using postgres connection "master"
[0m14:07:16.193176 [debug] [MainThread]: On master: COMMIT
[0m14:07:16.194178 [debug] [MainThread]: SQL status: COMMIT in 0.001 seconds
[0m14:07:16.195176 [debug] [MainThread]: On master: Close
[0m14:07:16.196175 [debug] [MainThread]: Connection 'master' was properly closed.
[0m14:07:16.198177 [debug] [MainThread]: Connection 'list_airbyte_db_staging_staging' was properly closed.
[0m14:07:16.199177 [debug] [MainThread]: Connection 'list_airbyte_db_staging_marts' was properly closed.
[0m14:07:16.200176 [debug] [MainThread]: Connection 'test.shopify_assessment.unique_stg_products_product_id.7d950a1467' was properly closed.
[0m14:07:16.201175 [debug] [MainThread]: Connection 'test.shopify_assessment.unique_stg_orders_order_id.e3b841c71a' was properly closed.
[0m14:07:16.201175 [debug] [MainThread]: Connection 'test.shopify_assessment.unique_stg_product_variants_variant_id.53163937da' was properly closed.
[0m14:07:16.202174 [debug] [MainThread]: Connection 'test.shopify_assessment.unique_stg_customers_customer_id.c7614daada' was properly closed.
[0m14:07:16.202174 [info ] [MainThread]: 
[0m14:07:16.203175 [info ] [MainThread]: Finished running 17 data tests in 0 hours 0 minutes and 1.03 seconds (1.03s).
[0m14:07:16.209174 [debug] [MainThread]: Command end result
[0m14:07:16.258175 [debug] [MainThread]: Wrote artifact WritableManifest to C:\Users\Owner\data-engineering-assessment\dbt_shopify\target\manifest.json
[0m14:07:16.271180 [debug] [MainThread]: Wrote artifact SemanticManifest to C:\Users\Owner\data-engineering-assessment\dbt_shopify\target\semantic_manifest.json
[0m14:07:16.300177 [debug] [MainThread]: Wrote artifact RunExecutionResult to C:\Users\Owner\data-engineering-assessment\dbt_shopify\target\run_results.json
[0m14:07:16.302177 [info ] [MainThread]: 
[0m14:07:16.304181 [info ] [MainThread]: [32mCompleted successfully[0m
[0m14:07:16.306178 [info ] [MainThread]: 
[0m14:07:16.308177 [info ] [MainThread]: Done. PASS=17 WARN=0 ERROR=0 SKIP=0 NO-OP=0 TOTAL=17
[0m14:07:16.311176 [debug] [MainThread]: Command `dbt test` succeeded at 14:07:16.311176 after 3.20 seconds
[0m14:07:16.313181 [debug] [MainThread]: Sending event: {'category': 'dbt', 'action': 'invocation', 'label': 'end', 'context': [<snowplow_tracker.self_describing_json.SelfDescribingJson object at 0x00000165B0F1F550>, <snowplow_tracker.self_describing_json.SelfDescribingJson object at 0x00000165B2BC5070>, <snowplow_tracker.self_describing_json.SelfDescribingJson object at 0x00000165B37B0730>]}
[0m14:07:16.314177 [debug] [MainThread]: Flushing usage events
[0m14:07:16.752227 [debug] [MainThread]: An error was encountered while trying to flush usage events
[0m14:29:32.021974 [debug] [MainThread]: Sending event: {'category': 'dbt', 'action': 'invocation', 'label': 'start', 'context': [<snowplow_tracker.self_describing_json.SelfDescribingJson object at 0x000001C26B1704C0>, <snowplow_tracker.self_describing_json.SelfDescribingJson object at 0x000001C26CD44340>, <snowplow_tracker.self_describing_json.SelfDescribingJson object at 0x000001C26CD440D0>]}


============================== 14:29:32.026974 | b5275fb1-52cc-4dfc-999b-307e382f6034 ==============================
[0m14:29:32.026974 [info ] [MainThread]: Running with dbt=1.10.20
[0m14:29:32.027942 [debug] [MainThread]: running dbt with arguments {'debug': 'False', 'fail_fast': 'False', 'log_cache_events': 'False', 'send_anonymous_usage_stats': 'True', 'warn_error_options': 'WarnErrorOptionsV2(error=[], warn=[], silence=[])', 'cache_selected_only': 'False', 'invocation_command': 'dbt run --target staging', 'no_print': 'None', 'version_check': 'True', 'empty': 'False', 'printer_width': '80', 'quiet': 'False', 'log_path': 'C:\\Users\\Owner\\data-engineering-assessment\\dbt_shopify\\logs', 'introspect': 'True', 'warn_error': 'None', 'write_json': 'True', 'target_path': 'None', 'partial_parse': 'True', 'log_format': 'default', 'static_parser': 'True', 'profiles_dir': 'C:\\Users\\Owner\\.dbt', 'use_experimental_parser': 'False', 'use_colors': 'True', 'indirect_selection': 'eager'}
[0m14:29:32.285335 [debug] [MainThread]: Sending event: {'category': 'dbt', 'action': 'project_id', 'label': 'b5275fb1-52cc-4dfc-999b-307e382f6034', 'context': [<snowplow_tracker.self_describing_json.SelfDescribingJson object at 0x000001C26CCF2490>]}
[0m14:29:32.368298 [debug] [MainThread]: Sending event: {'category': 'dbt', 'action': 'adapter_info', 'label': 'b5275fb1-52cc-4dfc-999b-307e382f6034', 'context': [<snowplow_tracker.self_describing_json.SelfDescribingJson object at 0x000001C26D0D4310>]}
[0m14:29:32.369299 [info ] [MainThread]: Registered adapter: postgres=1.9.1
[0m14:29:32.783784 [debug] [MainThread]: checksum: a59e7b2b447fd8a57b2be28e7355e6b39fd61763d8c6e0ea8982126488badb66, vars: {}, profile: , target: staging, version: 1.10.20
[0m14:29:33.061834 [debug] [MainThread]: Partial parsing enabled: 0 files deleted, 0 files added, 6 files changed.
[0m14:29:33.064453 [debug] [MainThread]: Partial parsing: updated file: shopify_assessment://models\staging\sources.yml
[0m14:29:33.065451 [debug] [MainThread]: Partial parsing: updated file: shopify_assessment://models\staging\schema.yml
[0m14:29:33.066451 [debug] [MainThread]: Partial parsing: updated file: shopify_assessment://models\marts\schema.yml
[0m14:29:33.066451 [debug] [MainThread]: Partial parsing: updated file: shopify_assessment://models\staging\stg_product_variants.sql
[0m14:29:33.067451 [debug] [MainThread]: Partial parsing: updated file: shopify_assessment://models\staging\stg_orders.sql
[0m14:29:33.068451 [debug] [MainThread]: Partial parsing: updated file: shopify_assessment://models\staging\stg_order_line_items.sql
[0m14:29:33.781307 [warn ] [MainThread]: [[33mWARNING[0m][MissingArgumentsPropertyInGenericTestDeprecation]: Deprecated
functionality
Found top-level arguments to test `relationships`. Arguments to generic tests
should be nested under the `arguments` property.`
[0m14:29:33.782308 [debug] [MainThread]: Sending event: {'category': 'dbt', 'action': 'deprecation', 'label': 'b5275fb1-52cc-4dfc-999b-307e382f6034', 'property_': 'warn', 'context': [<snowplow_tracker.self_describing_json.SelfDescribingJson object at 0x000001C26D106C10>]}
[0m14:29:34.080046 [debug] [MainThread]: Sending event: {'category': 'dbt', 'action': 'load_project', 'label': 'b5275fb1-52cc-4dfc-999b-307e382f6034', 'context': [<snowplow_tracker.self_describing_json.SelfDescribingJson object at 0x000001C26E023EE0>]}
[0m14:29:34.222045 [debug] [MainThread]: Wrote artifact WritableManifest to C:\Users\Owner\data-engineering-assessment\dbt_shopify\target\manifest.json
[0m14:29:34.226047 [debug] [MainThread]: Wrote artifact SemanticManifest to C:\Users\Owner\data-engineering-assessment\dbt_shopify\target\semantic_manifest.json
[0m14:29:34.251608 [debug] [MainThread]: Sending event: {'category': 'dbt', 'action': 'resource_counts', 'label': 'b5275fb1-52cc-4dfc-999b-307e382f6034', 'context': [<snowplow_tracker.self_describing_json.SelfDescribingJson object at 0x000001C26E02D6A0>]}
[0m14:29:34.253610 [info ] [MainThread]: Found 7 models, 20 data tests, 3 sources, 447 macros
[0m14:29:34.254608 [debug] [MainThread]: Sending event: {'category': 'dbt', 'action': 'runnable_timing', 'label': 'b5275fb1-52cc-4dfc-999b-307e382f6034', 'context': [<snowplow_tracker.self_describing_json.SelfDescribingJson object at 0x000001C26E023F10>]}
[0m14:29:34.258609 [info ] [MainThread]: 
[0m14:29:34.259607 [info ] [MainThread]: Concurrency: 4 threads (target='staging')
[0m14:29:34.260609 [info ] [MainThread]: 
[0m14:29:34.262607 [debug] [MainThread]: Acquiring new postgres connection 'master'
[0m14:29:34.275221 [debug] [ThreadPool]: Acquiring new postgres connection 'list_airbyte_db'
[0m14:29:34.276221 [debug] [ThreadPool]: Acquiring new postgres connection 'list_airbyte_db'
[0m14:29:34.374220 [debug] [ThreadPool]: Using postgres connection "list_airbyte_db"
[0m14:29:34.374220 [debug] [ThreadPool]: Using postgres connection "list_airbyte_db"
[0m14:29:34.375221 [debug] [ThreadPool]: On list_airbyte_db: /* {"app": "dbt", "dbt_version": "1.10.20", "profile_name": "shopify_assessment", "target_name": "staging", "connection_name": "list_airbyte_db"} */

    select distinct nspname from pg_namespace
  
[0m14:29:34.375221 [debug] [ThreadPool]: On list_airbyte_db: /* {"app": "dbt", "dbt_version": "1.10.20", "profile_name": "shopify_assessment", "target_name": "staging", "connection_name": "list_airbyte_db"} */

    select distinct nspname from pg_namespace
  
[0m14:29:34.376221 [debug] [ThreadPool]: Opening a new connection, currently in state init
[0m14:29:34.377221 [debug] [ThreadPool]: Opening a new connection, currently in state init
[0m14:29:34.411222 [debug] [ThreadPool]: SQL status: SELECT 9 in 0.035 seconds
[0m14:29:34.411222 [debug] [ThreadPool]: SQL status: SELECT 9 in 0.035 seconds
[0m14:29:34.413468 [debug] [ThreadPool]: On list_airbyte_db: Close
[0m14:29:34.414469 [debug] [ThreadPool]: On list_airbyte_db: Close
[0m14:29:34.421470 [debug] [ThreadPool]: Acquiring new postgres connection 'list_airbyte_db_staging_staging'
[0m14:29:34.423470 [debug] [ThreadPool]: Acquiring new postgres connection 'list_airbyte_db_staging_marts'
[0m14:29:34.430507 [debug] [ThreadPool]: Using postgres connection "list_airbyte_db_staging_staging"
[0m14:29:34.434470 [debug] [ThreadPool]: Using postgres connection "list_airbyte_db_staging_marts"
[0m14:29:34.435469 [debug] [ThreadPool]: On list_airbyte_db_staging_staging: BEGIN
[0m14:29:34.436469 [debug] [ThreadPool]: On list_airbyte_db_staging_marts: BEGIN
[0m14:29:34.436469 [debug] [ThreadPool]: Opening a new connection, currently in state init
[0m14:29:34.437473 [debug] [ThreadPool]: Opening a new connection, currently in state init
[0m14:29:34.463300 [debug] [ThreadPool]: SQL status: BEGIN in 0.026 seconds
[0m14:29:34.464304 [debug] [ThreadPool]: SQL status: BEGIN in 0.027 seconds
[0m14:29:34.465308 [debug] [ThreadPool]: Using postgres connection "list_airbyte_db_staging_staging"
[0m14:29:34.466303 [debug] [ThreadPool]: Using postgres connection "list_airbyte_db_staging_marts"
[0m14:29:34.467300 [debug] [ThreadPool]: On list_airbyte_db_staging_staging: /* {"app": "dbt", "dbt_version": "1.10.20", "profile_name": "shopify_assessment", "target_name": "staging", "connection_name": "list_airbyte_db_staging_staging"} */
select
      'airbyte_db' as database,
      tablename as name,
      schemaname as schema,
      'table' as type
    from pg_tables
    where schemaname ilike 'staging_staging'
    union all
    select
      'airbyte_db' as database,
      viewname as name,
      schemaname as schema,
      'view' as type
    from pg_views
    where schemaname ilike 'staging_staging'
    union all
    select
      'airbyte_db' as database,
      matviewname as name,
      schemaname as schema,
      'materialized_view' as type
    from pg_matviews
    where schemaname ilike 'staging_staging'
  
[0m14:29:34.468299 [debug] [ThreadPool]: On list_airbyte_db_staging_marts: /* {"app": "dbt", "dbt_version": "1.10.20", "profile_name": "shopify_assessment", "target_name": "staging", "connection_name": "list_airbyte_db_staging_marts"} */
select
      'airbyte_db' as database,
      tablename as name,
      schemaname as schema,
      'table' as type
    from pg_tables
    where schemaname ilike 'staging_marts'
    union all
    select
      'airbyte_db' as database,
      viewname as name,
      schemaname as schema,
      'view' as type
    from pg_views
    where schemaname ilike 'staging_marts'
    union all
    select
      'airbyte_db' as database,
      matviewname as name,
      schemaname as schema,
      'materialized_view' as type
    from pg_matviews
    where schemaname ilike 'staging_marts'
  
[0m14:29:34.473090 [debug] [ThreadPool]: SQL status: SELECT 1 in 0.004 seconds
[0m14:29:34.474090 [debug] [ThreadPool]: SQL status: SELECT 6 in 0.005 seconds
[0m14:29:34.475087 [debug] [ThreadPool]: On list_airbyte_db_staging_marts: ROLLBACK
[0m14:29:34.477090 [debug] [ThreadPool]: On list_airbyte_db_staging_staging: ROLLBACK
[0m14:29:34.479088 [debug] [ThreadPool]: On list_airbyte_db_staging_marts: Close
[0m14:29:34.479088 [debug] [ThreadPool]: On list_airbyte_db_staging_staging: Close
[0m14:29:34.491088 [debug] [MainThread]: Using postgres connection "master"
[0m14:29:34.492087 [debug] [MainThread]: On master: BEGIN
[0m14:29:34.493093 [debug] [MainThread]: Opening a new connection, currently in state init
[0m14:29:34.510089 [debug] [MainThread]: SQL status: BEGIN in 0.017 seconds
[0m14:29:34.511090 [debug] [MainThread]: Using postgres connection "master"
[0m14:29:34.511090 [debug] [MainThread]: On master: /* {"app": "dbt", "dbt_version": "1.10.20", "profile_name": "shopify_assessment", "target_name": "staging", "connection_name": "master"} */
select distinct
        dependent_namespace.nspname as dependent_schema,
        dependent_class.relname as dependent_name,
        referenced_namespace.nspname as referenced_schema,
        referenced_class.relname as referenced_name

    -- Query for views: views are entries in pg_class with an entry in pg_rewrite, but we avoid
    -- a seq scan on pg_rewrite by leveraging the fact there is an "internal" row in pg_depend for
    -- the view...
    from pg_class as dependent_class
    join pg_namespace as dependent_namespace on dependent_namespace.oid = dependent_class.relnamespace
    join pg_depend as dependent_depend on dependent_depend.refobjid = dependent_class.oid
        and dependent_depend.classid = 'pg_rewrite'::regclass
        and dependent_depend.refclassid = 'pg_class'::regclass
        and dependent_depend.deptype = 'i'

    -- ... and via pg_depend (that has a row per column, hence the need for "distinct" above, and
    -- making sure to exclude the internal row to avoid a view appearing to depend on itself)...
    join pg_depend as joining_depend on joining_depend.objid = dependent_depend.objid
        and joining_depend.classid = 'pg_rewrite'::regclass
        and joining_depend.refclassid = 'pg_class'::regclass
        and joining_depend.refobjid != dependent_depend.refobjid

    -- ... we can find the tables they query from in pg_class, but excluding system tables. Note we
    -- don't need need to exclude _dependent_ system tables, because they only query from other
    -- system tables, and so are automatically excluded by excluding _referenced_ system tables
    join pg_class as referenced_class on referenced_class.oid = joining_depend.refobjid
    join pg_namespace as referenced_namespace on referenced_namespace.oid = referenced_class.relnamespace
        and referenced_namespace.nspname != 'information_schema'
        and referenced_namespace.nspname not like 'pg\_%'

    order by
        dependent_schema, dependent_name, referenced_schema, referenced_name;
[0m14:29:34.517089 [debug] [MainThread]: SQL status: SELECT 6 in 0.005 seconds
[0m14:29:34.521092 [debug] [MainThread]: Sending event: {'category': 'dbt', 'action': 'runnable_timing', 'label': 'b5275fb1-52cc-4dfc-999b-307e382f6034', 'context': [<snowplow_tracker.self_describing_json.SelfDescribingJson object at 0x000001C26D120250>]}
[0m14:29:34.522091 [debug] [MainThread]: On master: ROLLBACK
[0m14:29:34.524088 [debug] [MainThread]: Using postgres connection "master"
[0m14:29:34.525090 [debug] [MainThread]: On master: BEGIN
[0m14:29:34.527093 [debug] [MainThread]: SQL status: BEGIN in 0.001 seconds
[0m14:29:34.528089 [debug] [MainThread]: On master: COMMIT
[0m14:29:34.529089 [debug] [MainThread]: Using postgres connection "master"
[0m14:29:34.530090 [debug] [MainThread]: On master: COMMIT
[0m14:29:34.531089 [debug] [MainThread]: SQL status: COMMIT in 0.001 seconds
[0m14:29:34.532089 [debug] [MainThread]: On master: Close
[0m14:29:34.541088 [debug] [Thread-1  ]: Began running node model.shopify_assessment.stg_customers
[0m14:29:34.542089 [debug] [Thread-2  ]: Began running node model.shopify_assessment.stg_orders
[0m14:29:34.543088 [debug] [Thread-3  ]: Began running node model.shopify_assessment.stg_products
[0m14:29:34.543088 [info ] [Thread-1  ]: 1 of 7 START sql view model staging_staging.stg_customers ...................... [RUN]
[0m14:29:34.544088 [info ] [Thread-2  ]: 2 of 7 START sql view model staging_staging.stg_orders ......................... [RUN]
[0m14:29:34.546088 [info ] [Thread-3  ]: 3 of 7 START sql view model staging_staging.stg_products ....................... [RUN]
[0m14:29:34.547088 [debug] [Thread-1  ]: Acquiring new postgres connection 'model.shopify_assessment.stg_customers'
[0m14:29:34.548089 [debug] [Thread-2  ]: Acquiring new postgres connection 'model.shopify_assessment.stg_orders'
[0m14:29:34.549089 [debug] [Thread-3  ]: Acquiring new postgres connection 'model.shopify_assessment.stg_products'
[0m14:29:34.550088 [debug] [Thread-1  ]: Began compiling node model.shopify_assessment.stg_customers
[0m14:29:34.550088 [debug] [Thread-2  ]: Began compiling node model.shopify_assessment.stg_orders
[0m14:29:34.551089 [debug] [Thread-3  ]: Began compiling node model.shopify_assessment.stg_products
[0m14:29:34.562086 [debug] [Thread-1  ]: Writing injected SQL for node "model.shopify_assessment.stg_customers"
[0m14:29:34.566089 [debug] [Thread-2  ]: Writing injected SQL for node "model.shopify_assessment.stg_orders"
[0m14:29:34.570086 [debug] [Thread-3  ]: Writing injected SQL for node "model.shopify_assessment.stg_products"
[0m14:29:34.572088 [debug] [Thread-1  ]: Began executing node model.shopify_assessment.stg_customers
[0m14:29:34.574089 [debug] [Thread-2  ]: Began executing node model.shopify_assessment.stg_orders
[0m14:29:34.619088 [debug] [Thread-1  ]: Writing runtime sql for node "model.shopify_assessment.stg_customers"
[0m14:29:34.619088 [debug] [Thread-3  ]: Began executing node model.shopify_assessment.stg_products
[0m14:29:34.625093 [debug] [Thread-2  ]: Writing runtime sql for node "model.shopify_assessment.stg_orders"
[0m14:29:34.631091 [debug] [Thread-3  ]: Writing runtime sql for node "model.shopify_assessment.stg_products"
[0m14:29:34.632089 [debug] [Thread-1  ]: Using postgres connection "model.shopify_assessment.stg_customers"
[0m14:29:34.633093 [debug] [Thread-2  ]: Using postgres connection "model.shopify_assessment.stg_orders"
[0m14:29:34.633093 [debug] [Thread-1  ]: On model.shopify_assessment.stg_customers: BEGIN
[0m14:29:34.634089 [debug] [Thread-3  ]: Using postgres connection "model.shopify_assessment.stg_products"
[0m14:29:34.635091 [debug] [Thread-2  ]: On model.shopify_assessment.stg_orders: BEGIN
[0m14:29:34.636089 [debug] [Thread-1  ]: Opening a new connection, currently in state init
[0m14:29:34.636089 [debug] [Thread-3  ]: On model.shopify_assessment.stg_products: BEGIN
[0m14:29:34.637090 [debug] [Thread-2  ]: Opening a new connection, currently in state init
[0m14:29:34.638087 [debug] [Thread-3  ]: Opening a new connection, currently in state init
[0m14:29:34.670861 [debug] [Thread-1  ]: SQL status: BEGIN in 0.034 seconds
[0m14:29:34.672893 [debug] [Thread-1  ]: Using postgres connection "model.shopify_assessment.stg_customers"
[0m14:29:34.673893 [debug] [Thread-2  ]: SQL status: BEGIN in 0.037 seconds
[0m14:29:34.675512 [debug] [Thread-1  ]: On model.shopify_assessment.stg_customers: /* {"app": "dbt", "dbt_version": "1.10.20", "profile_name": "shopify_assessment", "target_name": "staging", "node_id": "model.shopify_assessment.stg_customers"} */

  create view "airbyte_db"."staging_staging"."stg_customers__dbt_tmp"
    
    
  as (
    select
    "ID" as customer_id,
    "ADMIN_GRAPHQL_API_ID" as admin_graphql_api_id,
    to_timestamp("CREATED_AT") as created_at,
    "TAGS" as tags,
    "ADDRESSES" as addresses,
    "_PORTABLE_EXTRACTED" as portable_extracted_at,
    _airbyte_extracted_at
from "airbyte_db"."raw"."customers"
  );
[0m14:29:34.676928 [debug] [Thread-2  ]: Using postgres connection "model.shopify_assessment.stg_orders"
[0m14:29:34.678927 [debug] [Thread-2  ]: On model.shopify_assessment.stg_orders: /* {"app": "dbt", "dbt_version": "1.10.20", "profile_name": "shopify_assessment", "target_name": "staging", "node_id": "model.shopify_assessment.stg_orders"} */

  create view "airbyte_db"."staging_staging"."stg_orders__dbt_tmp"
    
    
  as (
    select
    "ID" as order_id,
    "NAME" as order_name,
    nullif("CREATED_AT", '')::timestamp as created_at,
    "EMAIL" as email,
    "CURRENCY" as currency,
    "FINANCIAL_STATUS" as financial_status,
    "FULFILLMENT_STATUS" as fulfillment_status,
    nullif("TOTAL_PRICE", '')::numeric as total_price,
    nullif("SUBTOTAL_PRICE", '')::numeric as subtotal_price,
    nullif("TOTAL_TAX", '')::numeric as total_tax,
    nullif("TOTAL_DISCOUNTS", '')::numeric as total_discounts,
    nullif("CUSTOMER" ->> 'ID', '') as customer_id,
    "LINE_ITEMS" as line_items,
    "REFUNDS" as refunds,
    "SHIPPING_ADDRESS" as shipping_address,
    "BILLING_ADDRESS" as billing_address,
    "_PORTABLE_EXTRACTED" as portable_extracted_at,
    _airbyte_extracted_at
from "airbyte_db"."raw"."orders"
  );
[0m14:29:34.683004 [debug] [Thread-1  ]: SQL status: CREATE VIEW in 0.004 seconds
[0m14:29:34.684084 [debug] [Thread-3  ]: SQL status: BEGIN in 0.046 seconds
[0m14:29:34.691709 [debug] [Thread-2  ]: Postgres adapter: Postgres error: invalid input syntax for type numeric: ""
LINE 15:     nullif("TOTAL_PRICE", '')::numeric as total_price,
                                   ^

[0m14:29:34.696711 [debug] [Thread-1  ]: Using postgres connection "model.shopify_assessment.stg_customers"
[0m14:29:34.697709 [debug] [Thread-3  ]: Using postgres connection "model.shopify_assessment.stg_products"
[0m14:29:34.697709 [debug] [Thread-2  ]: On model.shopify_assessment.stg_orders: ROLLBACK
[0m14:29:34.698709 [debug] [Thread-1  ]: On model.shopify_assessment.stg_customers: /* {"app": "dbt", "dbt_version": "1.10.20", "profile_name": "shopify_assessment", "target_name": "staging", "node_id": "model.shopify_assessment.stg_customers"} */
alter table "airbyte_db"."staging_staging"."stg_customers" rename to "stg_customers__dbt_backup"
[0m14:29:34.699711 [debug] [Thread-3  ]: On model.shopify_assessment.stg_products: /* {"app": "dbt", "dbt_version": "1.10.20", "profile_name": "shopify_assessment", "target_name": "staging", "node_id": "model.shopify_assessment.stg_products"} */

  create view "airbyte_db"."staging_staging"."stg_products__dbt_tmp"
    
    
  as (
    select
    "ID" as product_id,
    "ADMIN_GRAPHQL_API_ID" as admin_graphql_api_id,
    "TITLE" as product_title,
    "PRODUCT_TYPE" as product_type,
    "VENDOR" as vendor,
    "TAGS" as tags,
    "OPTIONS" as options,
    "VARIANTS" as variants,
    "_PORTABLE_EXTRACTED" as portable_extracted_at,
    _airbyte_extracted_at
from "airbyte_db"."raw"."products"
  );
[0m14:29:34.700710 [debug] [Thread-2  ]: On model.shopify_assessment.stg_orders: Close
[0m14:29:34.701711 [debug] [Thread-1  ]: SQL status: ALTER TABLE in 0.002 seconds
[0m14:29:34.710273 [debug] [Thread-1  ]: Using postgres connection "model.shopify_assessment.stg_customers"
[0m14:29:34.711277 [debug] [Thread-3  ]: SQL status: CREATE VIEW in 0.011 seconds
[0m14:29:34.712273 [debug] [Thread-1  ]: On model.shopify_assessment.stg_customers: /* {"app": "dbt", "dbt_version": "1.10.20", "profile_name": "shopify_assessment", "target_name": "staging", "node_id": "model.shopify_assessment.stg_customers"} */
alter table "airbyte_db"."staging_staging"."stg_customers__dbt_tmp" rename to "stg_customers"
[0m14:29:34.716273 [debug] [Thread-3  ]: Using postgres connection "model.shopify_assessment.stg_products"
[0m14:29:34.718279 [debug] [Thread-3  ]: On model.shopify_assessment.stg_products: /* {"app": "dbt", "dbt_version": "1.10.20", "profile_name": "shopify_assessment", "target_name": "staging", "node_id": "model.shopify_assessment.stg_products"} */
alter table "airbyte_db"."staging_staging"."stg_products" rename to "stg_products__dbt_backup"
[0m14:29:34.719280 [debug] [Thread-1  ]: SQL status: ALTER TABLE in 0.002 seconds
[0m14:29:34.739278 [debug] [Thread-3  ]: SQL status: ALTER TABLE in 0.019 seconds
[0m14:29:34.742271 [debug] [Thread-1  ]: On model.shopify_assessment.stg_customers: COMMIT
[0m14:29:34.748273 [debug] [Thread-3  ]: Using postgres connection "model.shopify_assessment.stg_products"
[0m14:29:34.749273 [debug] [Thread-1  ]: Using postgres connection "model.shopify_assessment.stg_customers"
[0m14:29:34.750274 [debug] [Thread-3  ]: On model.shopify_assessment.stg_products: /* {"app": "dbt", "dbt_version": "1.10.20", "profile_name": "shopify_assessment", "target_name": "staging", "node_id": "model.shopify_assessment.stg_products"} */
alter table "airbyte_db"."staging_staging"."stg_products__dbt_tmp" rename to "stg_products"
[0m14:29:34.751278 [debug] [Thread-1  ]: On model.shopify_assessment.stg_customers: COMMIT
[0m14:29:34.753280 [debug] [Thread-3  ]: SQL status: ALTER TABLE in 0.001 seconds
[0m14:29:34.756277 [debug] [Thread-3  ]: On model.shopify_assessment.stg_products: COMMIT
[0m14:29:34.757275 [debug] [Thread-1  ]: SQL status: COMMIT in 0.005 seconds
[0m14:29:34.758274 [debug] [Thread-3  ]: Using postgres connection "model.shopify_assessment.stg_products"
[0m14:29:34.759279 [debug] [Thread-2  ]: Database Error in model stg_orders (models\staging\stg_orders.sql)
  invalid input syntax for type numeric: ""
  LINE 15:     nullif("TOTAL_PRICE", '')::numeric as total_price,
                                     ^
  compiled code at target\run\shopify_assessment\models\staging\stg_orders.sql
[0m14:29:34.766274 [debug] [Thread-1  ]: Applying DROP to: "airbyte_db"."staging_staging"."stg_customers__dbt_backup"
[0m14:29:34.767272 [debug] [Thread-3  ]: On model.shopify_assessment.stg_products: COMMIT
[0m14:29:34.775273 [debug] [Thread-1  ]: Using postgres connection "model.shopify_assessment.stg_customers"
[0m14:29:34.776273 [debug] [Thread-2  ]: Sending event: {'category': 'dbt', 'action': 'run_model', 'label': 'b5275fb1-52cc-4dfc-999b-307e382f6034', 'context': [<snowplow_tracker.self_describing_json.SelfDescribingJson object at 0x000001C26E784C40>]}
[0m14:29:34.777275 [debug] [Thread-1  ]: On model.shopify_assessment.stg_customers: /* {"app": "dbt", "dbt_version": "1.10.20", "profile_name": "shopify_assessment", "target_name": "staging", "node_id": "model.shopify_assessment.stg_customers"} */
drop view if exists "airbyte_db"."staging_staging"."stg_customers__dbt_backup" cascade
[0m14:29:34.778274 [error] [Thread-2  ]: 2 of 7 ERROR creating sql view model staging_staging.stg_orders ................ [[31mERROR[0m in 0.22s]
[0m14:29:34.780274 [debug] [Thread-2  ]: Finished running node model.shopify_assessment.stg_orders
[0m14:29:34.781273 [debug] [Thread-7  ]: Marking all children of 'model.shopify_assessment.stg_orders' to be skipped because of status 'error'.  Reason: Database Error in model stg_orders (models\staging\stg_orders.sql)
  invalid input syntax for type numeric: ""
  LINE 15:     nullif("TOTAL_PRICE", '')::numeric as total_price,
                                     ^
  compiled code at target\run\shopify_assessment\models\staging\stg_orders.sql.
[0m14:29:34.782274 [debug] [Thread-3  ]: SQL status: COMMIT in 0.005 seconds
[0m14:29:34.783275 [debug] [Thread-4  ]: Began running node model.shopify_assessment.stg_order_line_items
[0m14:29:34.787276 [debug] [Thread-3  ]: Applying DROP to: "airbyte_db"."staging_staging"."stg_products__dbt_backup"
[0m14:29:34.788274 [debug] [Thread-1  ]: SQL status: DROP VIEW in 0.009 seconds
[0m14:29:34.789280 [info ] [Thread-4  ]: 4 of 7 SKIP relation staging_staging.stg_order_line_items ...................... [[33mSKIP[0m]
[0m14:29:34.791276 [debug] [Thread-3  ]: Using postgres connection "model.shopify_assessment.stg_products"
[0m14:29:34.794272 [debug] [Thread-1  ]: On model.shopify_assessment.stg_customers: Close
[0m14:29:34.795272 [debug] [Thread-4  ]: Finished running node model.shopify_assessment.stg_order_line_items
[0m14:29:34.796273 [debug] [Thread-3  ]: On model.shopify_assessment.stg_products: /* {"app": "dbt", "dbt_version": "1.10.20", "profile_name": "shopify_assessment", "target_name": "staging", "node_id": "model.shopify_assessment.stg_products"} */
drop view if exists "airbyte_db"."staging_staging"."stg_products__dbt_backup" cascade
[0m14:29:34.797274 [debug] [Thread-1  ]: Sending event: {'category': 'dbt', 'action': 'run_model', 'label': 'b5275fb1-52cc-4dfc-999b-307e382f6034', 'context': [<snowplow_tracker.self_describing_json.SelfDescribingJson object at 0x000001C26972E0D0>]}
[0m14:29:34.799277 [debug] [Thread-2  ]: Began running node model.shopify_assessment.int_order_line_agg
[0m14:29:34.801279 [info ] [Thread-1  ]: 1 of 7 OK created sql view model staging_staging.stg_customers ................. [[32mCREATE VIEW[0m in 0.25s]
[0m14:29:34.803274 [info ] [Thread-2  ]: 5 of 7 SKIP relation staging_staging.int_order_line_agg ........................ [[33mSKIP[0m]
[0m14:29:34.805278 [debug] [Thread-1  ]: Finished running node model.shopify_assessment.stg_customers
[0m14:29:34.807274 [debug] [Thread-2  ]: Finished running node model.shopify_assessment.int_order_line_agg
[0m14:29:34.808275 [debug] [Thread-3  ]: SQL status: DROP VIEW in 0.009 seconds
[0m14:29:34.809274 [debug] [Thread-4  ]: Began running node model.shopify_assessment.fct_order_summary
[0m14:29:34.811273 [debug] [Thread-3  ]: On model.shopify_assessment.stg_products: Close
[0m14:29:34.812273 [info ] [Thread-4  ]: 6 of 7 SKIP relation staging_marts.fct_order_summary ........................... [[33mSKIP[0m]
[0m14:29:34.814279 [debug] [Thread-3  ]: Sending event: {'category': 'dbt', 'action': 'run_model', 'label': 'b5275fb1-52cc-4dfc-999b-307e382f6034', 'context': [<snowplow_tracker.self_describing_json.SelfDescribingJson object at 0x000001C26E78CEE0>]}
[0m14:29:34.815273 [debug] [Thread-4  ]: Finished running node model.shopify_assessment.fct_order_summary
[0m14:29:34.817275 [info ] [Thread-3  ]: 3 of 7 OK created sql view model staging_staging.stg_products .................. [[32mCREATE VIEW[0m in 0.26s]
[0m14:29:34.819273 [debug] [Thread-3  ]: Finished running node model.shopify_assessment.stg_products
[0m14:29:34.820273 [debug] [Thread-2  ]: Began running node model.shopify_assessment.stg_product_variants
[0m14:29:34.821273 [info ] [Thread-2  ]: 7 of 7 START sql view model staging_staging.stg_product_variants ............... [RUN]
[0m14:29:34.823283 [debug] [Thread-2  ]: Re-using an available connection from the pool (formerly model.shopify_assessment.stg_orders, now model.shopify_assessment.stg_product_variants)
[0m14:29:34.824276 [debug] [Thread-2  ]: Began compiling node model.shopify_assessment.stg_product_variants
[0m14:29:34.828275 [debug] [Thread-2  ]: Writing injected SQL for node "model.shopify_assessment.stg_product_variants"
[0m14:29:34.829275 [debug] [Thread-2  ]: Began executing node model.shopify_assessment.stg_product_variants
[0m14:29:34.835272 [debug] [Thread-2  ]: Writing runtime sql for node "model.shopify_assessment.stg_product_variants"
[0m14:29:34.837274 [debug] [Thread-2  ]: Using postgres connection "model.shopify_assessment.stg_product_variants"
[0m14:29:34.837274 [debug] [Thread-2  ]: On model.shopify_assessment.stg_product_variants: BEGIN
[0m14:29:34.838275 [debug] [Thread-2  ]: Opening a new connection, currently in state closed
[0m14:29:34.857835 [debug] [Thread-2  ]: SQL status: BEGIN in 0.019 seconds
[0m14:29:34.858836 [debug] [Thread-2  ]: Using postgres connection "model.shopify_assessment.stg_product_variants"
[0m14:29:34.858836 [debug] [Thread-2  ]: On model.shopify_assessment.stg_product_variants: /* {"app": "dbt", "dbt_version": "1.10.20", "profile_name": "shopify_assessment", "target_name": "staging", "node_id": "model.shopify_assessment.stg_product_variants"} */

  create view "airbyte_db"."staging_staging"."stg_product_variants__dbt_tmp"
    
    
  as (
    select
    p.product_id,
    v.value ->> 'ID' as variant_id,
    v.value ->> 'SKU' as sku,
    v.value ->> 'TITLE' as variant_title,
    v.value ->> 'OPTION1' as option1,
    v.value ->> 'OPTION2' as option2,
    nullif(v.value ->> 'PRICE', '')::numeric as price,
    nullif(v.value ->> 'INVENTORY_QUANTITY', '')::integer as inventory_quantity,
    to_timestamp(nullif(v.value ->> 'CREATED_AT', '')::numeric) as created_at,
    to_timestamp(nullif(v.value ->> 'UPDATED_AT', '')::numeric) as updated_at
from "airbyte_db"."staging_staging"."stg_products" p
cross join lateral jsonb_array_elements(p.variants) as v(value)
  );
[0m14:29:34.862839 [debug] [Thread-2  ]: SQL status: CREATE VIEW in 0.003 seconds
[0m14:29:34.868450 [debug] [Thread-2  ]: Using postgres connection "model.shopify_assessment.stg_product_variants"
[0m14:29:34.868450 [debug] [Thread-2  ]: On model.shopify_assessment.stg_product_variants: /* {"app": "dbt", "dbt_version": "1.10.20", "profile_name": "shopify_assessment", "target_name": "staging", "node_id": "model.shopify_assessment.stg_product_variants"} */
alter table "airbyte_db"."staging_staging"."stg_product_variants__dbt_tmp" rename to "stg_product_variants"
[0m14:29:34.870456 [debug] [Thread-2  ]: SQL status: ALTER TABLE in 0.001 seconds
[0m14:29:34.873452 [debug] [Thread-2  ]: On model.shopify_assessment.stg_product_variants: COMMIT
[0m14:29:34.874452 [debug] [Thread-2  ]: Using postgres connection "model.shopify_assessment.stg_product_variants"
[0m14:29:34.875451 [debug] [Thread-2  ]: On model.shopify_assessment.stg_product_variants: COMMIT
[0m14:29:34.881037 [debug] [Thread-2  ]: SQL status: COMMIT in 0.005 seconds
[0m14:29:34.886036 [debug] [Thread-2  ]: Applying DROP to: "airbyte_db"."staging_staging"."stg_product_variants__dbt_backup"
[0m14:29:34.887036 [debug] [Thread-2  ]: Using postgres connection "model.shopify_assessment.stg_product_variants"
[0m14:29:34.888037 [debug] [Thread-2  ]: On model.shopify_assessment.stg_product_variants: /* {"app": "dbt", "dbt_version": "1.10.20", "profile_name": "shopify_assessment", "target_name": "staging", "node_id": "model.shopify_assessment.stg_product_variants"} */
drop view if exists "airbyte_db"."staging_staging"."stg_product_variants__dbt_backup" cascade
[0m14:29:34.889040 [debug] [Thread-2  ]: SQL status: DROP VIEW in 0.001 seconds
[0m14:29:34.891036 [debug] [Thread-2  ]: On model.shopify_assessment.stg_product_variants: Close
[0m14:29:34.893040 [debug] [Thread-2  ]: Sending event: {'category': 'dbt', 'action': 'run_model', 'label': 'b5275fb1-52cc-4dfc-999b-307e382f6034', 'context': [<snowplow_tracker.self_describing_json.SelfDescribingJson object at 0x000001C26E69D940>]}
[0m14:29:34.894037 [info ] [Thread-2  ]: 7 of 7 OK created sql view model staging_staging.stg_product_variants .......... [[32mCREATE VIEW[0m in 0.07s]
[0m14:29:34.897037 [debug] [Thread-2  ]: Finished running node model.shopify_assessment.stg_product_variants
[0m14:29:34.899036 [debug] [MainThread]: Using postgres connection "master"
[0m14:29:34.899036 [debug] [MainThread]: On master: BEGIN
[0m14:29:34.900037 [debug] [MainThread]: Opening a new connection, currently in state closed
[0m14:29:34.918040 [debug] [MainThread]: SQL status: BEGIN in 0.018 seconds
[0m14:29:34.919036 [debug] [MainThread]: On master: COMMIT
[0m14:29:34.919036 [debug] [MainThread]: Using postgres connection "master"
[0m14:29:34.920037 [debug] [MainThread]: On master: COMMIT
[0m14:29:34.921037 [debug] [MainThread]: SQL status: COMMIT in 0.001 seconds
[0m14:29:34.922037 [debug] [MainThread]: On master: Close
[0m14:29:34.924036 [debug] [MainThread]: Connection 'master' was properly closed.
[0m14:29:34.925038 [debug] [MainThread]: Connection 'list_airbyte_db' was properly closed.
[0m14:29:34.925038 [debug] [MainThread]: Connection 'list_airbyte_db' was properly closed.
[0m14:29:34.927037 [debug] [MainThread]: Connection 'list_airbyte_db_staging_staging' was properly closed.
[0m14:29:34.928044 [debug] [MainThread]: Connection 'list_airbyte_db_staging_marts' was properly closed.
[0m14:29:34.928044 [debug] [MainThread]: Connection 'model.shopify_assessment.stg_customers' was properly closed.
[0m14:29:34.929037 [debug] [MainThread]: Connection 'model.shopify_assessment.stg_product_variants' was properly closed.
[0m14:29:34.930035 [debug] [MainThread]: Connection 'model.shopify_assessment.stg_products' was properly closed.
[0m14:29:34.930035 [info ] [MainThread]: 
[0m14:29:34.931036 [info ] [MainThread]: Finished running 1 table model, 6 view models in 0 hours 0 minutes and 0.67 seconds (0.67s).
[0m14:29:34.934036 [debug] [MainThread]: Command end result
[0m14:29:35.026036 [debug] [MainThread]: Wrote artifact WritableManifest to C:\Users\Owner\data-engineering-assessment\dbt_shopify\target\manifest.json
[0m14:29:35.029039 [debug] [MainThread]: Wrote artifact SemanticManifest to C:\Users\Owner\data-engineering-assessment\dbt_shopify\target\semantic_manifest.json
[0m14:29:35.038038 [debug] [MainThread]: Wrote artifact RunExecutionResult to C:\Users\Owner\data-engineering-assessment\dbt_shopify\target\run_results.json
[0m14:29:35.039038 [info ] [MainThread]: 
[0m14:29:35.040041 [info ] [MainThread]: [31mCompleted with 1 error, 0 partial successes, and 0 warnings:[0m
[0m14:29:35.041037 [info ] [MainThread]: 
[0m14:29:35.042036 [error] [MainThread]: [31mFailure in model stg_orders (models\staging\stg_orders.sql)[0m
[0m14:29:35.043037 [error] [MainThread]:   Database Error in model stg_orders (models\staging\stg_orders.sql)
  invalid input syntax for type numeric: ""
  LINE 15:     nullif("TOTAL_PRICE", '')::numeric as total_price,
                                     ^
  compiled code at target\run\shopify_assessment\models\staging\stg_orders.sql
[0m14:29:35.044037 [info ] [MainThread]: 
[0m14:29:35.045039 [info ] [MainThread]:   compiled code at target\compiled\shopify_assessment\models\staging\stg_orders.sql
[0m14:29:35.046037 [info ] [MainThread]: 
[0m14:29:35.047037 [info ] [MainThread]: Done. PASS=3 WARN=0 ERROR=1 SKIP=3 NO-OP=0 TOTAL=7
[0m14:29:35.048039 [warn ] [MainThread]: [[33mWARNING[0m][DeprecationsSummary]: Deprecated functionality
Summary of encountered deprecations:
- MissingArgumentsPropertyInGenericTestDeprecation: 1 occurrence
To see all deprecation instances instead of just the first occurrence of each,
run command again with the `--show-all-deprecations` flag. You may also need to
run with `--no-partial-parse` as some deprecations are only encountered during
parsing.
[0m14:29:35.049037 [debug] [MainThread]: Command `dbt run` failed at 14:29:35.049037 after 3.13 seconds
[0m14:29:35.050035 [debug] [MainThread]: Sending event: {'category': 'dbt', 'action': 'invocation', 'label': 'end', 'context': [<snowplow_tracker.self_describing_json.SelfDescribingJson object at 0x000001C26B1704C0>, <snowplow_tracker.self_describing_json.SelfDescribingJson object at 0x000001C26E02D6A0>, <snowplow_tracker.self_describing_json.SelfDescribingJson object at 0x000001C26E861CA0>]}
[0m14:29:35.051149 [debug] [MainThread]: Flushing usage events
[0m14:29:35.492085 [debug] [MainThread]: An error was encountered while trying to flush usage events
[0m14:37:23.402312 [debug] [MainThread]: Sending event: {'category': 'dbt', 'action': 'invocation', 'label': 'start', 'context': [<snowplow_tracker.self_describing_json.SelfDescribingJson object at 0x00000292D3AE04F0>, <snowplow_tracker.self_describing_json.SelfDescribingJson object at 0x00000292D5483460>, <snowplow_tracker.self_describing_json.SelfDescribingJson object at 0x00000292D54831F0>]}


============================== 14:37:23.407280 | 572634f0-52ca-4e97-9ffe-6e66b72d6e61 ==============================
[0m14:37:23.407280 [info ] [MainThread]: Running with dbt=1.10.20
[0m14:37:23.408277 [debug] [MainThread]: running dbt with arguments {'fail_fast': 'False', 'debug': 'False', 'log_cache_events': 'False', 'send_anonymous_usage_stats': 'True', 'cache_selected_only': 'False', 'warn_error_options': 'WarnErrorOptionsV2(error=[], warn=[], silence=[])', 'target_path': 'None', 'invocation_command': 'dbt run --target staging', 'version_check': 'True', 'empty': 'False', 'printer_width': '80', 'partial_parse': 'True', 'introspect': 'True', 'log_path': 'C:\\Users\\Owner\\data-engineering-assessment\\dbt_shopify\\logs', 'warn_error': 'None', 'write_json': 'True', 'no_print': 'None', 'log_format': 'default', 'quiet': 'False', 'static_parser': 'True', 'profiles_dir': 'C:\\Users\\Owner\\.dbt', 'use_experimental_parser': 'False', 'use_colors': 'True', 'indirect_selection': 'eager'}
[0m14:37:23.671237 [debug] [MainThread]: Sending event: {'category': 'dbt', 'action': 'project_id', 'label': '572634f0-52ca-4e97-9ffe-6e66b72d6e61', 'context': [<snowplow_tracker.self_describing_json.SelfDescribingJson object at 0x00000292D3ECCFD0>]}
[0m14:37:23.823875 [debug] [MainThread]: Sending event: {'category': 'dbt', 'action': 'adapter_info', 'label': '572634f0-52ca-4e97-9ffe-6e66b72d6e61', 'context': [<snowplow_tracker.self_describing_json.SelfDescribingJson object at 0x00000292D53E7E80>]}
[0m14:37:23.831726 [info ] [MainThread]: Registered adapter: postgres=1.9.1
[0m14:37:24.349938 [debug] [MainThread]: checksum: a59e7b2b447fd8a57b2be28e7355e6b39fd61763d8c6e0ea8982126488badb66, vars: {}, profile: , target: staging, version: 1.10.20
[0m14:37:24.612533 [debug] [MainThread]: Partial parsing enabled: 0 files deleted, 0 files added, 5 files changed.
[0m14:37:24.613502 [debug] [MainThread]: Partial parsing: updated file: shopify_assessment://models\marts\fct_order_summary.sql
[0m14:37:24.614500 [debug] [MainThread]: Partial parsing: updated file: shopify_assessment://models\staging\stg_customers.sql
[0m14:37:24.615501 [debug] [MainThread]: Partial parsing: updated file: shopify_assessment://models\staging\stg_orders.sql
[0m14:37:24.615501 [debug] [MainThread]: Partial parsing: updated file: shopify_assessment://models\staging\stg_product_variants.sql
[0m14:37:24.616501 [debug] [MainThread]: Partial parsing: updated file: shopify_assessment://models\staging\stg_order_line_items.sql
[0m14:37:24.617504 [debug] [MainThread]: Partial parsing: updated file: shopify_assessment://models\staging\stg_products.sql
[0m14:37:25.199250 [warn ] [MainThread]: [[33mWARNING[0m][MissingArgumentsPropertyInGenericTestDeprecation]: Deprecated
functionality
Found top-level arguments to test `relationships`. Arguments to generic tests
should be nested under the `arguments` property.`
[0m14:37:25.200265 [debug] [MainThread]: Sending event: {'category': 'dbt', 'action': 'deprecation', 'label': '572634f0-52ca-4e97-9ffe-6e66b72d6e61', 'property_': 'warn', 'context': [<snowplow_tracker.self_describing_json.SelfDescribingJson object at 0x00000292D6438550>]}
[0m14:37:25.392830 [debug] [MainThread]: Sending event: {'category': 'dbt', 'action': 'load_project', 'label': '572634f0-52ca-4e97-9ffe-6e66b72d6e61', 'context': [<snowplow_tracker.self_describing_json.SelfDescribingJson object at 0x00000292D648F0D0>]}
[0m14:37:25.533412 [debug] [MainThread]: Wrote artifact WritableManifest to C:\Users\Owner\data-engineering-assessment\dbt_shopify\target\manifest.json
[0m14:37:25.537415 [debug] [MainThread]: Wrote artifact SemanticManifest to C:\Users\Owner\data-engineering-assessment\dbt_shopify\target\semantic_manifest.json
[0m14:37:25.565419 [debug] [MainThread]: Sending event: {'category': 'dbt', 'action': 'resource_counts', 'label': '572634f0-52ca-4e97-9ffe-6e66b72d6e61', 'context': [<snowplow_tracker.self_describing_json.SelfDescribingJson object at 0x00000292D5935EB0>]}
[0m14:37:25.566415 [info ] [MainThread]: Found 7 models, 20 data tests, 3 sources, 447 macros
[0m14:37:25.567414 [debug] [MainThread]: Sending event: {'category': 'dbt', 'action': 'runnable_timing', 'label': '572634f0-52ca-4e97-9ffe-6e66b72d6e61', 'context': [<snowplow_tracker.self_describing_json.SelfDescribingJson object at 0x00000292D4B6E340>]}
[0m14:37:25.571418 [info ] [MainThread]: 
[0m14:37:25.572413 [info ] [MainThread]: Concurrency: 4 threads (target='staging')
[0m14:37:25.573415 [info ] [MainThread]: 
[0m14:37:25.574415 [debug] [MainThread]: Acquiring new postgres connection 'master'
[0m14:37:25.581411 [debug] [ThreadPool]: Acquiring new postgres connection 'list_airbyte_db'
[0m14:37:25.588413 [debug] [ThreadPool]: Acquiring new postgres connection 'list_airbyte_db'
[0m14:37:25.680445 [debug] [ThreadPool]: Using postgres connection "list_airbyte_db"
[0m14:37:25.681447 [debug] [ThreadPool]: Using postgres connection "list_airbyte_db"
[0m14:37:25.681447 [debug] [ThreadPool]: On list_airbyte_db: /* {"app": "dbt", "dbt_version": "1.10.20", "profile_name": "shopify_assessment", "target_name": "staging", "connection_name": "list_airbyte_db"} */

    select distinct nspname from pg_namespace
  
[0m14:37:25.683050 [debug] [ThreadPool]: On list_airbyte_db: /* {"app": "dbt", "dbt_version": "1.10.20", "profile_name": "shopify_assessment", "target_name": "staging", "connection_name": "list_airbyte_db"} */

    select distinct nspname from pg_namespace
  
[0m14:37:25.684057 [debug] [ThreadPool]: Opening a new connection, currently in state init
[0m14:37:25.684057 [debug] [ThreadPool]: Opening a new connection, currently in state init
[0m14:37:25.712056 [debug] [ThreadPool]: SQL status: SELECT 9 in 0.027 seconds
[0m14:37:25.715060 [debug] [ThreadPool]: On list_airbyte_db: Close
[0m14:37:25.731057 [debug] [ThreadPool]: SQL status: SELECT 9 in 0.047 seconds
[0m14:37:25.732057 [debug] [ThreadPool]: On list_airbyte_db: Close
[0m14:37:25.737060 [debug] [ThreadPool]: Acquiring new postgres connection 'list_airbyte_db_staging_marts'
[0m14:37:25.738058 [debug] [ThreadPool]: Acquiring new postgres connection 'list_airbyte_db_staging_staging'
[0m14:37:25.746059 [debug] [ThreadPool]: Using postgres connection "list_airbyte_db_staging_marts"
[0m14:37:25.749090 [debug] [ThreadPool]: Using postgres connection "list_airbyte_db_staging_staging"
[0m14:37:25.749090 [debug] [ThreadPool]: On list_airbyte_db_staging_marts: BEGIN
[0m14:37:25.750058 [debug] [ThreadPool]: On list_airbyte_db_staging_staging: BEGIN
[0m14:37:25.751057 [debug] [ThreadPool]: Opening a new connection, currently in state init
[0m14:37:25.751057 [debug] [ThreadPool]: Opening a new connection, currently in state init
[0m14:37:25.776062 [debug] [ThreadPool]: SQL status: BEGIN in 0.025 seconds
[0m14:37:25.777059 [debug] [ThreadPool]: Using postgres connection "list_airbyte_db_staging_marts"
[0m14:37:25.778324 [debug] [ThreadPool]: SQL status: BEGIN in 0.027 seconds
[0m14:37:25.778862 [debug] [ThreadPool]: On list_airbyte_db_staging_marts: /* {"app": "dbt", "dbt_version": "1.10.20", "profile_name": "shopify_assessment", "target_name": "staging", "connection_name": "list_airbyte_db_staging_marts"} */
select
      'airbyte_db' as database,
      tablename as name,
      schemaname as schema,
      'table' as type
    from pg_tables
    where schemaname ilike 'staging_marts'
    union all
    select
      'airbyte_db' as database,
      viewname as name,
      schemaname as schema,
      'view' as type
    from pg_views
    where schemaname ilike 'staging_marts'
    union all
    select
      'airbyte_db' as database,
      matviewname as name,
      schemaname as schema,
      'materialized_view' as type
    from pg_matviews
    where schemaname ilike 'staging_marts'
  
[0m14:37:25.779869 [debug] [ThreadPool]: Using postgres connection "list_airbyte_db_staging_staging"
[0m14:37:25.780871 [debug] [ThreadPool]: On list_airbyte_db_staging_staging: /* {"app": "dbt", "dbt_version": "1.10.20", "profile_name": "shopify_assessment", "target_name": "staging", "connection_name": "list_airbyte_db_staging_staging"} */
select
      'airbyte_db' as database,
      tablename as name,
      schemaname as schema,
      'table' as type
    from pg_tables
    where schemaname ilike 'staging_staging'
    union all
    select
      'airbyte_db' as database,
      viewname as name,
      schemaname as schema,
      'view' as type
    from pg_views
    where schemaname ilike 'staging_staging'
    union all
    select
      'airbyte_db' as database,
      matviewname as name,
      schemaname as schema,
      'materialized_view' as type
    from pg_matviews
    where schemaname ilike 'staging_staging'
  
[0m14:37:25.784875 [debug] [ThreadPool]: SQL status: SELECT 1 in 0.005 seconds
[0m14:37:25.785874 [debug] [ThreadPool]: SQL status: SELECT 6 in 0.005 seconds
[0m14:37:25.787905 [debug] [ThreadPool]: On list_airbyte_db_staging_marts: ROLLBACK
[0m14:37:25.789903 [debug] [ThreadPool]: On list_airbyte_db_staging_staging: ROLLBACK
[0m14:37:25.791870 [debug] [ThreadPool]: On list_airbyte_db_staging_marts: Close
[0m14:37:25.791870 [debug] [ThreadPool]: On list_airbyte_db_staging_staging: Close
[0m14:37:25.804870 [debug] [MainThread]: Using postgres connection "master"
[0m14:37:25.805904 [debug] [MainThread]: On master: BEGIN
[0m14:37:25.806903 [debug] [MainThread]: Opening a new connection, currently in state init
[0m14:37:25.823872 [debug] [MainThread]: SQL status: BEGIN in 0.017 seconds
[0m14:37:25.824871 [debug] [MainThread]: Using postgres connection "master"
[0m14:37:25.824871 [debug] [MainThread]: On master: /* {"app": "dbt", "dbt_version": "1.10.20", "profile_name": "shopify_assessment", "target_name": "staging", "connection_name": "master"} */
select distinct
        dependent_namespace.nspname as dependent_schema,
        dependent_class.relname as dependent_name,
        referenced_namespace.nspname as referenced_schema,
        referenced_class.relname as referenced_name

    -- Query for views: views are entries in pg_class with an entry in pg_rewrite, but we avoid
    -- a seq scan on pg_rewrite by leveraging the fact there is an "internal" row in pg_depend for
    -- the view...
    from pg_class as dependent_class
    join pg_namespace as dependent_namespace on dependent_namespace.oid = dependent_class.relnamespace
    join pg_depend as dependent_depend on dependent_depend.refobjid = dependent_class.oid
        and dependent_depend.classid = 'pg_rewrite'::regclass
        and dependent_depend.refclassid = 'pg_class'::regclass
        and dependent_depend.deptype = 'i'

    -- ... and via pg_depend (that has a row per column, hence the need for "distinct" above, and
    -- making sure to exclude the internal row to avoid a view appearing to depend on itself)...
    join pg_depend as joining_depend on joining_depend.objid = dependent_depend.objid
        and joining_depend.classid = 'pg_rewrite'::regclass
        and joining_depend.refclassid = 'pg_class'::regclass
        and joining_depend.refobjid != dependent_depend.refobjid

    -- ... we can find the tables they query from in pg_class, but excluding system tables. Note we
    -- don't need need to exclude _dependent_ system tables, because they only query from other
    -- system tables, and so are automatically excluded by excluding _referenced_ system tables
    join pg_class as referenced_class on referenced_class.oid = joining_depend.refobjid
    join pg_namespace as referenced_namespace on referenced_namespace.oid = referenced_class.relnamespace
        and referenced_namespace.nspname != 'information_schema'
        and referenced_namespace.nspname not like 'pg\_%'

    order by
        dependent_schema, dependent_name, referenced_schema, referenced_name;
[0m14:37:25.829868 [debug] [MainThread]: SQL status: SELECT 6 in 0.004 seconds
[0m14:37:25.832870 [debug] [MainThread]: Sending event: {'category': 'dbt', 'action': 'runnable_timing', 'label': '572634f0-52ca-4e97-9ffe-6e66b72d6e61', 'context': [<snowplow_tracker.self_describing_json.SelfDescribingJson object at 0x00000292D4B6E340>]}
[0m14:37:25.832870 [debug] [MainThread]: On master: ROLLBACK
[0m14:37:25.834870 [debug] [MainThread]: Using postgres connection "master"
[0m14:37:25.834870 [debug] [MainThread]: On master: BEGIN
[0m14:37:25.836870 [debug] [MainThread]: SQL status: BEGIN in 0.001 seconds
[0m14:37:25.838871 [debug] [MainThread]: On master: COMMIT
[0m14:37:25.839871 [debug] [MainThread]: Using postgres connection "master"
[0m14:37:25.839871 [debug] [MainThread]: On master: COMMIT
[0m14:37:25.840870 [debug] [MainThread]: SQL status: COMMIT in 0.001 seconds
[0m14:37:25.841870 [debug] [MainThread]: On master: Close
[0m14:37:25.848869 [debug] [Thread-1  ]: Began running node model.shopify_assessment.stg_customers
[0m14:37:25.849872 [debug] [Thread-2  ]: Began running node model.shopify_assessment.stg_orders
[0m14:37:25.849872 [debug] [Thread-3  ]: Began running node model.shopify_assessment.stg_products
[0m14:37:25.850869 [info ] [Thread-1  ]: 1 of 7 START sql view model staging_staging.stg_customers ...................... [RUN]
[0m14:37:25.851869 [info ] [Thread-2  ]: 2 of 7 START sql view model staging_staging.stg_orders ......................... [RUN]
[0m14:37:25.855872 [info ] [Thread-3  ]: 3 of 7 START sql view model staging_staging.stg_products ....................... [RUN]
[0m14:37:25.856872 [debug] [Thread-1  ]: Acquiring new postgres connection 'model.shopify_assessment.stg_customers'
[0m14:37:25.857869 [debug] [Thread-2  ]: Acquiring new postgres connection 'model.shopify_assessment.stg_orders'
[0m14:37:25.858871 [debug] [Thread-3  ]: Acquiring new postgres connection 'model.shopify_assessment.stg_products'
[0m14:37:25.859872 [debug] [Thread-1  ]: Began compiling node model.shopify_assessment.stg_customers
[0m14:37:25.859872 [debug] [Thread-2  ]: Began compiling node model.shopify_assessment.stg_orders
[0m14:37:25.860869 [debug] [Thread-3  ]: Began compiling node model.shopify_assessment.stg_products
[0m14:37:25.874871 [debug] [Thread-1  ]: Writing injected SQL for node "model.shopify_assessment.stg_customers"
[0m14:37:25.880872 [debug] [Thread-2  ]: Writing injected SQL for node "model.shopify_assessment.stg_orders"
[0m14:37:25.886945 [debug] [Thread-3  ]: Writing injected SQL for node "model.shopify_assessment.stg_products"
[0m14:37:25.888944 [debug] [Thread-1  ]: Began executing node model.shopify_assessment.stg_customers
[0m14:37:25.889945 [debug] [Thread-2  ]: Began executing node model.shopify_assessment.stg_orders
[0m14:37:25.915947 [debug] [Thread-3  ]: Began executing node model.shopify_assessment.stg_products
[0m14:37:25.933940 [debug] [Thread-1  ]: Writing runtime sql for node "model.shopify_assessment.stg_customers"
[0m14:37:25.939940 [debug] [Thread-2  ]: Writing runtime sql for node "model.shopify_assessment.stg_orders"
[0m14:37:25.944941 [debug] [Thread-3  ]: Writing runtime sql for node "model.shopify_assessment.stg_products"
[0m14:37:25.945942 [debug] [Thread-1  ]: Using postgres connection "model.shopify_assessment.stg_customers"
[0m14:37:25.947534 [debug] [Thread-2  ]: Using postgres connection "model.shopify_assessment.stg_orders"
[0m14:37:25.948532 [debug] [Thread-1  ]: On model.shopify_assessment.stg_customers: BEGIN
[0m14:37:25.949532 [debug] [Thread-3  ]: Using postgres connection "model.shopify_assessment.stg_products"
[0m14:37:25.949532 [debug] [Thread-2  ]: On model.shopify_assessment.stg_orders: BEGIN
[0m14:37:25.950532 [debug] [Thread-1  ]: Opening a new connection, currently in state init
[0m14:37:25.950532 [debug] [Thread-3  ]: On model.shopify_assessment.stg_products: BEGIN
[0m14:37:25.951529 [debug] [Thread-2  ]: Opening a new connection, currently in state init
[0m14:37:25.952530 [debug] [Thread-3  ]: Opening a new connection, currently in state init
[0m14:37:25.981154 [debug] [Thread-1  ]: SQL status: BEGIN in 0.031 seconds
[0m14:37:25.984167 [debug] [Thread-1  ]: Using postgres connection "model.shopify_assessment.stg_customers"
[0m14:37:25.985167 [debug] [Thread-2  ]: SQL status: BEGIN in 0.034 seconds
[0m14:37:25.987669 [debug] [Thread-1  ]: On model.shopify_assessment.stg_customers: /* {"app": "dbt", "dbt_version": "1.10.20", "profile_name": "shopify_assessment", "target_name": "staging", "node_id": "model.shopify_assessment.stg_customers"} */

  create view "airbyte_db"."staging_staging"."stg_customers__dbt_tmp"
    
    
  as (
    select
    "ID" as customer_id,
    "ADMIN_GRAPHQL_API_ID" as admin_graphql_api_id,
    to_timestamp(nullif("CREATED_AT"::text, '')::numeric) as created_at,
    "TAGS" as tags,
    "ADDRESSES" as addresses,
    "_PORTABLE_EXTRACTED" as portable_extracted_at,
    _airbyte_extracted_at
from "airbyte_db"."raw"."customers"
  );
[0m14:37:25.989151 [debug] [Thread-3  ]: SQL status: BEGIN in 0.036 seconds
[0m14:37:25.990271 [debug] [Thread-2  ]: Using postgres connection "model.shopify_assessment.stg_orders"
[0m14:37:25.991907 [debug] [Thread-3  ]: Using postgres connection "model.shopify_assessment.stg_products"
[0m14:37:25.993561 [debug] [Thread-2  ]: On model.shopify_assessment.stg_orders: /* {"app": "dbt", "dbt_version": "1.10.20", "profile_name": "shopify_assessment", "target_name": "staging", "node_id": "model.shopify_assessment.stg_orders"} */

  create view "airbyte_db"."staging_staging"."stg_orders__dbt_tmp"
    
    
  as (
    select
    "ID" as order_id,
    "NAME" as order_name,
    nullif(trim("CREATED_AT"), '')::timestamp as created_at,
    nullif(trim("EMAIL"), '') as email,
    "CURRENCY" as currency,
    "FINANCIAL_STATUS" as financial_status,
    "FULFILLMENT_STATUS" as fulfillment_status,
    "TOTAL_PRICE"::numeric as total_price,
    "SUBTOTAL_PRICE"::numeric as subtotal_price,
    "TOTAL_TAX"::numeric as total_tax,
    "TOTAL_DISCOUNTS"::numeric as total_discounts,
    nullif(trim("CUSTOMER" ->> 'ID'), '') as customer_id,
    "LINE_ITEMS" as line_items,
    "REFUNDS" as refunds,
    "SHIPPING_ADDRESS" as shipping_address,
    "BILLING_ADDRESS" as billing_address,
    "_PORTABLE_EXTRACTED" as portable_extracted_at,
    _airbyte_extracted_at
from "airbyte_db"."raw"."orders"
  );
[0m14:37:25.995268 [debug] [Thread-3  ]: On model.shopify_assessment.stg_products: /* {"app": "dbt", "dbt_version": "1.10.20", "profile_name": "shopify_assessment", "target_name": "staging", "node_id": "model.shopify_assessment.stg_products"} */

  create view "airbyte_db"."staging_staging"."stg_products__dbt_tmp"
    
    
  as (
    select
    "ID" as product_id,
    "ADMIN_GRAPHQL_API_ID" as admin_graphql_api_id,
    nullif(trim("TITLE"), '') as product_title,
    nullif(trim("PRODUCT_TYPE"), '') as product_type,
    nullif(trim("VENDOR"), '') as vendor,
    "TAGS" as tags,
    "OPTIONS" as options,
    "VARIANTS" as variants,
    "_PORTABLE_EXTRACTED" as portable_extracted_at,
    _airbyte_extracted_at
from "airbyte_db"."raw"."products"
  );
[0m14:37:25.996738 [debug] [Thread-1  ]: SQL status: CREATE VIEW in 0.005 seconds
[0m14:37:26.012853 [debug] [Thread-1  ]: Using postgres connection "model.shopify_assessment.stg_customers"
[0m14:37:26.013852 [debug] [Thread-3  ]: SQL status: CREATE VIEW in 0.016 seconds
[0m14:37:26.014854 [debug] [Thread-2  ]: SQL status: CREATE VIEW in 0.017 seconds
[0m14:37:26.014854 [debug] [Thread-1  ]: On model.shopify_assessment.stg_customers: /* {"app": "dbt", "dbt_version": "1.10.20", "profile_name": "shopify_assessment", "target_name": "staging", "node_id": "model.shopify_assessment.stg_customers"} */
alter table "airbyte_db"."staging_staging"."stg_customers" rename to "stg_customers__dbt_backup"
[0m14:37:26.019854 [debug] [Thread-3  ]: Using postgres connection "model.shopify_assessment.stg_products"
[0m14:37:26.025858 [debug] [Thread-2  ]: Using postgres connection "model.shopify_assessment.stg_orders"
[0m14:37:26.026855 [debug] [Thread-3  ]: On model.shopify_assessment.stg_products: /* {"app": "dbt", "dbt_version": "1.10.20", "profile_name": "shopify_assessment", "target_name": "staging", "node_id": "model.shopify_assessment.stg_products"} */
alter table "airbyte_db"."staging_staging"."stg_products" rename to "stg_products__dbt_backup"
[0m14:37:26.027854 [debug] [Thread-1  ]: SQL status: ALTER TABLE in 0.001 seconds
[0m14:37:26.028854 [debug] [Thread-2  ]: On model.shopify_assessment.stg_orders: /* {"app": "dbt", "dbt_version": "1.10.20", "profile_name": "shopify_assessment", "target_name": "staging", "node_id": "model.shopify_assessment.stg_orders"} */
alter table "airbyte_db"."staging_staging"."stg_orders" rename to "stg_orders__dbt_backup"
[0m14:37:26.032853 [debug] [Thread-1  ]: Using postgres connection "model.shopify_assessment.stg_customers"
[0m14:37:26.033854 [debug] [Thread-3  ]: SQL status: ALTER TABLE in 0.005 seconds
[0m14:37:26.034864 [debug] [Thread-1  ]: On model.shopify_assessment.stg_customers: /* {"app": "dbt", "dbt_version": "1.10.20", "profile_name": "shopify_assessment", "target_name": "staging", "node_id": "model.shopify_assessment.stg_customers"} */
alter table "airbyte_db"."staging_staging"."stg_customers__dbt_tmp" rename to "stg_customers"
[0m14:37:26.035857 [debug] [Thread-2  ]: SQL status: ALTER TABLE in 0.001 seconds
[0m14:37:26.039853 [debug] [Thread-3  ]: Using postgres connection "model.shopify_assessment.stg_products"
[0m14:37:26.044854 [debug] [Thread-2  ]: Using postgres connection "model.shopify_assessment.stg_orders"
[0m14:37:26.045852 [debug] [Thread-1  ]: SQL status: ALTER TABLE in 0.005 seconds
[0m14:37:26.046855 [debug] [Thread-3  ]: On model.shopify_assessment.stg_products: /* {"app": "dbt", "dbt_version": "1.10.20", "profile_name": "shopify_assessment", "target_name": "staging", "node_id": "model.shopify_assessment.stg_products"} */
alter table "airbyte_db"."staging_staging"."stg_products__dbt_tmp" rename to "stg_products"
[0m14:37:26.046855 [debug] [Thread-2  ]: On model.shopify_assessment.stg_orders: /* {"app": "dbt", "dbt_version": "1.10.20", "profile_name": "shopify_assessment", "target_name": "staging", "node_id": "model.shopify_assessment.stg_orders"} */
alter table "airbyte_db"."staging_staging"."stg_orders__dbt_tmp" rename to "stg_orders"
[0m14:37:26.066852 [debug] [Thread-1  ]: On model.shopify_assessment.stg_customers: COMMIT
[0m14:37:26.068858 [debug] [Thread-1  ]: Using postgres connection "model.shopify_assessment.stg_customers"
[0m14:37:26.069855 [debug] [Thread-2  ]: SQL status: ALTER TABLE in 0.002 seconds
[0m14:37:26.070855 [debug] [Thread-3  ]: SQL status: ALTER TABLE in 0.003 seconds
[0m14:37:26.071858 [debug] [Thread-1  ]: On model.shopify_assessment.stg_customers: COMMIT
[0m14:37:26.073854 [debug] [Thread-2  ]: On model.shopify_assessment.stg_orders: COMMIT
[0m14:37:26.075854 [debug] [Thread-3  ]: On model.shopify_assessment.stg_products: COMMIT
[0m14:37:26.076854 [debug] [Thread-2  ]: Using postgres connection "model.shopify_assessment.stg_orders"
[0m14:37:26.077854 [debug] [Thread-3  ]: Using postgres connection "model.shopify_assessment.stg_products"
[0m14:37:26.078853 [debug] [Thread-2  ]: On model.shopify_assessment.stg_orders: COMMIT
[0m14:37:26.079854 [debug] [Thread-3  ]: On model.shopify_assessment.stg_products: COMMIT
[0m14:37:26.079854 [debug] [Thread-1  ]: SQL status: COMMIT in 0.003 seconds
[0m14:37:26.091466 [debug] [Thread-1  ]: Applying DROP to: "airbyte_db"."staging_staging"."stg_customers__dbt_backup"
[0m14:37:26.092464 [debug] [Thread-2  ]: SQL status: COMMIT in 0.011 seconds
[0m14:37:26.092464 [debug] [Thread-3  ]: SQL status: COMMIT in 0.012 seconds
[0m14:37:26.098466 [debug] [Thread-1  ]: Using postgres connection "model.shopify_assessment.stg_customers"
[0m14:37:26.101465 [debug] [Thread-2  ]: Applying DROP to: "airbyte_db"."staging_staging"."stg_orders__dbt_backup"
[0m14:37:26.106463 [debug] [Thread-3  ]: Applying DROP to: "airbyte_db"."staging_staging"."stg_products__dbt_backup"
[0m14:37:26.107465 [debug] [Thread-1  ]: On model.shopify_assessment.stg_customers: /* {"app": "dbt", "dbt_version": "1.10.20", "profile_name": "shopify_assessment", "target_name": "staging", "node_id": "model.shopify_assessment.stg_customers"} */
drop view if exists "airbyte_db"."staging_staging"."stg_customers__dbt_backup" cascade
[0m14:37:26.108464 [debug] [Thread-2  ]: Using postgres connection "model.shopify_assessment.stg_orders"
[0m14:37:26.109465 [debug] [Thread-3  ]: Using postgres connection "model.shopify_assessment.stg_products"
[0m14:37:26.110464 [debug] [Thread-2  ]: On model.shopify_assessment.stg_orders: /* {"app": "dbt", "dbt_version": "1.10.20", "profile_name": "shopify_assessment", "target_name": "staging", "node_id": "model.shopify_assessment.stg_orders"} */
drop view if exists "airbyte_db"."staging_staging"."stg_orders__dbt_backup" cascade
[0m14:37:26.111466 [debug] [Thread-3  ]: On model.shopify_assessment.stg_products: /* {"app": "dbt", "dbt_version": "1.10.20", "profile_name": "shopify_assessment", "target_name": "staging", "node_id": "model.shopify_assessment.stg_products"} */
drop view if exists "airbyte_db"."staging_staging"."stg_products__dbt_backup" cascade
[0m14:37:26.118468 [debug] [Thread-1  ]: SQL status: DROP VIEW in 0.008 seconds
[0m14:37:26.122466 [debug] [Thread-1  ]: On model.shopify_assessment.stg_customers: Close
[0m14:37:26.126466 [debug] [Thread-1  ]: Sending event: {'category': 'dbt', 'action': 'run_model', 'label': '572634f0-52ca-4e97-9ffe-6e66b72d6e61', 'context': [<snowplow_tracker.self_describing_json.SelfDescribingJson object at 0x00000292D6B9FDC0>]}
[0m14:37:26.127467 [debug] [Thread-2  ]: SQL status: DROP VIEW in 0.016 seconds
[0m14:37:26.128466 [debug] [Thread-3  ]: SQL status: DROP VIEW in 0.016 seconds
[0m14:37:26.129465 [info ] [Thread-1  ]: 1 of 7 OK created sql view model staging_staging.stg_customers ................. [[32mCREATE VIEW[0m in 0.27s]
[0m14:37:26.131466 [debug] [Thread-2  ]: On model.shopify_assessment.stg_orders: Close
[0m14:37:26.134465 [debug] [Thread-3  ]: On model.shopify_assessment.stg_products: Close
[0m14:37:26.135465 [debug] [Thread-1  ]: Finished running node model.shopify_assessment.stg_customers
[0m14:37:26.138470 [debug] [Thread-2  ]: Sending event: {'category': 'dbt', 'action': 'run_model', 'label': '572634f0-52ca-4e97-9ffe-6e66b72d6e61', 'context': [<snowplow_tracker.self_describing_json.SelfDescribingJson object at 0x00000292D6C88CA0>]}
[0m14:37:26.142465 [debug] [Thread-3  ]: Sending event: {'category': 'dbt', 'action': 'run_model', 'label': '572634f0-52ca-4e97-9ffe-6e66b72d6e61', 'context': [<snowplow_tracker.self_describing_json.SelfDescribingJson object at 0x00000292D6CA5F40>]}
[0m14:37:26.143471 [info ] [Thread-2  ]: 2 of 7 OK created sql view model staging_staging.stg_orders .................... [[32mCREATE VIEW[0m in 0.28s]
[0m14:37:26.145466 [info ] [Thread-3  ]: 3 of 7 OK created sql view model staging_staging.stg_products .................. [[32mCREATE VIEW[0m in 0.28s]
[0m14:37:26.146466 [debug] [Thread-2  ]: Finished running node model.shopify_assessment.stg_orders
[0m14:37:26.147466 [debug] [Thread-3  ]: Finished running node model.shopify_assessment.stg_products
[0m14:37:26.148466 [debug] [Thread-4  ]: Began running node model.shopify_assessment.stg_order_line_items
[0m14:37:26.150467 [debug] [Thread-2  ]: Began running node model.shopify_assessment.stg_product_variants
[0m14:37:26.152466 [info ] [Thread-4  ]: 4 of 7 START sql view model staging_staging.stg_order_line_items ............... [RUN]
[0m14:37:26.154472 [info ] [Thread-2  ]: 5 of 7 START sql view model staging_staging.stg_product_variants ............... [RUN]
[0m14:37:26.157467 [debug] [Thread-4  ]: Acquiring new postgres connection 'model.shopify_assessment.stg_order_line_items'
[0m14:37:26.158467 [debug] [Thread-2  ]: Re-using an available connection from the pool (formerly model.shopify_assessment.stg_orders, now model.shopify_assessment.stg_product_variants)
[0m14:37:26.160465 [debug] [Thread-4  ]: Began compiling node model.shopify_assessment.stg_order_line_items
[0m14:37:26.160465 [debug] [Thread-2  ]: Began compiling node model.shopify_assessment.stg_product_variants
[0m14:37:26.165465 [debug] [Thread-4  ]: Writing injected SQL for node "model.shopify_assessment.stg_order_line_items"
[0m14:37:26.172476 [debug] [Thread-2  ]: Writing injected SQL for node "model.shopify_assessment.stg_product_variants"
[0m14:37:26.174467 [debug] [Thread-4  ]: Began executing node model.shopify_assessment.stg_order_line_items
[0m14:37:26.175468 [debug] [Thread-2  ]: Began executing node model.shopify_assessment.stg_product_variants
[0m14:37:26.182465 [debug] [Thread-4  ]: Writing runtime sql for node "model.shopify_assessment.stg_order_line_items"
[0m14:37:26.189464 [debug] [Thread-2  ]: Writing runtime sql for node "model.shopify_assessment.stg_product_variants"
[0m14:37:26.191466 [debug] [Thread-4  ]: Using postgres connection "model.shopify_assessment.stg_order_line_items"
[0m14:37:26.192465 [debug] [Thread-2  ]: Using postgres connection "model.shopify_assessment.stg_product_variants"
[0m14:37:26.192465 [debug] [Thread-4  ]: On model.shopify_assessment.stg_order_line_items: BEGIN
[0m14:37:26.193466 [debug] [Thread-2  ]: On model.shopify_assessment.stg_product_variants: BEGIN
[0m14:37:26.194465 [debug] [Thread-4  ]: Opening a new connection, currently in state init
[0m14:37:26.195465 [debug] [Thread-2  ]: Opening a new connection, currently in state closed
[0m14:37:26.223053 [debug] [Thread-2  ]: SQL status: BEGIN in 0.028 seconds
[0m14:37:26.224046 [debug] [Thread-4  ]: SQL status: BEGIN in 0.029 seconds
[0m14:37:26.225049 [debug] [Thread-2  ]: Using postgres connection "model.shopify_assessment.stg_product_variants"
[0m14:37:26.226046 [debug] [Thread-4  ]: Using postgres connection "model.shopify_assessment.stg_order_line_items"
[0m14:37:26.226046 [debug] [Thread-2  ]: On model.shopify_assessment.stg_product_variants: /* {"app": "dbt", "dbt_version": "1.10.20", "profile_name": "shopify_assessment", "target_name": "staging", "node_id": "model.shopify_assessment.stg_product_variants"} */

  create view "airbyte_db"."staging_staging"."stg_product_variants__dbt_tmp"
    
    
  as (
    select
    p.product_id,
    nullif(trim(v.value ->> 'ID'), '') as variant_id,
    nullif(trim(v.value ->> 'SKU'), '') as sku,
    nullif(trim(v.value ->> 'TITLE'), '') as variant_title,
    nullif(trim(v.value ->> 'OPTION1'), '') as option1,
    nullif(trim(v.value ->> 'OPTION2'), '') as option2,
    nullif(trim(v.value ->> 'PRICE'), '')::numeric as price,
    nullif(trim(v.value ->> 'INVENTORY_QUANTITY'), '')::integer as inventory_quantity,
    to_timestamp(nullif(trim(v.value ->> 'CREATED_AT'), '')::numeric) as created_at,
    to_timestamp(nullif(trim(v.value ->> 'UPDATED_AT'), '')::numeric) as updated_at
from "airbyte_db"."staging_staging"."stg_products" p
cross join lateral jsonb_array_elements(p.variants) as v(value)
  );
[0m14:37:26.227044 [debug] [Thread-4  ]: On model.shopify_assessment.stg_order_line_items: /* {"app": "dbt", "dbt_version": "1.10.20", "profile_name": "shopify_assessment", "target_name": "staging", "node_id": "model.shopify_assessment.stg_order_line_items"} */

  create view "airbyte_db"."staging_staging"."stg_order_line_items__dbt_tmp"
    
    
  as (
    select
    o.order_id,
    li.value ->> 'ID' as line_item_id,
    li.value ->> 'PRODUCT_ID' as product_id,
    li.value ->> 'VARIANT_ID' as variant_id,
    li.value ->> 'SKU' as sku,
    li.value ->> 'TITLE' as product_title,
    li.value ->> 'VENDOR' as vendor,
    nullif(trim(li.value ->> 'QUANTITY'), '')::integer as quantity,
    nullif(trim(li.value ->> 'PRICE'), '')::numeric as price
from "airbyte_db"."staging_staging"."stg_orders" o
cross join lateral jsonb_array_elements(o.line_items) as li(value)
  );
[0m14:37:26.232714 [debug] [Thread-2  ]: SQL status: CREATE VIEW in 0.004 seconds
[0m14:37:26.233709 [debug] [Thread-4  ]: SQL status: CREATE VIEW in 0.004 seconds
[0m14:37:26.292285 [debug] [Thread-2  ]: Using postgres connection "model.shopify_assessment.stg_product_variants"
[0m14:37:26.296284 [debug] [Thread-4  ]: Using postgres connection "model.shopify_assessment.stg_order_line_items"
[0m14:37:26.297284 [debug] [Thread-2  ]: On model.shopify_assessment.stg_product_variants: /* {"app": "dbt", "dbt_version": "1.10.20", "profile_name": "shopify_assessment", "target_name": "staging", "node_id": "model.shopify_assessment.stg_product_variants"} */
alter table "airbyte_db"."staging_staging"."stg_product_variants__dbt_tmp" rename to "stg_product_variants"
[0m14:37:26.298319 [debug] [Thread-4  ]: On model.shopify_assessment.stg_order_line_items: /* {"app": "dbt", "dbt_version": "1.10.20", "profile_name": "shopify_assessment", "target_name": "staging", "node_id": "model.shopify_assessment.stg_order_line_items"} */
alter table "airbyte_db"."staging_staging"."stg_order_line_items__dbt_tmp" rename to "stg_order_line_items"
[0m14:37:26.300287 [debug] [Thread-4  ]: SQL status: ALTER TABLE in 0.001 seconds
[0m14:37:26.300287 [debug] [Thread-2  ]: SQL status: ALTER TABLE in 0.002 seconds
[0m14:37:26.302318 [debug] [Thread-4  ]: On model.shopify_assessment.stg_order_line_items: COMMIT
[0m14:37:26.305285 [debug] [Thread-2  ]: On model.shopify_assessment.stg_product_variants: COMMIT
[0m14:37:26.306290 [debug] [Thread-4  ]: Using postgres connection "model.shopify_assessment.stg_order_line_items"
[0m14:37:26.307285 [debug] [Thread-2  ]: Using postgres connection "model.shopify_assessment.stg_product_variants"
[0m14:37:26.307285 [debug] [Thread-4  ]: On model.shopify_assessment.stg_order_line_items: COMMIT
[0m14:37:26.308319 [debug] [Thread-2  ]: On model.shopify_assessment.stg_product_variants: COMMIT
[0m14:37:26.319284 [debug] [Thread-4  ]: SQL status: COMMIT in 0.010 seconds
[0m14:37:26.323288 [debug] [Thread-4  ]: Applying DROP to: "airbyte_db"."staging_staging"."stg_order_line_items__dbt_backup"
[0m14:37:26.324287 [debug] [Thread-2  ]: SQL status: COMMIT in 0.015 seconds
[0m14:37:26.325288 [debug] [Thread-4  ]: Using postgres connection "model.shopify_assessment.stg_order_line_items"
[0m14:37:26.328305 [debug] [Thread-2  ]: Applying DROP to: "airbyte_db"."staging_staging"."stg_product_variants__dbt_backup"
[0m14:37:26.329587 [debug] [Thread-4  ]: On model.shopify_assessment.stg_order_line_items: /* {"app": "dbt", "dbt_version": "1.10.20", "profile_name": "shopify_assessment", "target_name": "staging", "node_id": "model.shopify_assessment.stg_order_line_items"} */
drop view if exists "airbyte_db"."staging_staging"."stg_order_line_items__dbt_backup" cascade
[0m14:37:26.330372 [debug] [Thread-2  ]: Using postgres connection "model.shopify_assessment.stg_product_variants"
[0m14:37:26.331554 [debug] [Thread-2  ]: On model.shopify_assessment.stg_product_variants: /* {"app": "dbt", "dbt_version": "1.10.20", "profile_name": "shopify_assessment", "target_name": "staging", "node_id": "model.shopify_assessment.stg_product_variants"} */
drop view if exists "airbyte_db"."staging_staging"."stg_product_variants__dbt_backup" cascade
[0m14:37:26.332564 [debug] [Thread-4  ]: SQL status: DROP VIEW in 0.001 seconds
[0m14:37:26.334565 [debug] [Thread-4  ]: On model.shopify_assessment.stg_order_line_items: Close
[0m14:37:26.335564 [debug] [Thread-2  ]: SQL status: DROP VIEW in 0.002 seconds
[0m14:37:26.339576 [debug] [Thread-2  ]: On model.shopify_assessment.stg_product_variants: Close
[0m14:37:26.340564 [debug] [Thread-4  ]: Sending event: {'category': 'dbt', 'action': 'run_model', 'label': '572634f0-52ca-4e97-9ffe-6e66b72d6e61', 'context': [<snowplow_tracker.self_describing_json.SelfDescribingJson object at 0x00000292D6306730>]}
[0m14:37:26.342569 [debug] [Thread-2  ]: Sending event: {'category': 'dbt', 'action': 'run_model', 'label': '572634f0-52ca-4e97-9ffe-6e66b72d6e61', 'context': [<snowplow_tracker.self_describing_json.SelfDescribingJson object at 0x00000292D6CD7040>]}
[0m14:37:26.344567 [info ] [Thread-4  ]: 4 of 7 OK created sql view model staging_staging.stg_order_line_items .......... [[32mCREATE VIEW[0m in 0.18s]
[0m14:37:26.346936 [info ] [Thread-2  ]: 5 of 7 OK created sql view model staging_staging.stg_product_variants .......... [[32mCREATE VIEW[0m in 0.18s]
[0m14:37:26.348570 [debug] [Thread-4  ]: Finished running node model.shopify_assessment.stg_order_line_items
[0m14:37:26.349565 [debug] [Thread-2  ]: Finished running node model.shopify_assessment.stg_product_variants
[0m14:37:26.350600 [debug] [Thread-3  ]: Began running node model.shopify_assessment.int_order_line_agg
[0m14:37:26.352598 [info ] [Thread-3  ]: 6 of 7 START sql view model staging_staging.int_order_line_agg ................. [RUN]
[0m14:37:26.354565 [debug] [Thread-3  ]: Re-using an available connection from the pool (formerly model.shopify_assessment.stg_products, now model.shopify_assessment.int_order_line_agg)
[0m14:37:26.355565 [debug] [Thread-3  ]: Began compiling node model.shopify_assessment.int_order_line_agg
[0m14:37:26.358598 [debug] [Thread-3  ]: Writing injected SQL for node "model.shopify_assessment.int_order_line_agg"
[0m14:37:26.360564 [debug] [Thread-3  ]: Began executing node model.shopify_assessment.int_order_line_agg
[0m14:37:26.365603 [debug] [Thread-3  ]: Writing runtime sql for node "model.shopify_assessment.int_order_line_agg"
[0m14:37:26.366564 [debug] [Thread-3  ]: Using postgres connection "model.shopify_assessment.int_order_line_agg"
[0m14:37:26.368567 [debug] [Thread-3  ]: On model.shopify_assessment.int_order_line_agg: BEGIN
[0m14:37:26.370574 [debug] [Thread-3  ]: Opening a new connection, currently in state closed
[0m14:37:26.411703 [debug] [Thread-3  ]: SQL status: BEGIN in 0.042 seconds
[0m14:37:26.412736 [debug] [Thread-3  ]: Using postgres connection "model.shopify_assessment.int_order_line_agg"
[0m14:37:26.413734 [debug] [Thread-3  ]: On model.shopify_assessment.int_order_line_agg: /* {"app": "dbt", "dbt_version": "1.10.20", "profile_name": "shopify_assessment", "target_name": "staging", "node_id": "model.shopify_assessment.int_order_line_agg"} */

  create view "airbyte_db"."staging_staging"."int_order_line_agg__dbt_tmp"
    
    
  as (
    select
    order_id,
    count(*) as line_item_count,
    sum(quantity) as total_quantity,
    sum(quantity * price) as calculated_line_item_amount
from "airbyte_db"."staging_staging"."stg_order_line_items"
group by order_id
  );
[0m14:37:26.417953 [debug] [Thread-3  ]: SQL status: CREATE VIEW in 0.003 seconds
[0m14:37:26.421967 [debug] [Thread-3  ]: Using postgres connection "model.shopify_assessment.int_order_line_agg"
[0m14:37:26.422966 [debug] [Thread-3  ]: On model.shopify_assessment.int_order_line_agg: /* {"app": "dbt", "dbt_version": "1.10.20", "profile_name": "shopify_assessment", "target_name": "staging", "node_id": "model.shopify_assessment.int_order_line_agg"} */
alter table "airbyte_db"."staging_staging"."int_order_line_agg__dbt_tmp" rename to "int_order_line_agg"
[0m14:37:26.425336 [debug] [Thread-3  ]: SQL status: ALTER TABLE in 0.001 seconds
[0m14:37:26.427336 [debug] [Thread-3  ]: On model.shopify_assessment.int_order_line_agg: COMMIT
[0m14:37:26.427336 [debug] [Thread-3  ]: Using postgres connection "model.shopify_assessment.int_order_line_agg"
[0m14:37:26.428336 [debug] [Thread-3  ]: On model.shopify_assessment.int_order_line_agg: COMMIT
[0m14:37:26.434336 [debug] [Thread-3  ]: SQL status: COMMIT in 0.005 seconds
[0m14:37:26.439366 [debug] [Thread-3  ]: Applying DROP to: "airbyte_db"."staging_staging"."int_order_line_agg__dbt_backup"
[0m14:37:26.440360 [debug] [Thread-3  ]: Using postgres connection "model.shopify_assessment.int_order_line_agg"
[0m14:37:26.441367 [debug] [Thread-3  ]: On model.shopify_assessment.int_order_line_agg: /* {"app": "dbt", "dbt_version": "1.10.20", "profile_name": "shopify_assessment", "target_name": "staging", "node_id": "model.shopify_assessment.int_order_line_agg"} */
drop view if exists "airbyte_db"."staging_staging"."int_order_line_agg__dbt_backup" cascade
[0m14:37:26.443110 [debug] [Thread-3  ]: SQL status: DROP VIEW in 0.001 seconds
[0m14:37:26.445120 [debug] [Thread-3  ]: On model.shopify_assessment.int_order_line_agg: Close
[0m14:37:26.447120 [debug] [Thread-3  ]: Sending event: {'category': 'dbt', 'action': 'run_model', 'label': '572634f0-52ca-4e97-9ffe-6e66b72d6e61', 'context': [<snowplow_tracker.self_describing_json.SelfDescribingJson object at 0x00000292D593D9A0>]}
[0m14:37:26.449121 [info ] [Thread-3  ]: 6 of 7 OK created sql view model staging_staging.int_order_line_agg ............ [[32mCREATE VIEW[0m in 0.09s]
[0m14:37:26.451123 [debug] [Thread-3  ]: Finished running node model.shopify_assessment.int_order_line_agg
[0m14:37:26.454125 [debug] [Thread-4  ]: Began running node model.shopify_assessment.fct_order_summary
[0m14:37:26.455120 [info ] [Thread-4  ]: 7 of 7 START sql table model staging_marts.fct_order_summary ................... [RUN]
[0m14:37:26.456119 [debug] [Thread-4  ]: Re-using an available connection from the pool (formerly model.shopify_assessment.stg_order_line_items, now model.shopify_assessment.fct_order_summary)
[0m14:37:26.457122 [debug] [Thread-4  ]: Began compiling node model.shopify_assessment.fct_order_summary
[0m14:37:26.462123 [debug] [Thread-4  ]: Writing injected SQL for node "model.shopify_assessment.fct_order_summary"
[0m14:37:26.463126 [debug] [Thread-4  ]: Began executing node model.shopify_assessment.fct_order_summary
[0m14:37:26.491246 [debug] [Thread-4  ]: Writing runtime sql for node "model.shopify_assessment.fct_order_summary"
[0m14:37:26.492214 [debug] [Thread-4  ]: Using postgres connection "model.shopify_assessment.fct_order_summary"
[0m14:37:26.493216 [debug] [Thread-4  ]: On model.shopify_assessment.fct_order_summary: BEGIN
[0m14:37:26.494215 [debug] [Thread-4  ]: Opening a new connection, currently in state closed
[0m14:37:26.512505 [debug] [Thread-4  ]: SQL status: BEGIN in 0.018 seconds
[0m14:37:26.513549 [debug] [Thread-4  ]: Using postgres connection "model.shopify_assessment.fct_order_summary"
[0m14:37:26.514517 [debug] [Thread-4  ]: On model.shopify_assessment.fct_order_summary: /* {"app": "dbt", "dbt_version": "1.10.20", "profile_name": "shopify_assessment", "target_name": "staging", "node_id": "model.shopify_assessment.fct_order_summary"} */

  
    

  create  table "airbyte_db"."staging_marts"."fct_order_summary__dbt_tmp"
  
  
    as
  
  (
    select
    o.order_id,
    o.order_name,
    o.customer_id,
    c.admin_graphql_api_id as customer_graphql_api_id,
    o.created_at as order_created_at,
    o.email as order_email,
    o.currency,
    o.financial_status,
    o.fulfillment_status,
    o.total_price,
    o.subtotal_price,
    o.total_tax,
    o.total_discounts,
    coalesce(l.line_item_count, 0) as line_item_count,
    coalesce(l.total_quantity, 0) as total_quantity,
    coalesce(l.calculated_line_item_amount, 0) as calculated_line_item_amount,
    o.portable_extracted_at,
    o._airbyte_extracted_at
from "airbyte_db"."staging_staging"."stg_orders" o
left join "airbyte_db"."staging_staging"."stg_customers" c
    on o.customer_id = c.customer_id
left join "airbyte_db"."staging_staging"."int_order_line_agg" l
    on o.order_id = l.order_id
  );
  
[0m14:37:26.568877 [debug] [Thread-4  ]: SQL status: SELECT 1000 in 0.054 seconds
[0m14:37:26.578887 [debug] [Thread-4  ]: Using postgres connection "model.shopify_assessment.fct_order_summary"
[0m14:37:26.578887 [debug] [Thread-4  ]: On model.shopify_assessment.fct_order_summary: /* {"app": "dbt", "dbt_version": "1.10.20", "profile_name": "shopify_assessment", "target_name": "staging", "node_id": "model.shopify_assessment.fct_order_summary"} */
alter table "airbyte_db"."staging_marts"."fct_order_summary" rename to "fct_order_summary__dbt_backup"
[0m14:37:26.580889 [debug] [Thread-4  ]: SQL status: ALTER TABLE in 0.001 seconds
[0m14:37:26.584920 [debug] [Thread-4  ]: Using postgres connection "model.shopify_assessment.fct_order_summary"
[0m14:37:26.585920 [debug] [Thread-4  ]: On model.shopify_assessment.fct_order_summary: /* {"app": "dbt", "dbt_version": "1.10.20", "profile_name": "shopify_assessment", "target_name": "staging", "node_id": "model.shopify_assessment.fct_order_summary"} */
alter table "airbyte_db"."staging_marts"."fct_order_summary__dbt_tmp" rename to "fct_order_summary"
[0m14:37:26.588889 [debug] [Thread-4  ]: SQL status: ALTER TABLE in 0.001 seconds
[0m14:37:26.590889 [debug] [Thread-4  ]: On model.shopify_assessment.fct_order_summary: COMMIT
[0m14:37:26.591887 [debug] [Thread-4  ]: Using postgres connection "model.shopify_assessment.fct_order_summary"
[0m14:37:26.592889 [debug] [Thread-4  ]: On model.shopify_assessment.fct_order_summary: COMMIT
[0m14:37:26.600892 [debug] [Thread-4  ]: SQL status: COMMIT in 0.007 seconds
[0m14:37:26.604920 [debug] [Thread-4  ]: Applying DROP to: "airbyte_db"."staging_marts"."fct_order_summary__dbt_backup"
[0m14:37:26.608920 [debug] [Thread-4  ]: Using postgres connection "model.shopify_assessment.fct_order_summary"
[0m14:37:26.608920 [debug] [Thread-4  ]: On model.shopify_assessment.fct_order_summary: /* {"app": "dbt", "dbt_version": "1.10.20", "profile_name": "shopify_assessment", "target_name": "staging", "node_id": "model.shopify_assessment.fct_order_summary"} */
drop table if exists "airbyte_db"."staging_marts"."fct_order_summary__dbt_backup" cascade
[0m14:37:26.616889 [debug] [Thread-4  ]: SQL status: DROP TABLE in 0.007 seconds
[0m14:37:26.618889 [debug] [Thread-4  ]: On model.shopify_assessment.fct_order_summary: Close
[0m14:37:26.621889 [debug] [Thread-4  ]: Sending event: {'category': 'dbt', 'action': 'run_model', 'label': '572634f0-52ca-4e97-9ffe-6e66b72d6e61', 'context': [<snowplow_tracker.self_describing_json.SelfDescribingJson object at 0x00000292D633F520>]}
[0m14:37:26.623889 [info ] [Thread-4  ]: 7 of 7 OK created sql table model staging_marts.fct_order_summary .............. [[32mSELECT 1000[0m in 0.16s]
[0m14:37:26.625887 [debug] [Thread-4  ]: Finished running node model.shopify_assessment.fct_order_summary
[0m14:37:26.628890 [debug] [MainThread]: Using postgres connection "master"
[0m14:37:26.628890 [debug] [MainThread]: On master: BEGIN
[0m14:37:26.629889 [debug] [MainThread]: Opening a new connection, currently in state closed
[0m14:37:26.664887 [debug] [MainThread]: SQL status: BEGIN in 0.035 seconds
[0m14:37:26.664887 [debug] [MainThread]: On master: COMMIT
[0m14:37:26.666890 [debug] [MainThread]: Using postgres connection "master"
[0m14:37:26.666890 [debug] [MainThread]: On master: COMMIT
[0m14:37:26.668887 [debug] [MainThread]: SQL status: COMMIT in 0.001 seconds
[0m14:37:26.668887 [debug] [MainThread]: On master: Close
[0m14:37:26.670894 [debug] [MainThread]: Connection 'master' was properly closed.
[0m14:37:26.671893 [debug] [MainThread]: Connection 'list_airbyte_db' was properly closed.
[0m14:37:26.672887 [debug] [MainThread]: Connection 'list_airbyte_db' was properly closed.
[0m14:37:26.673887 [debug] [MainThread]: Connection 'list_airbyte_db_staging_marts' was properly closed.
[0m14:37:26.674897 [debug] [MainThread]: Connection 'list_airbyte_db_staging_staging' was properly closed.
[0m14:37:26.674897 [debug] [MainThread]: Connection 'model.shopify_assessment.stg_customers' was properly closed.
[0m14:37:26.675890 [debug] [MainThread]: Connection 'model.shopify_assessment.stg_product_variants' was properly closed.
[0m14:37:26.676890 [debug] [MainThread]: Connection 'model.shopify_assessment.int_order_line_agg' was properly closed.
[0m14:37:26.677889 [debug] [MainThread]: Connection 'model.shopify_assessment.fct_order_summary' was properly closed.
[0m14:37:26.677889 [info ] [MainThread]: 
[0m14:37:26.678889 [info ] [MainThread]: Finished running 1 table model, 6 view models in 0 hours 0 minutes and 1.10 seconds (1.10s).
[0m14:37:26.683495 [debug] [MainThread]: Command end result
[0m14:37:26.719492 [debug] [MainThread]: Wrote artifact WritableManifest to C:\Users\Owner\data-engineering-assessment\dbt_shopify\target\manifest.json
[0m14:37:26.723528 [debug] [MainThread]: Wrote artifact SemanticManifest to C:\Users\Owner\data-engineering-assessment\dbt_shopify\target\semantic_manifest.json
[0m14:37:26.732527 [debug] [MainThread]: Wrote artifact RunExecutionResult to C:\Users\Owner\data-engineering-assessment\dbt_shopify\target\run_results.json
[0m14:37:26.733496 [info ] [MainThread]: 
[0m14:37:26.734494 [info ] [MainThread]: [32mCompleted successfully[0m
[0m14:37:26.735576 [info ] [MainThread]: 
[0m14:37:26.737630 [info ] [MainThread]: Done. PASS=7 WARN=0 ERROR=0 SKIP=0 NO-OP=0 TOTAL=7
[0m14:37:26.739590 [warn ] [MainThread]: [[33mWARNING[0m][DeprecationsSummary]: Deprecated functionality
Summary of encountered deprecations:
- MissingArgumentsPropertyInGenericTestDeprecation: 1 occurrence
To see all deprecation instances instead of just the first occurrence of each,
run command again with the `--show-all-deprecations` flag. You may also need to
run with `--no-partial-parse` as some deprecations are only encountered during
parsing.
[0m14:37:26.741622 [debug] [MainThread]: Command `dbt run` succeeded at 14:37:26.740590 after 3.44 seconds
[0m14:37:26.741622 [debug] [MainThread]: Sending event: {'category': 'dbt', 'action': 'invocation', 'label': 'end', 'context': [<snowplow_tracker.self_describing_json.SelfDescribingJson object at 0x00000292D3AE04F0>, <snowplow_tracker.self_describing_json.SelfDescribingJson object at 0x00000292D63F7190>, <snowplow_tracker.self_describing_json.SelfDescribingJson object at 0x00000292D63F7F10>]}
[0m14:37:26.742624 [debug] [MainThread]: Flushing usage events
[0m14:37:27.244085 [debug] [MainThread]: An error was encountered while trying to flush usage events
[0m14:37:59.357639 [debug] [MainThread]: Sending event: {'category': 'dbt', 'action': 'invocation', 'label': 'start', 'context': [<snowplow_tracker.self_describing_json.SelfDescribingJson object at 0x0000020A7751F550>, <snowplow_tracker.self_describing_json.SelfDescribingJson object at 0x0000020A790C4460>, <snowplow_tracker.self_describing_json.SelfDescribingJson object at 0x0000020A790C41F0>]}


============================== 14:37:59.362639 | 265d2b72-f51d-4e85-97b7-ac4a9923d15d ==============================
[0m14:37:59.362639 [info ] [MainThread]: Running with dbt=1.10.20
[0m14:37:59.363641 [debug] [MainThread]: running dbt with arguments {'fail_fast': 'False', 'debug': 'False', 'log_cache_events': 'False', 'send_anonymous_usage_stats': 'True', 'cache_selected_only': 'False', 'warn_error_options': 'WarnErrorOptionsV2(error=[], warn=[], silence=[])', 'log_format': 'default', 'no_print': 'None', 'version_check': 'True', 'empty': 'False', 'printer_width': '80', 'partial_parse': 'True', 'introspect': 'True', 'log_path': 'C:\\Users\\Owner\\data-engineering-assessment\\dbt_shopify\\logs', 'warn_error': 'None', 'write_json': 'True', 'target_path': 'None', 'quiet': 'False', 'invocation_command': 'dbt run --target staging --show-all-deprecations', 'static_parser': 'True', 'profiles_dir': 'C:\\Users\\Owner\\.dbt', 'use_experimental_parser': 'False', 'use_colors': 'True', 'indirect_selection': 'eager'}
[0m14:37:59.615235 [debug] [MainThread]: Sending event: {'category': 'dbt', 'action': 'project_id', 'label': '265d2b72-f51d-4e85-97b7-ac4a9923d15d', 'context': [<snowplow_tracker.self_describing_json.SelfDescribingJson object at 0x0000020A790C4280>]}
[0m14:37:59.697832 [debug] [MainThread]: Sending event: {'category': 'dbt', 'action': 'adapter_info', 'label': '265d2b72-f51d-4e85-97b7-ac4a9923d15d', 'context': [<snowplow_tracker.self_describing_json.SelfDescribingJson object at 0x0000020A7796FF40>]}
[0m14:37:59.698833 [info ] [MainThread]: Registered adapter: postgres=1.9.1
[0m14:38:00.120004 [debug] [MainThread]: checksum: a59e7b2b447fd8a57b2be28e7355e6b39fd61763d8c6e0ea8982126488badb66, vars: {}, profile: , target: staging, version: 1.10.20
[0m14:38:00.390236 [debug] [MainThread]: Partial parsing enabled: 0 files deleted, 0 files added, 0 files changed.
[0m14:38:00.391236 [debug] [MainThread]: Partial parsing enabled, no changes found, skipping parsing
[0m14:38:00.496233 [debug] [MainThread]: Sending event: {'category': 'dbt', 'action': 'load_project', 'label': '265d2b72-f51d-4e85-97b7-ac4a9923d15d', 'context': [<snowplow_tracker.self_describing_json.SelfDescribingJson object at 0x0000020A79C5B130>]}
[0m14:38:00.680235 [debug] [MainThread]: Wrote artifact WritableManifest to C:\Users\Owner\data-engineering-assessment\dbt_shopify\target\manifest.json
[0m14:38:00.683233 [debug] [MainThread]: Wrote artifact SemanticManifest to C:\Users\Owner\data-engineering-assessment\dbt_shopify\target\semantic_manifest.json
[0m14:38:00.708233 [debug] [MainThread]: Sending event: {'category': 'dbt', 'action': 'resource_counts', 'label': '265d2b72-f51d-4e85-97b7-ac4a9923d15d', 'context': [<snowplow_tracker.self_describing_json.SelfDescribingJson object at 0x0000020A792A1730>]}
[0m14:38:00.709233 [info ] [MainThread]: Found 7 models, 20 data tests, 3 sources, 447 macros
[0m14:38:00.710237 [debug] [MainThread]: Sending event: {'category': 'dbt', 'action': 'runnable_timing', 'label': '265d2b72-f51d-4e85-97b7-ac4a9923d15d', 'context': [<snowplow_tracker.self_describing_json.SelfDescribingJson object at 0x0000020A799F2340>]}
[0m14:38:00.714238 [info ] [MainThread]: 
[0m14:38:00.715020 [info ] [MainThread]: Concurrency: 4 threads (target='staging')
[0m14:38:00.715935 [info ] [MainThread]: 
[0m14:38:00.716984 [debug] [MainThread]: Acquiring new postgres connection 'master'
[0m14:38:00.724158 [debug] [ThreadPool]: Acquiring new postgres connection 'list_airbyte_db'
[0m14:38:00.725169 [debug] [ThreadPool]: Acquiring new postgres connection 'list_airbyte_db'
[0m14:38:00.820746 [debug] [ThreadPool]: Using postgres connection "list_airbyte_db"
[0m14:38:00.820746 [debug] [ThreadPool]: Using postgres connection "list_airbyte_db"
[0m14:38:00.821747 [debug] [ThreadPool]: On list_airbyte_db: /* {"app": "dbt", "dbt_version": "1.10.20", "profile_name": "shopify_assessment", "target_name": "staging", "connection_name": "list_airbyte_db"} */

    select distinct nspname from pg_namespace
  
[0m14:38:00.821747 [debug] [ThreadPool]: On list_airbyte_db: /* {"app": "dbt", "dbt_version": "1.10.20", "profile_name": "shopify_assessment", "target_name": "staging", "connection_name": "list_airbyte_db"} */

    select distinct nspname from pg_namespace
  
[0m14:38:00.822779 [debug] [ThreadPool]: Opening a new connection, currently in state init
[0m14:38:00.823747 [debug] [ThreadPool]: Opening a new connection, currently in state init
[0m14:38:00.853781 [debug] [ThreadPool]: SQL status: SELECT 9 in 0.031 seconds
[0m14:38:00.855746 [debug] [ThreadPool]: On list_airbyte_db: Close
[0m14:38:00.863752 [debug] [ThreadPool]: SQL status: SELECT 9 in 0.040 seconds
[0m14:38:00.865749 [debug] [ThreadPool]: On list_airbyte_db: Close
[0m14:38:00.869752 [debug] [ThreadPool]: Acquiring new postgres connection 'list_airbyte_db_staging_marts'
[0m14:38:00.870752 [debug] [ThreadPool]: Acquiring new postgres connection 'list_airbyte_db_staging_staging'
[0m14:38:00.878746 [debug] [ThreadPool]: Using postgres connection "list_airbyte_db_staging_marts"
[0m14:38:00.882747 [debug] [ThreadPool]: Using postgres connection "list_airbyte_db_staging_staging"
[0m14:38:00.883746 [debug] [ThreadPool]: On list_airbyte_db_staging_marts: BEGIN
[0m14:38:00.883746 [debug] [ThreadPool]: On list_airbyte_db_staging_staging: BEGIN
[0m14:38:00.884747 [debug] [ThreadPool]: Opening a new connection, currently in state init
[0m14:38:00.884747 [debug] [ThreadPool]: Opening a new connection, currently in state init
[0m14:38:00.910747 [debug] [ThreadPool]: SQL status: BEGIN in 0.026 seconds
[0m14:38:00.911748 [debug] [ThreadPool]: Using postgres connection "list_airbyte_db_staging_marts"
[0m14:38:00.912752 [debug] [ThreadPool]: SQL status: BEGIN in 0.027 seconds
[0m14:38:00.913748 [debug] [ThreadPool]: On list_airbyte_db_staging_marts: /* {"app": "dbt", "dbt_version": "1.10.20", "profile_name": "shopify_assessment", "target_name": "staging", "connection_name": "list_airbyte_db_staging_marts"} */
select
      'airbyte_db' as database,
      tablename as name,
      schemaname as schema,
      'table' as type
    from pg_tables
    where schemaname ilike 'staging_marts'
    union all
    select
      'airbyte_db' as database,
      viewname as name,
      schemaname as schema,
      'view' as type
    from pg_views
    where schemaname ilike 'staging_marts'
    union all
    select
      'airbyte_db' as database,
      matviewname as name,
      schemaname as schema,
      'materialized_view' as type
    from pg_matviews
    where schemaname ilike 'staging_marts'
  
[0m14:38:00.913748 [debug] [ThreadPool]: Using postgres connection "list_airbyte_db_staging_staging"
[0m14:38:00.914746 [debug] [ThreadPool]: On list_airbyte_db_staging_staging: /* {"app": "dbt", "dbt_version": "1.10.20", "profile_name": "shopify_assessment", "target_name": "staging", "connection_name": "list_airbyte_db_staging_staging"} */
select
      'airbyte_db' as database,
      tablename as name,
      schemaname as schema,
      'table' as type
    from pg_tables
    where schemaname ilike 'staging_staging'
    union all
    select
      'airbyte_db' as database,
      viewname as name,
      schemaname as schema,
      'view' as type
    from pg_views
    where schemaname ilike 'staging_staging'
    union all
    select
      'airbyte_db' as database,
      matviewname as name,
      schemaname as schema,
      'materialized_view' as type
    from pg_matviews
    where schemaname ilike 'staging_staging'
  
[0m14:38:00.918747 [debug] [ThreadPool]: SQL status: SELECT 1 in 0.004 seconds
[0m14:38:00.919748 [debug] [ThreadPool]: SQL status: SELECT 6 in 0.003 seconds
[0m14:38:00.920747 [debug] [ThreadPool]: On list_airbyte_db_staging_marts: ROLLBACK
[0m14:38:00.922747 [debug] [ThreadPool]: On list_airbyte_db_staging_staging: ROLLBACK
[0m14:38:00.923746 [debug] [ThreadPool]: On list_airbyte_db_staging_marts: Close
[0m14:38:00.925748 [debug] [ThreadPool]: On list_airbyte_db_staging_staging: Close
[0m14:38:00.943747 [debug] [MainThread]: Using postgres connection "master"
[0m14:38:00.945749 [debug] [MainThread]: On master: BEGIN
[0m14:38:00.946748 [debug] [MainThread]: Opening a new connection, currently in state init
[0m14:38:00.968751 [debug] [MainThread]: SQL status: BEGIN in 0.022 seconds
[0m14:38:00.969747 [debug] [MainThread]: Using postgres connection "master"
[0m14:38:00.969747 [debug] [MainThread]: On master: /* {"app": "dbt", "dbt_version": "1.10.20", "profile_name": "shopify_assessment", "target_name": "staging", "connection_name": "master"} */
select distinct
        dependent_namespace.nspname as dependent_schema,
        dependent_class.relname as dependent_name,
        referenced_namespace.nspname as referenced_schema,
        referenced_class.relname as referenced_name

    -- Query for views: views are entries in pg_class with an entry in pg_rewrite, but we avoid
    -- a seq scan on pg_rewrite by leveraging the fact there is an "internal" row in pg_depend for
    -- the view...
    from pg_class as dependent_class
    join pg_namespace as dependent_namespace on dependent_namespace.oid = dependent_class.relnamespace
    join pg_depend as dependent_depend on dependent_depend.refobjid = dependent_class.oid
        and dependent_depend.classid = 'pg_rewrite'::regclass
        and dependent_depend.refclassid = 'pg_class'::regclass
        and dependent_depend.deptype = 'i'

    -- ... and via pg_depend (that has a row per column, hence the need for "distinct" above, and
    -- making sure to exclude the internal row to avoid a view appearing to depend on itself)...
    join pg_depend as joining_depend on joining_depend.objid = dependent_depend.objid
        and joining_depend.classid = 'pg_rewrite'::regclass
        and joining_depend.refclassid = 'pg_class'::regclass
        and joining_depend.refobjid != dependent_depend.refobjid

    -- ... we can find the tables they query from in pg_class, but excluding system tables. Note we
    -- don't need need to exclude _dependent_ system tables, because they only query from other
    -- system tables, and so are automatically excluded by excluding _referenced_ system tables
    join pg_class as referenced_class on referenced_class.oid = joining_depend.refobjid
    join pg_namespace as referenced_namespace on referenced_namespace.oid = referenced_class.relnamespace
        and referenced_namespace.nspname != 'information_schema'
        and referenced_namespace.nspname not like 'pg\_%'

    order by
        dependent_schema, dependent_name, referenced_schema, referenced_name;
[0m14:38:00.975335 [debug] [MainThread]: SQL status: SELECT 6 in 0.004 seconds
[0m14:38:00.978334 [debug] [MainThread]: Sending event: {'category': 'dbt', 'action': 'runnable_timing', 'label': '265d2b72-f51d-4e85-97b7-ac4a9923d15d', 'context': [<snowplow_tracker.self_describing_json.SelfDescribingJson object at 0x0000020A78D0D0D0>]}
[0m14:38:00.978334 [debug] [MainThread]: On master: ROLLBACK
[0m14:38:00.980337 [debug] [MainThread]: Using postgres connection "master"
[0m14:38:00.981335 [debug] [MainThread]: On master: BEGIN
[0m14:38:00.982337 [debug] [MainThread]: SQL status: BEGIN in 0.001 seconds
[0m14:38:00.983335 [debug] [MainThread]: On master: COMMIT
[0m14:38:00.984335 [debug] [MainThread]: Using postgres connection "master"
[0m14:38:00.984335 [debug] [MainThread]: On master: COMMIT
[0m14:38:00.985335 [debug] [MainThread]: SQL status: COMMIT in 0.001 seconds
[0m14:38:00.986335 [debug] [MainThread]: On master: Close
[0m14:38:00.992337 [debug] [Thread-1  ]: Began running node model.shopify_assessment.stg_customers
[0m14:38:00.993334 [debug] [Thread-2  ]: Began running node model.shopify_assessment.stg_orders
[0m14:38:00.994337 [debug] [Thread-3  ]: Began running node model.shopify_assessment.stg_products
[0m14:38:00.994337 [info ] [Thread-1  ]: 1 of 7 START sql view model staging_staging.stg_customers ...................... [RUN]
[0m14:38:00.996339 [info ] [Thread-2  ]: 2 of 7 START sql view model staging_staging.stg_orders ......................... [RUN]
[0m14:38:00.999338 [debug] [Thread-1  ]: Acquiring new postgres connection 'model.shopify_assessment.stg_customers'
[0m14:38:00.997335 [info ] [Thread-3  ]: 3 of 7 START sql view model staging_staging.stg_products ....................... [RUN]
[0m14:38:01.000338 [debug] [Thread-2  ]: Acquiring new postgres connection 'model.shopify_assessment.stg_orders'
[0m14:38:01.001336 [debug] [Thread-1  ]: Began compiling node model.shopify_assessment.stg_customers
[0m14:38:01.002334 [debug] [Thread-3  ]: Acquiring new postgres connection 'model.shopify_assessment.stg_products'
[0m14:38:01.003337 [debug] [Thread-2  ]: Began compiling node model.shopify_assessment.stg_orders
[0m14:38:01.014335 [debug] [Thread-1  ]: Writing injected SQL for node "model.shopify_assessment.stg_customers"
[0m14:38:01.014335 [debug] [Thread-3  ]: Began compiling node model.shopify_assessment.stg_products
[0m14:38:01.018334 [debug] [Thread-2  ]: Writing injected SQL for node "model.shopify_assessment.stg_orders"
[0m14:38:01.024335 [debug] [Thread-3  ]: Writing injected SQL for node "model.shopify_assessment.stg_products"
[0m14:38:01.024335 [debug] [Thread-1  ]: Began executing node model.shopify_assessment.stg_customers
[0m14:38:01.026336 [debug] [Thread-2  ]: Began executing node model.shopify_assessment.stg_orders
[0m14:38:01.071333 [debug] [Thread-1  ]: Writing runtime sql for node "model.shopify_assessment.stg_customers"
[0m14:38:01.076333 [debug] [Thread-2  ]: Writing runtime sql for node "model.shopify_assessment.stg_orders"
[0m14:38:01.076333 [debug] [Thread-3  ]: Began executing node model.shopify_assessment.stg_products
[0m14:38:01.078337 [debug] [Thread-1  ]: Using postgres connection "model.shopify_assessment.stg_customers"
[0m14:38:01.085335 [debug] [Thread-3  ]: Writing runtime sql for node "model.shopify_assessment.stg_products"
[0m14:38:01.086334 [debug] [Thread-2  ]: Using postgres connection "model.shopify_assessment.stg_orders"
[0m14:38:01.087336 [debug] [Thread-1  ]: On model.shopify_assessment.stg_customers: BEGIN
[0m14:38:01.088335 [debug] [Thread-2  ]: On model.shopify_assessment.stg_orders: BEGIN
[0m14:38:01.089336 [debug] [Thread-1  ]: Opening a new connection, currently in state init
[0m14:38:01.090338 [debug] [Thread-3  ]: Using postgres connection "model.shopify_assessment.stg_products"
[0m14:38:01.091335 [debug] [Thread-2  ]: Opening a new connection, currently in state init
[0m14:38:01.092337 [debug] [Thread-3  ]: On model.shopify_assessment.stg_products: BEGIN
[0m14:38:01.095337 [debug] [Thread-3  ]: Opening a new connection, currently in state init
[0m14:38:01.122854 [debug] [Thread-1  ]: SQL status: BEGIN in 0.034 seconds
[0m14:38:01.123856 [debug] [Thread-1  ]: Using postgres connection "model.shopify_assessment.stg_customers"
[0m14:38:01.124862 [debug] [Thread-1  ]: On model.shopify_assessment.stg_customers: /* {"app": "dbt", "dbt_version": "1.10.20", "profile_name": "shopify_assessment", "target_name": "staging", "node_id": "model.shopify_assessment.stg_customers"} */

  create view "airbyte_db"."staging_staging"."stg_customers__dbt_tmp"
    
    
  as (
    select
    "ID" as customer_id,
    "ADMIN_GRAPHQL_API_ID" as admin_graphql_api_id,
    to_timestamp(nullif("CREATED_AT"::text, '')::numeric) as created_at,
    "TAGS" as tags,
    "ADDRESSES" as addresses,
    "_PORTABLE_EXTRACTED" as portable_extracted_at,
    _airbyte_extracted_at
from "airbyte_db"."raw"."customers"
  );
[0m14:38:01.126851 [debug] [Thread-2  ]: SQL status: BEGIN in 0.036 seconds
[0m14:38:01.127853 [debug] [Thread-3  ]: SQL status: BEGIN in 0.033 seconds
[0m14:38:01.128858 [debug] [Thread-2  ]: Using postgres connection "model.shopify_assessment.stg_orders"
[0m14:38:01.129854 [debug] [Thread-1  ]: SQL status: CREATE VIEW in 0.004 seconds
[0m14:38:01.130852 [debug] [Thread-3  ]: Using postgres connection "model.shopify_assessment.stg_products"
[0m14:38:01.131853 [debug] [Thread-2  ]: On model.shopify_assessment.stg_orders: /* {"app": "dbt", "dbt_version": "1.10.20", "profile_name": "shopify_assessment", "target_name": "staging", "node_id": "model.shopify_assessment.stg_orders"} */

  create view "airbyte_db"."staging_staging"."stg_orders__dbt_tmp"
    
    
  as (
    select
    "ID" as order_id,
    "NAME" as order_name,
    nullif(trim("CREATED_AT"), '')::timestamp as created_at,
    nullif(trim("EMAIL"), '') as email,
    "CURRENCY" as currency,
    "FINANCIAL_STATUS" as financial_status,
    "FULFILLMENT_STATUS" as fulfillment_status,
    "TOTAL_PRICE"::numeric as total_price,
    "SUBTOTAL_PRICE"::numeric as subtotal_price,
    "TOTAL_TAX"::numeric as total_tax,
    "TOTAL_DISCOUNTS"::numeric as total_discounts,
    nullif(trim("CUSTOMER" ->> 'ID'), '') as customer_id,
    "LINE_ITEMS" as line_items,
    "REFUNDS" as refunds,
    "SHIPPING_ADDRESS" as shipping_address,
    "BILLING_ADDRESS" as billing_address,
    "_PORTABLE_EXTRACTED" as portable_extracted_at,
    _airbyte_extracted_at
from "airbyte_db"."raw"."orders"
  );
[0m14:38:01.138851 [debug] [Thread-1  ]: Using postgres connection "model.shopify_assessment.stg_customers"
[0m14:38:01.139851 [debug] [Thread-3  ]: On model.shopify_assessment.stg_products: /* {"app": "dbt", "dbt_version": "1.10.20", "profile_name": "shopify_assessment", "target_name": "staging", "node_id": "model.shopify_assessment.stg_products"} */

  create view "airbyte_db"."staging_staging"."stg_products__dbt_tmp"
    
    
  as (
    select
    "ID" as product_id,
    "ADMIN_GRAPHQL_API_ID" as admin_graphql_api_id,
    nullif(trim("TITLE"), '') as product_title,
    nullif(trim("PRODUCT_TYPE"), '') as product_type,
    nullif(trim("VENDOR"), '') as vendor,
    "TAGS" as tags,
    "OPTIONS" as options,
    "VARIANTS" as variants,
    "_PORTABLE_EXTRACTED" as portable_extracted_at,
    _airbyte_extracted_at
from "airbyte_db"."raw"."products"
  );
[0m14:38:01.140852 [debug] [Thread-1  ]: On model.shopify_assessment.stg_customers: /* {"app": "dbt", "dbt_version": "1.10.20", "profile_name": "shopify_assessment", "target_name": "staging", "node_id": "model.shopify_assessment.stg_customers"} */
alter table "airbyte_db"."staging_staging"."stg_customers" rename to "stg_customers__dbt_backup"
[0m14:38:01.142856 [debug] [Thread-1  ]: SQL status: ALTER TABLE in 0.001 seconds
[0m14:38:01.144852 [debug] [Thread-2  ]: SQL status: CREATE VIEW in 0.004 seconds
[0m14:38:01.145854 [debug] [Thread-3  ]: SQL status: CREATE VIEW in 0.004 seconds
[0m14:38:01.149849 [debug] [Thread-1  ]: Using postgres connection "model.shopify_assessment.stg_customers"
[0m14:38:01.155851 [debug] [Thread-2  ]: Using postgres connection "model.shopify_assessment.stg_orders"
[0m14:38:01.161852 [debug] [Thread-3  ]: Using postgres connection "model.shopify_assessment.stg_products"
[0m14:38:01.162853 [debug] [Thread-1  ]: On model.shopify_assessment.stg_customers: /* {"app": "dbt", "dbt_version": "1.10.20", "profile_name": "shopify_assessment", "target_name": "staging", "node_id": "model.shopify_assessment.stg_customers"} */
alter table "airbyte_db"."staging_staging"."stg_customers__dbt_tmp" rename to "stg_customers"
[0m14:38:01.163853 [debug] [Thread-2  ]: On model.shopify_assessment.stg_orders: /* {"app": "dbt", "dbt_version": "1.10.20", "profile_name": "shopify_assessment", "target_name": "staging", "node_id": "model.shopify_assessment.stg_orders"} */
alter table "airbyte_db"."staging_staging"."stg_orders" rename to "stg_orders__dbt_backup"
[0m14:38:01.164851 [debug] [Thread-3  ]: On model.shopify_assessment.stg_products: /* {"app": "dbt", "dbt_version": "1.10.20", "profile_name": "shopify_assessment", "target_name": "staging", "node_id": "model.shopify_assessment.stg_products"} */
alter table "airbyte_db"."staging_staging"."stg_products" rename to "stg_products__dbt_backup"
[0m14:38:01.166852 [debug] [Thread-1  ]: SQL status: ALTER TABLE in 0.001 seconds
[0m14:38:01.166852 [debug] [Thread-2  ]: SQL status: ALTER TABLE in 0.002 seconds
[0m14:38:01.167851 [debug] [Thread-3  ]: SQL status: ALTER TABLE in 0.002 seconds
[0m14:38:01.187457 [debug] [Thread-1  ]: On model.shopify_assessment.stg_customers: COMMIT
[0m14:38:01.191511 [debug] [Thread-2  ]: Using postgres connection "model.shopify_assessment.stg_orders"
[0m14:38:01.196460 [debug] [Thread-3  ]: Using postgres connection "model.shopify_assessment.stg_products"
[0m14:38:01.197457 [debug] [Thread-1  ]: Using postgres connection "model.shopify_assessment.stg_customers"
[0m14:38:01.197457 [debug] [Thread-2  ]: On model.shopify_assessment.stg_orders: /* {"app": "dbt", "dbt_version": "1.10.20", "profile_name": "shopify_assessment", "target_name": "staging", "node_id": "model.shopify_assessment.stg_orders"} */
alter table "airbyte_db"."staging_staging"."stg_orders__dbt_tmp" rename to "stg_orders"
[0m14:38:01.198459 [debug] [Thread-3  ]: On model.shopify_assessment.stg_products: /* {"app": "dbt", "dbt_version": "1.10.20", "profile_name": "shopify_assessment", "target_name": "staging", "node_id": "model.shopify_assessment.stg_products"} */
alter table "airbyte_db"."staging_staging"."stg_products__dbt_tmp" rename to "stg_products"
[0m14:38:01.199458 [debug] [Thread-1  ]: On model.shopify_assessment.stg_customers: COMMIT
[0m14:38:01.200459 [debug] [Thread-2  ]: SQL status: ALTER TABLE in 0.001 seconds
[0m14:38:01.201459 [debug] [Thread-3  ]: SQL status: ALTER TABLE in 0.002 seconds
[0m14:38:01.203457 [debug] [Thread-2  ]: On model.shopify_assessment.stg_orders: COMMIT
[0m14:38:01.206457 [debug] [Thread-3  ]: On model.shopify_assessment.stg_products: COMMIT
[0m14:38:01.207457 [debug] [Thread-2  ]: Using postgres connection "model.shopify_assessment.stg_orders"
[0m14:38:01.208459 [debug] [Thread-1  ]: SQL status: COMMIT in 0.008 seconds
[0m14:38:01.209458 [debug] [Thread-3  ]: Using postgres connection "model.shopify_assessment.stg_products"
[0m14:38:01.209458 [debug] [Thread-2  ]: On model.shopify_assessment.stg_orders: COMMIT
[0m14:38:01.217457 [debug] [Thread-1  ]: Applying DROP to: "airbyte_db"."staging_staging"."stg_customers__dbt_backup"
[0m14:38:01.218457 [debug] [Thread-3  ]: On model.shopify_assessment.stg_products: COMMIT
[0m14:38:01.225456 [debug] [Thread-1  ]: Using postgres connection "model.shopify_assessment.stg_customers"
[0m14:38:01.225456 [debug] [Thread-2  ]: SQL status: COMMIT in 0.006 seconds
[0m14:38:01.226457 [debug] [Thread-1  ]: On model.shopify_assessment.stg_customers: /* {"app": "dbt", "dbt_version": "1.10.20", "profile_name": "shopify_assessment", "target_name": "staging", "node_id": "model.shopify_assessment.stg_customers"} */
drop view if exists "airbyte_db"."staging_staging"."stg_customers__dbt_backup" cascade
[0m14:38:01.230458 [debug] [Thread-2  ]: Applying DROP to: "airbyte_db"."staging_staging"."stg_orders__dbt_backup"
[0m14:38:01.231459 [debug] [Thread-3  ]: SQL status: COMMIT in 0.005 seconds
[0m14:38:01.233460 [debug] [Thread-2  ]: Using postgres connection "model.shopify_assessment.stg_orders"
[0m14:38:01.236457 [debug] [Thread-3  ]: Applying DROP to: "airbyte_db"."staging_staging"."stg_products__dbt_backup"
[0m14:38:01.237458 [debug] [Thread-1  ]: SQL status: DROP VIEW in 0.005 seconds
[0m14:38:01.238457 [debug] [Thread-2  ]: On model.shopify_assessment.stg_orders: /* {"app": "dbt", "dbt_version": "1.10.20", "profile_name": "shopify_assessment", "target_name": "staging", "node_id": "model.shopify_assessment.stg_orders"} */
drop view if exists "airbyte_db"."staging_staging"."stg_orders__dbt_backup" cascade
[0m14:38:01.239460 [debug] [Thread-3  ]: Using postgres connection "model.shopify_assessment.stg_products"
[0m14:38:01.242457 [debug] [Thread-1  ]: On model.shopify_assessment.stg_customers: Close
[0m14:38:01.243456 [debug] [Thread-3  ]: On model.shopify_assessment.stg_products: /* {"app": "dbt", "dbt_version": "1.10.20", "profile_name": "shopify_assessment", "target_name": "staging", "node_id": "model.shopify_assessment.stg_products"} */
drop view if exists "airbyte_db"."staging_staging"."stg_products__dbt_backup" cascade
[0m14:38:01.250459 [debug] [Thread-1  ]: Sending event: {'category': 'dbt', 'action': 'run_model', 'label': '265d2b72-f51d-4e85-97b7-ac4a9923d15d', 'context': [<snowplow_tracker.self_describing_json.SelfDescribingJson object at 0x0000020A7A09CCD0>]}
[0m14:38:01.251458 [debug] [Thread-2  ]: SQL status: DROP VIEW in 0.008 seconds
[0m14:38:01.252461 [info ] [Thread-1  ]: 1 of 7 OK created sql view model staging_staging.stg_customers ................. [[32mCREATE VIEW[0m in 0.25s]
[0m14:38:01.256459 [debug] [Thread-2  ]: On model.shopify_assessment.stg_orders: Close
[0m14:38:01.257463 [debug] [Thread-3  ]: SQL status: DROP VIEW in 0.007 seconds
[0m14:38:01.258458 [debug] [Thread-1  ]: Finished running node model.shopify_assessment.stg_customers
[0m14:38:01.260464 [debug] [Thread-2  ]: Sending event: {'category': 'dbt', 'action': 'run_model', 'label': '265d2b72-f51d-4e85-97b7-ac4a9923d15d', 'context': [<snowplow_tracker.self_describing_json.SelfDescribingJson object at 0x0000020A7A1C3D30>]}
[0m14:38:01.264462 [debug] [Thread-3  ]: On model.shopify_assessment.stg_products: Close
[0m14:38:01.266458 [info ] [Thread-2  ]: 2 of 7 OK created sql view model staging_staging.stg_orders .................... [[32mCREATE VIEW[0m in 0.26s]
[0m14:38:01.268461 [debug] [Thread-3  ]: Sending event: {'category': 'dbt', 'action': 'run_model', 'label': '265d2b72-f51d-4e85-97b7-ac4a9923d15d', 'context': [<snowplow_tracker.self_describing_json.SelfDescribingJson object at 0x0000020A7A162160>]}
[0m14:38:01.269459 [debug] [Thread-2  ]: Finished running node model.shopify_assessment.stg_orders
[0m14:38:01.271462 [info ] [Thread-3  ]: 3 of 7 OK created sql view model staging_staging.stg_products .................. [[32mCREATE VIEW[0m in 0.27s]
[0m14:38:01.273460 [debug] [Thread-4  ]: Began running node model.shopify_assessment.stg_order_line_items
[0m14:38:01.274462 [debug] [Thread-3  ]: Finished running node model.shopify_assessment.stg_products
[0m14:38:01.276458 [info ] [Thread-4  ]: 4 of 7 START sql view model staging_staging.stg_order_line_items ............... [RUN]
[0m14:38:01.277459 [debug] [Thread-2  ]: Began running node model.shopify_assessment.stg_product_variants
[0m14:38:01.278457 [debug] [Thread-4  ]: Acquiring new postgres connection 'model.shopify_assessment.stg_order_line_items'
[0m14:38:01.280461 [info ] [Thread-2  ]: 5 of 7 START sql view model staging_staging.stg_product_variants ............... [RUN]
[0m14:38:01.281459 [debug] [Thread-4  ]: Began compiling node model.shopify_assessment.stg_order_line_items
[0m14:38:01.282458 [debug] [Thread-2  ]: Re-using an available connection from the pool (formerly model.shopify_assessment.stg_orders, now model.shopify_assessment.stg_product_variants)
[0m14:38:01.288461 [debug] [Thread-4  ]: Writing injected SQL for node "model.shopify_assessment.stg_order_line_items"
[0m14:38:01.289457 [debug] [Thread-2  ]: Began compiling node model.shopify_assessment.stg_product_variants
[0m14:38:01.293460 [debug] [Thread-2  ]: Writing injected SQL for node "model.shopify_assessment.stg_product_variants"
[0m14:38:01.293460 [debug] [Thread-4  ]: Began executing node model.shopify_assessment.stg_order_line_items
[0m14:38:01.300456 [debug] [Thread-4  ]: Writing runtime sql for node "model.shopify_assessment.stg_order_line_items"
[0m14:38:01.301456 [debug] [Thread-2  ]: Began executing node model.shopify_assessment.stg_product_variants
[0m14:38:01.307458 [debug] [Thread-2  ]: Writing runtime sql for node "model.shopify_assessment.stg_product_variants"
[0m14:38:01.308459 [debug] [Thread-4  ]: Using postgres connection "model.shopify_assessment.stg_order_line_items"
[0m14:38:01.309458 [debug] [Thread-4  ]: On model.shopify_assessment.stg_order_line_items: BEGIN
[0m14:38:01.309458 [debug] [Thread-2  ]: Using postgres connection "model.shopify_assessment.stg_product_variants"
[0m14:38:01.310460 [debug] [Thread-4  ]: Opening a new connection, currently in state init
[0m14:38:01.311459 [debug] [Thread-2  ]: On model.shopify_assessment.stg_product_variants: BEGIN
[0m14:38:01.313463 [debug] [Thread-2  ]: Opening a new connection, currently in state closed
[0m14:38:01.334466 [debug] [Thread-4  ]: SQL status: BEGIN in 0.024 seconds
[0m14:38:01.335460 [debug] [Thread-4  ]: Using postgres connection "model.shopify_assessment.stg_order_line_items"
[0m14:38:01.336460 [debug] [Thread-2  ]: SQL status: BEGIN in 0.024 seconds
[0m14:38:01.337459 [debug] [Thread-4  ]: On model.shopify_assessment.stg_order_line_items: /* {"app": "dbt", "dbt_version": "1.10.20", "profile_name": "shopify_assessment", "target_name": "staging", "node_id": "model.shopify_assessment.stg_order_line_items"} */

  create view "airbyte_db"."staging_staging"."stg_order_line_items__dbt_tmp"
    
    
  as (
    select
    o.order_id,
    li.value ->> 'ID' as line_item_id,
    li.value ->> 'PRODUCT_ID' as product_id,
    li.value ->> 'VARIANT_ID' as variant_id,
    li.value ->> 'SKU' as sku,
    li.value ->> 'TITLE' as product_title,
    li.value ->> 'VENDOR' as vendor,
    nullif(trim(li.value ->> 'QUANTITY'), '')::integer as quantity,
    nullif(trim(li.value ->> 'PRICE'), '')::numeric as price
from "airbyte_db"."staging_staging"."stg_orders" o
cross join lateral jsonb_array_elements(o.line_items) as li(value)
  );
[0m14:38:01.338457 [debug] [Thread-2  ]: Using postgres connection "model.shopify_assessment.stg_product_variants"
[0m14:38:01.339464 [debug] [Thread-2  ]: On model.shopify_assessment.stg_product_variants: /* {"app": "dbt", "dbt_version": "1.10.20", "profile_name": "shopify_assessment", "target_name": "staging", "node_id": "model.shopify_assessment.stg_product_variants"} */

  create view "airbyte_db"."staging_staging"."stg_product_variants__dbt_tmp"
    
    
  as (
    select
    p.product_id,
    nullif(trim(v.value ->> 'ID'), '') as variant_id,
    nullif(trim(v.value ->> 'SKU'), '') as sku,
    nullif(trim(v.value ->> 'TITLE'), '') as variant_title,
    nullif(trim(v.value ->> 'OPTION1'), '') as option1,
    nullif(trim(v.value ->> 'OPTION2'), '') as option2,
    nullif(trim(v.value ->> 'PRICE'), '')::numeric as price,
    nullif(trim(v.value ->> 'INVENTORY_QUANTITY'), '')::integer as inventory_quantity,
    to_timestamp(nullif(trim(v.value ->> 'CREATED_AT'), '')::numeric) as created_at,
    to_timestamp(nullif(trim(v.value ->> 'UPDATED_AT'), '')::numeric) as updated_at
from "airbyte_db"."staging_staging"."stg_products" p
cross join lateral jsonb_array_elements(p.variants) as v(value)
  );
[0m14:38:01.342462 [debug] [Thread-4  ]: SQL status: CREATE VIEW in 0.003 seconds
[0m14:38:01.346457 [debug] [Thread-4  ]: Using postgres connection "model.shopify_assessment.stg_order_line_items"
[0m14:38:01.347455 [debug] [Thread-2  ]: SQL status: CREATE VIEW in 0.007 seconds
[0m14:38:01.347455 [debug] [Thread-4  ]: On model.shopify_assessment.stg_order_line_items: /* {"app": "dbt", "dbt_version": "1.10.20", "profile_name": "shopify_assessment", "target_name": "staging", "node_id": "model.shopify_assessment.stg_order_line_items"} */
alter table "airbyte_db"."staging_staging"."stg_order_line_items__dbt_tmp" rename to "stg_order_line_items"
[0m14:38:01.352458 [debug] [Thread-2  ]: Using postgres connection "model.shopify_assessment.stg_product_variants"
[0m14:38:01.353457 [debug] [Thread-2  ]: On model.shopify_assessment.stg_product_variants: /* {"app": "dbt", "dbt_version": "1.10.20", "profile_name": "shopify_assessment", "target_name": "staging", "node_id": "model.shopify_assessment.stg_product_variants"} */
alter table "airbyte_db"."staging_staging"."stg_product_variants__dbt_tmp" rename to "stg_product_variants"
[0m14:38:01.354462 [debug] [Thread-4  ]: SQL status: ALTER TABLE in 0.001 seconds
[0m14:38:01.356458 [debug] [Thread-4  ]: On model.shopify_assessment.stg_order_line_items: COMMIT
[0m14:38:01.357456 [debug] [Thread-2  ]: SQL status: ALTER TABLE in 0.002 seconds
[0m14:38:01.357456 [debug] [Thread-4  ]: Using postgres connection "model.shopify_assessment.stg_order_line_items"
[0m14:38:01.359460 [debug] [Thread-2  ]: On model.shopify_assessment.stg_product_variants: COMMIT
[0m14:38:01.360459 [debug] [Thread-4  ]: On model.shopify_assessment.stg_order_line_items: COMMIT
[0m14:38:01.361458 [debug] [Thread-2  ]: Using postgres connection "model.shopify_assessment.stg_product_variants"
[0m14:38:01.362461 [debug] [Thread-2  ]: On model.shopify_assessment.stg_product_variants: COMMIT
[0m14:38:01.368460 [debug] [Thread-4  ]: SQL status: COMMIT in 0.007 seconds
[0m14:38:01.375459 [debug] [Thread-4  ]: Applying DROP to: "airbyte_db"."staging_staging"."stg_order_line_items__dbt_backup"
[0m14:38:01.377458 [debug] [Thread-4  ]: Using postgres connection "model.shopify_assessment.stg_order_line_items"
[0m14:38:01.377458 [debug] [Thread-2  ]: SQL status: COMMIT in 0.015 seconds
[0m14:38:01.378458 [debug] [Thread-4  ]: On model.shopify_assessment.stg_order_line_items: /* {"app": "dbt", "dbt_version": "1.10.20", "profile_name": "shopify_assessment", "target_name": "staging", "node_id": "model.shopify_assessment.stg_order_line_items"} */
drop view if exists "airbyte_db"."staging_staging"."stg_order_line_items__dbt_backup" cascade
[0m14:38:01.383048 [debug] [Thread-2  ]: Applying DROP to: "airbyte_db"."staging_staging"."stg_product_variants__dbt_backup"
[0m14:38:01.385049 [debug] [Thread-2  ]: Using postgres connection "model.shopify_assessment.stg_product_variants"
[0m14:38:01.385049 [debug] [Thread-4  ]: SQL status: DROP VIEW in 0.002 seconds
[0m14:38:01.386049 [debug] [Thread-2  ]: On model.shopify_assessment.stg_product_variants: /* {"app": "dbt", "dbt_version": "1.10.20", "profile_name": "shopify_assessment", "target_name": "staging", "node_id": "model.shopify_assessment.stg_product_variants"} */
drop view if exists "airbyte_db"."staging_staging"."stg_product_variants__dbt_backup" cascade
[0m14:38:01.388048 [debug] [Thread-4  ]: On model.shopify_assessment.stg_order_line_items: Close
[0m14:38:01.391051 [debug] [Thread-4  ]: Sending event: {'category': 'dbt', 'action': 'run_model', 'label': '265d2b72-f51d-4e85-97b7-ac4a9923d15d', 'context': [<snowplow_tracker.self_describing_json.SelfDescribingJson object at 0x0000020A7A236E80>]}
[0m14:38:01.392047 [debug] [Thread-2  ]: SQL status: DROP VIEW in 0.003 seconds
[0m14:38:01.393049 [info ] [Thread-4  ]: 4 of 7 OK created sql view model staging_staging.stg_order_line_items .......... [[32mCREATE VIEW[0m in 0.11s]
[0m14:38:01.399049 [debug] [Thread-2  ]: On model.shopify_assessment.stg_product_variants: Close
[0m14:38:01.400050 [debug] [Thread-4  ]: Finished running node model.shopify_assessment.stg_order_line_items
[0m14:38:01.403052 [debug] [Thread-2  ]: Sending event: {'category': 'dbt', 'action': 'run_model', 'label': '265d2b72-f51d-4e85-97b7-ac4a9923d15d', 'context': [<snowplow_tracker.self_describing_json.SelfDescribingJson object at 0x0000020A7A2A3670>]}
[0m14:38:01.405050 [debug] [Thread-3  ]: Began running node model.shopify_assessment.int_order_line_agg
[0m14:38:01.406050 [info ] [Thread-2  ]: 5 of 7 OK created sql view model staging_staging.stg_product_variants .......... [[32mCREATE VIEW[0m in 0.12s]
[0m14:38:01.410049 [debug] [Thread-2  ]: Finished running node model.shopify_assessment.stg_product_variants
[0m14:38:01.408063 [info ] [Thread-3  ]: 6 of 7 START sql view model staging_staging.int_order_line_agg ................. [RUN]
[0m14:38:01.413057 [debug] [Thread-3  ]: Re-using an available connection from the pool (formerly model.shopify_assessment.stg_products, now model.shopify_assessment.int_order_line_agg)
[0m14:38:01.415049 [debug] [Thread-3  ]: Began compiling node model.shopify_assessment.int_order_line_agg
[0m14:38:01.420049 [debug] [Thread-3  ]: Writing injected SQL for node "model.shopify_assessment.int_order_line_agg"
[0m14:38:01.421049 [debug] [Thread-3  ]: Began executing node model.shopify_assessment.int_order_line_agg
[0m14:38:01.427048 [debug] [Thread-3  ]: Writing runtime sql for node "model.shopify_assessment.int_order_line_agg"
[0m14:38:01.429051 [debug] [Thread-3  ]: Using postgres connection "model.shopify_assessment.int_order_line_agg"
[0m14:38:01.431049 [debug] [Thread-3  ]: On model.shopify_assessment.int_order_line_agg: BEGIN
[0m14:38:01.433050 [debug] [Thread-3  ]: Opening a new connection, currently in state closed
[0m14:38:01.454054 [debug] [Thread-3  ]: SQL status: BEGIN in 0.021 seconds
[0m14:38:01.455049 [debug] [Thread-3  ]: Using postgres connection "model.shopify_assessment.int_order_line_agg"
[0m14:38:01.456049 [debug] [Thread-3  ]: On model.shopify_assessment.int_order_line_agg: /* {"app": "dbt", "dbt_version": "1.10.20", "profile_name": "shopify_assessment", "target_name": "staging", "node_id": "model.shopify_assessment.int_order_line_agg"} */

  create view "airbyte_db"."staging_staging"."int_order_line_agg__dbt_tmp"
    
    
  as (
    select
    order_id,
    count(*) as line_item_count,
    sum(quantity) as total_quantity,
    sum(quantity * price) as calculated_line_item_amount
from "airbyte_db"."staging_staging"."stg_order_line_items"
group by order_id
  );
[0m14:38:01.460050 [debug] [Thread-3  ]: SQL status: CREATE VIEW in 0.003 seconds
[0m14:38:01.464046 [debug] [Thread-3  ]: Using postgres connection "model.shopify_assessment.int_order_line_agg"
[0m14:38:01.465046 [debug] [Thread-3  ]: On model.shopify_assessment.int_order_line_agg: /* {"app": "dbt", "dbt_version": "1.10.20", "profile_name": "shopify_assessment", "target_name": "staging", "node_id": "model.shopify_assessment.int_order_line_agg"} */
alter table "airbyte_db"."staging_staging"."int_order_line_agg__dbt_tmp" rename to "int_order_line_agg"
[0m14:38:01.466049 [debug] [Thread-3  ]: SQL status: ALTER TABLE in 0.001 seconds
[0m14:38:01.469047 [debug] [Thread-3  ]: On model.shopify_assessment.int_order_line_agg: COMMIT
[0m14:38:01.469047 [debug] [Thread-3  ]: Using postgres connection "model.shopify_assessment.int_order_line_agg"
[0m14:38:01.470048 [debug] [Thread-3  ]: On model.shopify_assessment.int_order_line_agg: COMMIT
[0m14:38:01.475071 [debug] [Thread-3  ]: SQL status: COMMIT in 0.005 seconds
[0m14:38:01.479048 [debug] [Thread-3  ]: Applying DROP to: "airbyte_db"."staging_staging"."int_order_line_agg__dbt_backup"
[0m14:38:01.480048 [debug] [Thread-3  ]: Using postgres connection "model.shopify_assessment.int_order_line_agg"
[0m14:38:01.481048 [debug] [Thread-3  ]: On model.shopify_assessment.int_order_line_agg: /* {"app": "dbt", "dbt_version": "1.10.20", "profile_name": "shopify_assessment", "target_name": "staging", "node_id": "model.shopify_assessment.int_order_line_agg"} */
drop view if exists "airbyte_db"."staging_staging"."int_order_line_agg__dbt_backup" cascade
[0m14:38:01.482048 [debug] [Thread-3  ]: SQL status: DROP VIEW in 0.001 seconds
[0m14:38:01.484049 [debug] [Thread-3  ]: On model.shopify_assessment.int_order_line_agg: Close
[0m14:38:01.485047 [debug] [Thread-3  ]: Sending event: {'category': 'dbt', 'action': 'run_model', 'label': '265d2b72-f51d-4e85-97b7-ac4a9923d15d', 'context': [<snowplow_tracker.self_describing_json.SelfDescribingJson object at 0x0000020A7A1F35E0>]}
[0m14:38:01.487050 [info ] [Thread-3  ]: 6 of 7 OK created sql view model staging_staging.int_order_line_agg ............ [[32mCREATE VIEW[0m in 0.07s]
[0m14:38:01.490052 [debug] [Thread-3  ]: Finished running node model.shopify_assessment.int_order_line_agg
[0m14:38:01.492051 [debug] [Thread-4  ]: Began running node model.shopify_assessment.fct_order_summary
[0m14:38:01.493054 [info ] [Thread-4  ]: 7 of 7 START sql table model staging_marts.fct_order_summary ................... [RUN]
[0m14:38:01.494047 [debug] [Thread-4  ]: Re-using an available connection from the pool (formerly model.shopify_assessment.stg_order_line_items, now model.shopify_assessment.fct_order_summary)
[0m14:38:01.495048 [debug] [Thread-4  ]: Began compiling node model.shopify_assessment.fct_order_summary
[0m14:38:01.500047 [debug] [Thread-4  ]: Writing injected SQL for node "model.shopify_assessment.fct_order_summary"
[0m14:38:01.502048 [debug] [Thread-4  ]: Began executing node model.shopify_assessment.fct_order_summary
[0m14:38:01.532048 [debug] [Thread-4  ]: Writing runtime sql for node "model.shopify_assessment.fct_order_summary"
[0m14:38:01.534050 [debug] [Thread-4  ]: Using postgres connection "model.shopify_assessment.fct_order_summary"
[0m14:38:01.534050 [debug] [Thread-4  ]: On model.shopify_assessment.fct_order_summary: BEGIN
[0m14:38:01.535067 [debug] [Thread-4  ]: Opening a new connection, currently in state closed
[0m14:38:01.553051 [debug] [Thread-4  ]: SQL status: BEGIN in 0.018 seconds
[0m14:38:01.554049 [debug] [Thread-4  ]: Using postgres connection "model.shopify_assessment.fct_order_summary"
[0m14:38:01.555057 [debug] [Thread-4  ]: On model.shopify_assessment.fct_order_summary: /* {"app": "dbt", "dbt_version": "1.10.20", "profile_name": "shopify_assessment", "target_name": "staging", "node_id": "model.shopify_assessment.fct_order_summary"} */

  
    

  create  table "airbyte_db"."staging_marts"."fct_order_summary__dbt_tmp"
  
  
    as
  
  (
    select
    o.order_id,
    o.order_name,
    o.customer_id,
    c.admin_graphql_api_id as customer_graphql_api_id,
    o.created_at as order_created_at,
    o.email as order_email,
    o.currency,
    o.financial_status,
    o.fulfillment_status,
    o.total_price,
    o.subtotal_price,
    o.total_tax,
    o.total_discounts,
    coalesce(l.line_item_count, 0) as line_item_count,
    coalesce(l.total_quantity, 0) as total_quantity,
    coalesce(l.calculated_line_item_amount, 0) as calculated_line_item_amount,
    o.portable_extracted_at,
    o._airbyte_extracted_at
from "airbyte_db"."staging_staging"."stg_orders" o
left join "airbyte_db"."staging_staging"."stg_customers" c
    on o.customer_id = c.customer_id
left join "airbyte_db"."staging_staging"."int_order_line_agg" l
    on o.order_id = l.order_id
  );
  
[0m14:38:01.597817 [debug] [Thread-4  ]: SQL status: SELECT 1000 in 0.043 seconds
[0m14:38:01.606778 [debug] [Thread-4  ]: Using postgres connection "model.shopify_assessment.fct_order_summary"
[0m14:38:01.606778 [debug] [Thread-4  ]: On model.shopify_assessment.fct_order_summary: /* {"app": "dbt", "dbt_version": "1.10.20", "profile_name": "shopify_assessment", "target_name": "staging", "node_id": "model.shopify_assessment.fct_order_summary"} */
alter table "airbyte_db"."staging_marts"."fct_order_summary" rename to "fct_order_summary__dbt_backup"
[0m14:38:01.609041 [debug] [Thread-4  ]: SQL status: ALTER TABLE in 0.001 seconds
[0m14:38:01.613053 [debug] [Thread-4  ]: Using postgres connection "model.shopify_assessment.fct_order_summary"
[0m14:38:01.614050 [debug] [Thread-4  ]: On model.shopify_assessment.fct_order_summary: /* {"app": "dbt", "dbt_version": "1.10.20", "profile_name": "shopify_assessment", "target_name": "staging", "node_id": "model.shopify_assessment.fct_order_summary"} */
alter table "airbyte_db"."staging_marts"."fct_order_summary__dbt_tmp" rename to "fct_order_summary"
[0m14:38:01.616054 [debug] [Thread-4  ]: SQL status: ALTER TABLE in 0.001 seconds
[0m14:38:01.618051 [debug] [Thread-4  ]: On model.shopify_assessment.fct_order_summary: COMMIT
[0m14:38:01.619085 [debug] [Thread-4  ]: Using postgres connection "model.shopify_assessment.fct_order_summary"
[0m14:38:01.620051 [debug] [Thread-4  ]: On model.shopify_assessment.fct_order_summary: COMMIT
[0m14:38:01.628009 [debug] [Thread-4  ]: SQL status: COMMIT in 0.008 seconds
[0m14:38:01.632020 [debug] [Thread-4  ]: Applying DROP to: "airbyte_db"."staging_marts"."fct_order_summary__dbt_backup"
[0m14:38:01.635019 [debug] [Thread-4  ]: Using postgres connection "model.shopify_assessment.fct_order_summary"
[0m14:38:01.636020 [debug] [Thread-4  ]: On model.shopify_assessment.fct_order_summary: /* {"app": "dbt", "dbt_version": "1.10.20", "profile_name": "shopify_assessment", "target_name": "staging", "node_id": "model.shopify_assessment.fct_order_summary"} */
drop table if exists "airbyte_db"."staging_marts"."fct_order_summary__dbt_backup" cascade
[0m14:38:01.643020 [debug] [Thread-4  ]: SQL status: DROP TABLE in 0.006 seconds
[0m14:38:01.645020 [debug] [Thread-4  ]: On model.shopify_assessment.fct_order_summary: Close
[0m14:38:01.648020 [debug] [Thread-4  ]: Sending event: {'category': 'dbt', 'action': 'run_model', 'label': '265d2b72-f51d-4e85-97b7-ac4a9923d15d', 'context': [<snowplow_tracker.self_describing_json.SelfDescribingJson object at 0x0000020A7A1C3D30>]}
[0m14:38:01.650020 [info ] [Thread-4  ]: 7 of 7 OK created sql table model staging_marts.fct_order_summary .............. [[32mSELECT 1000[0m in 0.15s]
[0m14:38:01.652022 [debug] [Thread-4  ]: Finished running node model.shopify_assessment.fct_order_summary
[0m14:38:01.654028 [debug] [MainThread]: Using postgres connection "master"
[0m14:38:01.655020 [debug] [MainThread]: On master: BEGIN
[0m14:38:01.656019 [debug] [MainThread]: Opening a new connection, currently in state closed
[0m14:38:01.692343 [debug] [MainThread]: SQL status: BEGIN in 0.036 seconds
[0m14:38:01.693343 [debug] [MainThread]: On master: COMMIT
[0m14:38:01.694343 [debug] [MainThread]: Using postgres connection "master"
[0m14:38:01.694343 [debug] [MainThread]: On master: COMMIT
[0m14:38:01.696344 [debug] [MainThread]: SQL status: COMMIT in 0.001 seconds
[0m14:38:01.697347 [debug] [MainThread]: On master: Close
[0m14:38:01.698342 [debug] [MainThread]: Connection 'master' was properly closed.
[0m14:38:01.699350 [debug] [MainThread]: Connection 'list_airbyte_db' was properly closed.
[0m14:38:01.700348 [debug] [MainThread]: Connection 'list_airbyte_db' was properly closed.
[0m14:38:01.701348 [debug] [MainThread]: Connection 'list_airbyte_db_staging_marts' was properly closed.
[0m14:38:01.702342 [debug] [MainThread]: Connection 'list_airbyte_db_staging_staging' was properly closed.
[0m14:38:01.702342 [debug] [MainThread]: Connection 'model.shopify_assessment.stg_customers' was properly closed.
[0m14:38:01.703343 [debug] [MainThread]: Connection 'model.shopify_assessment.stg_product_variants' was properly closed.
[0m14:38:01.703343 [debug] [MainThread]: Connection 'model.shopify_assessment.int_order_line_agg' was properly closed.
[0m14:38:01.704343 [debug] [MainThread]: Connection 'model.shopify_assessment.fct_order_summary' was properly closed.
[0m14:38:01.704343 [info ] [MainThread]: 
[0m14:38:01.705512 [info ] [MainThread]: Finished running 1 table model, 6 view models in 0 hours 0 minutes and 0.99 seconds (0.99s).
[0m14:38:01.709975 [debug] [MainThread]: Command end result
[0m14:38:01.744969 [debug] [MainThread]: Wrote artifact WritableManifest to C:\Users\Owner\data-engineering-assessment\dbt_shopify\target\manifest.json
[0m14:38:01.749004 [debug] [MainThread]: Wrote artifact SemanticManifest to C:\Users\Owner\data-engineering-assessment\dbt_shopify\target\semantic_manifest.json
[0m14:38:01.758007 [debug] [MainThread]: Wrote artifact RunExecutionResult to C:\Users\Owner\data-engineering-assessment\dbt_shopify\target\run_results.json
[0m14:38:01.758970 [info ] [MainThread]: 
[0m14:38:01.759972 [info ] [MainThread]: [32mCompleted successfully[0m
[0m14:38:01.761975 [info ] [MainThread]: 
[0m14:38:01.764971 [info ] [MainThread]: Done. PASS=7 WARN=0 ERROR=0 SKIP=0 NO-OP=0 TOTAL=7
[0m14:38:01.766972 [debug] [MainThread]: Command `dbt run` succeeded at 14:38:01.766972 after 2.52 seconds
[0m14:38:01.766972 [debug] [MainThread]: Sending event: {'category': 'dbt', 'action': 'invocation', 'label': 'end', 'context': [<snowplow_tracker.self_describing_json.SelfDescribingJson object at 0x0000020A7751F550>, <snowplow_tracker.self_describing_json.SelfDescribingJson object at 0x0000020A790C4280>, <snowplow_tracker.self_describing_json.SelfDescribingJson object at 0x0000020A7796FF40>]}
[0m14:38:01.767971 [debug] [MainThread]: Flushing usage events
[0m14:38:02.238257 [debug] [MainThread]: An error was encountered while trying to flush usage events
[0m14:38:28.240947 [debug] [MainThread]: Sending event: {'category': 'dbt', 'action': 'invocation', 'label': 'start', 'context': [<snowplow_tracker.self_describing_json.SelfDescribingJson object at 0x000001C1D1E60550>, <snowplow_tracker.self_describing_json.SelfDescribingJson object at 0x000001C1D3A04430>, <snowplow_tracker.self_describing_json.SelfDescribingJson object at 0x000001C1D3A041C0>]}


============================== 14:38:28.246041 | a373dd7e-48ad-41c3-b1d8-ea3b4527fb1e ==============================
[0m14:38:28.246041 [info ] [MainThread]: Running with dbt=1.10.20
[0m14:38:28.247041 [debug] [MainThread]: running dbt with arguments {'fail_fast': 'False', 'debug': 'False', 'log_cache_events': 'False', 'send_anonymous_usage_stats': 'True', 'warn_error_options': 'WarnErrorOptionsV2(error=[], warn=[], silence=[])', 'cache_selected_only': 'False', 'log_format': 'default', 'no_print': 'None', 'version_check': 'True', 'empty': 'False', 'printer_width': '80', 'partial_parse': 'False', 'log_path': 'C:\\Users\\Owner\\data-engineering-assessment\\dbt_shopify\\logs', 'introspect': 'True', 'warn_error': 'None', 'write_json': 'True', 'target_path': 'None', 'quiet': 'False', 'invocation_command': 'dbt run --target staging --show-all-deprecations --no-partial-parse', 'static_parser': 'True', 'profiles_dir': 'C:\\Users\\Owner\\.dbt', 'use_experimental_parser': 'False', 'use_colors': 'True', 'indirect_selection': 'eager'}
[0m14:38:28.569819 [debug] [MainThread]: Sending event: {'category': 'dbt', 'action': 'project_id', 'label': 'a373dd7e-48ad-41c3-b1d8-ea3b4527fb1e', 'context': [<snowplow_tracker.self_describing_json.SelfDescribingJson object at 0x000001C1D00B62E0>]}
[0m14:38:28.654171 [debug] [MainThread]: Sending event: {'category': 'dbt', 'action': 'adapter_info', 'label': 'a373dd7e-48ad-41c3-b1d8-ea3b4527fb1e', 'context': [<snowplow_tracker.self_describing_json.SelfDescribingJson object at 0x000001C1D3BA4340>]}
[0m14:38:28.656175 [info ] [MainThread]: Registered adapter: postgres=1.9.1
[0m14:38:29.084021 [debug] [MainThread]: checksum: a59e7b2b447fd8a57b2be28e7355e6b39fd61763d8c6e0ea8982126488badb66, vars: {}, profile: , target: staging, version: 1.10.20
[0m14:38:29.084988 [debug] [MainThread]: Partial parsing not enabled
[0m14:38:30.701847 [warn ] [MainThread]: [[33mWARNING[0m][MissingArgumentsPropertyInGenericTestDeprecation]: Deprecated
functionality
Found top-level arguments to test `relationships`. Arguments to generic tests
should be nested under the `arguments` property.`
[0m14:38:30.702819 [debug] [MainThread]: Sending event: {'category': 'dbt', 'action': 'deprecation', 'label': 'a373dd7e-48ad-41c3-b1d8-ea3b4527fb1e', 'property_': 'warn', 'context': [<snowplow_tracker.self_describing_json.SelfDescribingJson object at 0x000001C1D47CA100>]}
[0m14:38:31.053424 [debug] [MainThread]: Sending event: {'category': 'dbt', 'action': 'load_project', 'label': 'a373dd7e-48ad-41c3-b1d8-ea3b4527fb1e', 'context': [<snowplow_tracker.self_describing_json.SelfDescribingJson object at 0x000001C1D4AEE130>]}
[0m14:38:31.252031 [debug] [MainThread]: Wrote artifact WritableManifest to C:\Users\Owner\data-engineering-assessment\dbt_shopify\target\manifest.json
[0m14:38:31.256001 [debug] [MainThread]: Wrote artifact SemanticManifest to C:\Users\Owner\data-engineering-assessment\dbt_shopify\target\semantic_manifest.json
[0m14:38:31.281598 [debug] [MainThread]: Sending event: {'category': 'dbt', 'action': 'resource_counts', 'label': 'a373dd7e-48ad-41c3-b1d8-ea3b4527fb1e', 'context': [<snowplow_tracker.self_describing_json.SelfDescribingJson object at 0x000001C1D46E4FA0>]}
[0m14:38:31.282596 [info ] [MainThread]: Found 7 models, 20 data tests, 3 sources, 447 macros
[0m14:38:31.283597 [debug] [MainThread]: Sending event: {'category': 'dbt', 'action': 'runnable_timing', 'label': 'a373dd7e-48ad-41c3-b1d8-ea3b4527fb1e', 'context': [<snowplow_tracker.self_describing_json.SelfDescribingJson object at 0x000001C1D4B0AF70>]}
[0m14:38:31.286644 [info ] [MainThread]: 
[0m14:38:31.287596 [info ] [MainThread]: Concurrency: 4 threads (target='staging')
[0m14:38:31.288600 [info ] [MainThread]: 
[0m14:38:31.290599 [debug] [MainThread]: Acquiring new postgres connection 'master'
[0m14:38:31.297595 [debug] [ThreadPool]: Acquiring new postgres connection 'list_airbyte_db'
[0m14:38:31.298599 [debug] [ThreadPool]: Acquiring new postgres connection 'list_airbyte_db'
[0m14:38:31.400597 [debug] [ThreadPool]: Using postgres connection "list_airbyte_db"
[0m14:38:31.400597 [debug] [ThreadPool]: Using postgres connection "list_airbyte_db"
[0m14:38:31.401597 [debug] [ThreadPool]: On list_airbyte_db: /* {"app": "dbt", "dbt_version": "1.10.20", "profile_name": "shopify_assessment", "target_name": "staging", "connection_name": "list_airbyte_db"} */

    select distinct nspname from pg_namespace
  
[0m14:38:31.402596 [debug] [ThreadPool]: On list_airbyte_db: /* {"app": "dbt", "dbt_version": "1.10.20", "profile_name": "shopify_assessment", "target_name": "staging", "connection_name": "list_airbyte_db"} */

    select distinct nspname from pg_namespace
  
[0m14:38:31.403597 [debug] [ThreadPool]: Opening a new connection, currently in state init
[0m14:38:31.404630 [debug] [ThreadPool]: Opening a new connection, currently in state init
[0m14:38:31.443107 [debug] [ThreadPool]: SQL status: SELECT 9 in 0.039 seconds
[0m14:38:31.443107 [debug] [ThreadPool]: SQL status: SELECT 9 in 0.039 seconds
[0m14:38:31.445108 [debug] [ThreadPool]: On list_airbyte_db: Close
[0m14:38:31.447108 [debug] [ThreadPool]: On list_airbyte_db: Close
[0m14:38:31.454107 [debug] [ThreadPool]: Acquiring new postgres connection 'list_airbyte_db_staging_marts'
[0m14:38:31.457107 [debug] [ThreadPool]: Acquiring new postgres connection 'list_airbyte_db_staging_staging'
[0m14:38:31.466943 [debug] [ThreadPool]: Using postgres connection "list_airbyte_db_staging_marts"
[0m14:38:31.470942 [debug] [ThreadPool]: Using postgres connection "list_airbyte_db_staging_staging"
[0m14:38:31.470942 [debug] [ThreadPool]: On list_airbyte_db_staging_marts: BEGIN
[0m14:38:31.471911 [debug] [ThreadPool]: On list_airbyte_db_staging_staging: BEGIN
[0m14:38:31.472912 [debug] [ThreadPool]: Opening a new connection, currently in state init
[0m14:38:31.473910 [debug] [ThreadPool]: Opening a new connection, currently in state init
[0m14:38:31.495911 [debug] [ThreadPool]: SQL status: BEGIN in 0.023 seconds
[0m14:38:31.496912 [debug] [ThreadPool]: SQL status: BEGIN in 0.023 seconds
[0m14:38:31.497912 [debug] [ThreadPool]: Using postgres connection "list_airbyte_db_staging_marts"
[0m14:38:31.497912 [debug] [ThreadPool]: Using postgres connection "list_airbyte_db_staging_staging"
[0m14:38:31.498910 [debug] [ThreadPool]: On list_airbyte_db_staging_marts: /* {"app": "dbt", "dbt_version": "1.10.20", "profile_name": "shopify_assessment", "target_name": "staging", "connection_name": "list_airbyte_db_staging_marts"} */
select
      'airbyte_db' as database,
      tablename as name,
      schemaname as schema,
      'table' as type
    from pg_tables
    where schemaname ilike 'staging_marts'
    union all
    select
      'airbyte_db' as database,
      viewname as name,
      schemaname as schema,
      'view' as type
    from pg_views
    where schemaname ilike 'staging_marts'
    union all
    select
      'airbyte_db' as database,
      matviewname as name,
      schemaname as schema,
      'materialized_view' as type
    from pg_matviews
    where schemaname ilike 'staging_marts'
  
[0m14:38:31.498910 [debug] [ThreadPool]: On list_airbyte_db_staging_staging: /* {"app": "dbt", "dbt_version": "1.10.20", "profile_name": "shopify_assessment", "target_name": "staging", "connection_name": "list_airbyte_db_staging_staging"} */
select
      'airbyte_db' as database,
      tablename as name,
      schemaname as schema,
      'table' as type
    from pg_tables
    where schemaname ilike 'staging_staging'
    union all
    select
      'airbyte_db' as database,
      viewname as name,
      schemaname as schema,
      'view' as type
    from pg_views
    where schemaname ilike 'staging_staging'
    union all
    select
      'airbyte_db' as database,
      matviewname as name,
      schemaname as schema,
      'materialized_view' as type
    from pg_matviews
    where schemaname ilike 'staging_staging'
  
[0m14:38:31.504909 [debug] [ThreadPool]: SQL status: SELECT 1 in 0.005 seconds
[0m14:38:31.505915 [debug] [ThreadPool]: SQL status: SELECT 6 in 0.005 seconds
[0m14:38:31.506912 [debug] [ThreadPool]: On list_airbyte_db_staging_marts: ROLLBACK
[0m14:38:31.508909 [debug] [ThreadPool]: On list_airbyte_db_staging_staging: ROLLBACK
[0m14:38:31.510911 [debug] [ThreadPool]: On list_airbyte_db_staging_marts: Close
[0m14:38:31.510911 [debug] [ThreadPool]: On list_airbyte_db_staging_staging: Close
[0m14:38:31.523910 [debug] [MainThread]: Using postgres connection "master"
[0m14:38:31.523910 [debug] [MainThread]: On master: BEGIN
[0m14:38:31.524912 [debug] [MainThread]: Opening a new connection, currently in state init
[0m14:38:31.542028 [debug] [MainThread]: SQL status: BEGIN in 0.017 seconds
[0m14:38:31.543030 [debug] [MainThread]: Using postgres connection "master"
[0m14:38:31.544029 [debug] [MainThread]: On master: /* {"app": "dbt", "dbt_version": "1.10.20", "profile_name": "shopify_assessment", "target_name": "staging", "connection_name": "master"} */
select distinct
        dependent_namespace.nspname as dependent_schema,
        dependent_class.relname as dependent_name,
        referenced_namespace.nspname as referenced_schema,
        referenced_class.relname as referenced_name

    -- Query for views: views are entries in pg_class with an entry in pg_rewrite, but we avoid
    -- a seq scan on pg_rewrite by leveraging the fact there is an "internal" row in pg_depend for
    -- the view...
    from pg_class as dependent_class
    join pg_namespace as dependent_namespace on dependent_namespace.oid = dependent_class.relnamespace
    join pg_depend as dependent_depend on dependent_depend.refobjid = dependent_class.oid
        and dependent_depend.classid = 'pg_rewrite'::regclass
        and dependent_depend.refclassid = 'pg_class'::regclass
        and dependent_depend.deptype = 'i'

    -- ... and via pg_depend (that has a row per column, hence the need for "distinct" above, and
    -- making sure to exclude the internal row to avoid a view appearing to depend on itself)...
    join pg_depend as joining_depend on joining_depend.objid = dependent_depend.objid
        and joining_depend.classid = 'pg_rewrite'::regclass
        and joining_depend.refclassid = 'pg_class'::regclass
        and joining_depend.refobjid != dependent_depend.refobjid

    -- ... we can find the tables they query from in pg_class, but excluding system tables. Note we
    -- don't need need to exclude _dependent_ system tables, because they only query from other
    -- system tables, and so are automatically excluded by excluding _referenced_ system tables
    join pg_class as referenced_class on referenced_class.oid = joining_depend.refobjid
    join pg_namespace as referenced_namespace on referenced_namespace.oid = referenced_class.relnamespace
        and referenced_namespace.nspname != 'information_schema'
        and referenced_namespace.nspname not like 'pg\_%'

    order by
        dependent_schema, dependent_name, referenced_schema, referenced_name;
[0m14:38:31.549027 [debug] [MainThread]: SQL status: SELECT 6 in 0.004 seconds
[0m14:38:31.551026 [debug] [MainThread]: Sending event: {'category': 'dbt', 'action': 'runnable_timing', 'label': 'a373dd7e-48ad-41c3-b1d8-ea3b4527fb1e', 'context': [<snowplow_tracker.self_describing_json.SelfDescribingJson object at 0x000001C1D4705520>]}
[0m14:38:31.552026 [debug] [MainThread]: On master: ROLLBACK
[0m14:38:31.553027 [debug] [MainThread]: Using postgres connection "master"
[0m14:38:31.554028 [debug] [MainThread]: On master: BEGIN
[0m14:38:31.556032 [debug] [MainThread]: SQL status: BEGIN in 0.001 seconds
[0m14:38:31.557029 [debug] [MainThread]: On master: COMMIT
[0m14:38:31.557029 [debug] [MainThread]: Using postgres connection "master"
[0m14:38:31.558027 [debug] [MainThread]: On master: COMMIT
[0m14:38:31.560028 [debug] [MainThread]: SQL status: COMMIT in 0.001 seconds
[0m14:38:31.560028 [debug] [MainThread]: On master: Close
[0m14:38:31.567026 [debug] [Thread-1  ]: Began running node model.shopify_assessment.stg_customers
[0m14:38:31.567026 [debug] [Thread-2  ]: Began running node model.shopify_assessment.stg_orders
[0m14:38:31.568027 [debug] [Thread-3  ]: Began running node model.shopify_assessment.stg_products
[0m14:38:31.569027 [info ] [Thread-1  ]: 1 of 7 START sql view model staging_staging.stg_customers ...................... [RUN]
[0m14:38:31.570030 [info ] [Thread-2  ]: 2 of 7 START sql view model staging_staging.stg_orders ......................... [RUN]
[0m14:38:31.574030 [debug] [Thread-1  ]: Acquiring new postgres connection 'model.shopify_assessment.stg_customers'
[0m14:38:31.571031 [info ] [Thread-3  ]: 3 of 7 START sql view model staging_staging.stg_products ....................... [RUN]
[0m14:38:31.576028 [debug] [Thread-2  ]: Acquiring new postgres connection 'model.shopify_assessment.stg_orders'
[0m14:38:31.576028 [debug] [Thread-1  ]: Began compiling node model.shopify_assessment.stg_customers
[0m14:38:31.577028 [debug] [Thread-3  ]: Acquiring new postgres connection 'model.shopify_assessment.stg_products'
[0m14:38:31.578028 [debug] [Thread-2  ]: Began compiling node model.shopify_assessment.stg_orders
[0m14:38:31.588027 [debug] [Thread-1  ]: Writing injected SQL for node "model.shopify_assessment.stg_customers"
[0m14:38:31.589028 [debug] [Thread-3  ]: Began compiling node model.shopify_assessment.stg_products
[0m14:38:31.594028 [debug] [Thread-2  ]: Writing injected SQL for node "model.shopify_assessment.stg_orders"
[0m14:38:31.598028 [debug] [Thread-3  ]: Writing injected SQL for node "model.shopify_assessment.stg_products"
[0m14:38:31.599028 [debug] [Thread-1  ]: Began executing node model.shopify_assessment.stg_customers
[0m14:38:31.601029 [debug] [Thread-2  ]: Began executing node model.shopify_assessment.stg_orders
[0m14:38:31.646029 [debug] [Thread-1  ]: Writing runtime sql for node "model.shopify_assessment.stg_customers"
[0m14:38:31.647027 [debug] [Thread-3  ]: Began executing node model.shopify_assessment.stg_products
[0m14:38:31.652028 [debug] [Thread-2  ]: Writing runtime sql for node "model.shopify_assessment.stg_orders"
[0m14:38:31.658029 [debug] [Thread-3  ]: Writing runtime sql for node "model.shopify_assessment.stg_products"
[0m14:38:31.659028 [debug] [Thread-1  ]: Using postgres connection "model.shopify_assessment.stg_customers"
[0m14:38:31.661028 [debug] [Thread-2  ]: Using postgres connection "model.shopify_assessment.stg_orders"
[0m14:38:31.662028 [debug] [Thread-1  ]: On model.shopify_assessment.stg_customers: BEGIN
[0m14:38:31.662028 [debug] [Thread-3  ]: Using postgres connection "model.shopify_assessment.stg_products"
[0m14:38:31.663028 [debug] [Thread-2  ]: On model.shopify_assessment.stg_orders: BEGIN
[0m14:38:31.664027 [debug] [Thread-1  ]: Opening a new connection, currently in state init
[0m14:38:31.664027 [debug] [Thread-3  ]: On model.shopify_assessment.stg_products: BEGIN
[0m14:38:31.665027 [debug] [Thread-2  ]: Opening a new connection, currently in state init
[0m14:38:31.666027 [debug] [Thread-3  ]: Opening a new connection, currently in state init
[0m14:38:31.695789 [debug] [Thread-1  ]: SQL status: BEGIN in 0.032 seconds
[0m14:38:31.696785 [debug] [Thread-2  ]: SQL status: BEGIN in 0.032 seconds
[0m14:38:31.697784 [debug] [Thread-1  ]: Using postgres connection "model.shopify_assessment.stg_customers"
[0m14:38:31.698785 [debug] [Thread-2  ]: Using postgres connection "model.shopify_assessment.stg_orders"
[0m14:38:31.700791 [debug] [Thread-1  ]: On model.shopify_assessment.stg_customers: /* {"app": "dbt", "dbt_version": "1.10.20", "profile_name": "shopify_assessment", "target_name": "staging", "node_id": "model.shopify_assessment.stg_customers"} */

  create view "airbyte_db"."staging_staging"."stg_customers__dbt_tmp"
    
    
  as (
    select
    "ID" as customer_id,
    "ADMIN_GRAPHQL_API_ID" as admin_graphql_api_id,
    to_timestamp(nullif("CREATED_AT"::text, '')::numeric) as created_at,
    "TAGS" as tags,
    "ADDRESSES" as addresses,
    "_PORTABLE_EXTRACTED" as portable_extracted_at,
    _airbyte_extracted_at
from "airbyte_db"."raw"."customers"
  );
[0m14:38:31.701794 [debug] [Thread-2  ]: On model.shopify_assessment.stg_orders: /* {"app": "dbt", "dbt_version": "1.10.20", "profile_name": "shopify_assessment", "target_name": "staging", "node_id": "model.shopify_assessment.stg_orders"} */

  create view "airbyte_db"."staging_staging"."stg_orders__dbt_tmp"
    
    
  as (
    select
    "ID" as order_id,
    "NAME" as order_name,
    nullif(trim("CREATED_AT"), '')::timestamp as created_at,
    nullif(trim("EMAIL"), '') as email,
    "CURRENCY" as currency,
    "FINANCIAL_STATUS" as financial_status,
    "FULFILLMENT_STATUS" as fulfillment_status,
    "TOTAL_PRICE"::numeric as total_price,
    "SUBTOTAL_PRICE"::numeric as subtotal_price,
    "TOTAL_TAX"::numeric as total_tax,
    "TOTAL_DISCOUNTS"::numeric as total_discounts,
    nullif(trim("CUSTOMER" ->> 'ID'), '') as customer_id,
    "LINE_ITEMS" as line_items,
    "REFUNDS" as refunds,
    "SHIPPING_ADDRESS" as shipping_address,
    "BILLING_ADDRESS" as billing_address,
    "_PORTABLE_EXTRACTED" as portable_extracted_at,
    _airbyte_extracted_at
from "airbyte_db"."raw"."orders"
  );
[0m14:38:31.702784 [debug] [Thread-3  ]: SQL status: BEGIN in 0.036 seconds
[0m14:38:31.703784 [debug] [Thread-3  ]: Using postgres connection "model.shopify_assessment.stg_products"
[0m14:38:31.704788 [debug] [Thread-3  ]: On model.shopify_assessment.stg_products: /* {"app": "dbt", "dbt_version": "1.10.20", "profile_name": "shopify_assessment", "target_name": "staging", "node_id": "model.shopify_assessment.stg_products"} */

  create view "airbyte_db"."staging_staging"."stg_products__dbt_tmp"
    
    
  as (
    select
    "ID" as product_id,
    "ADMIN_GRAPHQL_API_ID" as admin_graphql_api_id,
    nullif(trim("TITLE"), '') as product_title,
    nullif(trim("PRODUCT_TYPE"), '') as product_type,
    nullif(trim("VENDOR"), '') as vendor,
    "TAGS" as tags,
    "OPTIONS" as options,
    "VARIANTS" as variants,
    "_PORTABLE_EXTRACTED" as portable_extracted_at,
    _airbyte_extracted_at
from "airbyte_db"."raw"."products"
  );
[0m14:38:31.706790 [debug] [Thread-2  ]: SQL status: CREATE VIEW in 0.004 seconds
[0m14:38:31.707787 [debug] [Thread-1  ]: SQL status: CREATE VIEW in 0.005 seconds
[0m14:38:31.715782 [debug] [Thread-3  ]: SQL status: CREATE VIEW in 0.009 seconds
[0m14:38:31.716787 [debug] [Thread-2  ]: Using postgres connection "model.shopify_assessment.stg_orders"
[0m14:38:31.720783 [debug] [Thread-1  ]: Using postgres connection "model.shopify_assessment.stg_customers"
[0m14:38:31.725785 [debug] [Thread-3  ]: Using postgres connection "model.shopify_assessment.stg_products"
[0m14:38:31.726783 [debug] [Thread-2  ]: On model.shopify_assessment.stg_orders: /* {"app": "dbt", "dbt_version": "1.10.20", "profile_name": "shopify_assessment", "target_name": "staging", "node_id": "model.shopify_assessment.stg_orders"} */
alter table "airbyte_db"."staging_staging"."stg_orders" rename to "stg_orders__dbt_backup"
[0m14:38:31.726783 [debug] [Thread-1  ]: On model.shopify_assessment.stg_customers: /* {"app": "dbt", "dbt_version": "1.10.20", "profile_name": "shopify_assessment", "target_name": "staging", "node_id": "model.shopify_assessment.stg_customers"} */
alter table "airbyte_db"."staging_staging"."stg_customers" rename to "stg_customers__dbt_backup"
[0m14:38:31.727784 [debug] [Thread-3  ]: On model.shopify_assessment.stg_products: /* {"app": "dbt", "dbt_version": "1.10.20", "profile_name": "shopify_assessment", "target_name": "staging", "node_id": "model.shopify_assessment.stg_products"} */
alter table "airbyte_db"."staging_staging"."stg_products" rename to "stg_products__dbt_backup"
[0m14:38:31.729789 [debug] [Thread-1  ]: SQL status: ALTER TABLE in 0.001 seconds
[0m14:38:31.730785 [debug] [Thread-2  ]: SQL status: ALTER TABLE in 0.002 seconds
[0m14:38:31.731785 [debug] [Thread-3  ]: SQL status: ALTER TABLE in 0.002 seconds
[0m14:38:31.734784 [debug] [Thread-1  ]: Using postgres connection "model.shopify_assessment.stg_customers"
[0m14:38:31.740784 [debug] [Thread-2  ]: Using postgres connection "model.shopify_assessment.stg_orders"
[0m14:38:31.745783 [debug] [Thread-3  ]: Using postgres connection "model.shopify_assessment.stg_products"
[0m14:38:31.745783 [debug] [Thread-1  ]: On model.shopify_assessment.stg_customers: /* {"app": "dbt", "dbt_version": "1.10.20", "profile_name": "shopify_assessment", "target_name": "staging", "node_id": "model.shopify_assessment.stg_customers"} */
alter table "airbyte_db"."staging_staging"."stg_customers__dbt_tmp" rename to "stg_customers"
[0m14:38:31.746784 [debug] [Thread-2  ]: On model.shopify_assessment.stg_orders: /* {"app": "dbt", "dbt_version": "1.10.20", "profile_name": "shopify_assessment", "target_name": "staging", "node_id": "model.shopify_assessment.stg_orders"} */
alter table "airbyte_db"."staging_staging"."stg_orders__dbt_tmp" rename to "stg_orders"
[0m14:38:31.747786 [debug] [Thread-3  ]: On model.shopify_assessment.stg_products: /* {"app": "dbt", "dbt_version": "1.10.20", "profile_name": "shopify_assessment", "target_name": "staging", "node_id": "model.shopify_assessment.stg_products"} */
alter table "airbyte_db"."staging_staging"."stg_products__dbt_tmp" rename to "stg_products"
[0m14:38:31.749789 [debug] [Thread-1  ]: SQL status: ALTER TABLE in 0.001 seconds
[0m14:38:31.750785 [debug] [Thread-3  ]: SQL status: ALTER TABLE in 0.001 seconds
[0m14:38:31.750785 [debug] [Thread-2  ]: SQL status: ALTER TABLE in 0.002 seconds
[0m14:38:31.770783 [debug] [Thread-1  ]: On model.shopify_assessment.stg_customers: COMMIT
[0m14:38:31.773784 [debug] [Thread-3  ]: On model.shopify_assessment.stg_products: COMMIT
[0m14:38:31.775787 [debug] [Thread-2  ]: On model.shopify_assessment.stg_orders: COMMIT
[0m14:38:31.776784 [debug] [Thread-1  ]: Using postgres connection "model.shopify_assessment.stg_customers"
[0m14:38:31.777784 [debug] [Thread-3  ]: Using postgres connection "model.shopify_assessment.stg_products"
[0m14:38:31.778785 [debug] [Thread-2  ]: Using postgres connection "model.shopify_assessment.stg_orders"
[0m14:38:31.778785 [debug] [Thread-1  ]: On model.shopify_assessment.stg_customers: COMMIT
[0m14:38:31.779784 [debug] [Thread-3  ]: On model.shopify_assessment.stg_products: COMMIT
[0m14:38:31.780783 [debug] [Thread-2  ]: On model.shopify_assessment.stg_orders: COMMIT
[0m14:38:31.787782 [debug] [Thread-1  ]: SQL status: COMMIT in 0.007 seconds
[0m14:38:31.796784 [debug] [Thread-1  ]: Applying DROP to: "airbyte_db"."staging_staging"."stg_customers__dbt_backup"
[0m14:38:31.797785 [debug] [Thread-3  ]: SQL status: COMMIT in 0.016 seconds
[0m14:38:31.797785 [debug] [Thread-2  ]: SQL status: COMMIT in 0.016 seconds
[0m14:38:31.803784 [debug] [Thread-1  ]: Using postgres connection "model.shopify_assessment.stg_customers"
[0m14:38:31.807818 [debug] [Thread-3  ]: Applying DROP to: "airbyte_db"."staging_staging"."stg_products__dbt_backup"
[0m14:38:31.811787 [debug] [Thread-2  ]: Applying DROP to: "airbyte_db"."staging_staging"."stg_orders__dbt_backup"
[0m14:38:31.812784 [debug] [Thread-1  ]: On model.shopify_assessment.stg_customers: /* {"app": "dbt", "dbt_version": "1.10.20", "profile_name": "shopify_assessment", "target_name": "staging", "node_id": "model.shopify_assessment.stg_customers"} */
drop view if exists "airbyte_db"."staging_staging"."stg_customers__dbt_backup" cascade
[0m14:38:31.813789 [debug] [Thread-3  ]: Using postgres connection "model.shopify_assessment.stg_products"
[0m14:38:31.814786 [debug] [Thread-2  ]: Using postgres connection "model.shopify_assessment.stg_orders"
[0m14:38:31.815783 [debug] [Thread-3  ]: On model.shopify_assessment.stg_products: /* {"app": "dbt", "dbt_version": "1.10.20", "profile_name": "shopify_assessment", "target_name": "staging", "node_id": "model.shopify_assessment.stg_products"} */
drop view if exists "airbyte_db"."staging_staging"."stg_products__dbt_backup" cascade
[0m14:38:31.816788 [debug] [Thread-2  ]: On model.shopify_assessment.stg_orders: /* {"app": "dbt", "dbt_version": "1.10.20", "profile_name": "shopify_assessment", "target_name": "staging", "node_id": "model.shopify_assessment.stg_orders"} */
drop view if exists "airbyte_db"."staging_staging"."stg_orders__dbt_backup" cascade
[0m14:38:31.820788 [debug] [Thread-1  ]: SQL status: DROP VIEW in 0.005 seconds
[0m14:38:31.824785 [debug] [Thread-1  ]: On model.shopify_assessment.stg_customers: Close
[0m14:38:31.825786 [debug] [Thread-2  ]: SQL status: DROP VIEW in 0.007 seconds
[0m14:38:31.825786 [debug] [Thread-3  ]: SQL status: DROP VIEW in 0.008 seconds
[0m14:38:31.831784 [debug] [Thread-2  ]: On model.shopify_assessment.stg_orders: Close
[0m14:38:31.832788 [debug] [Thread-1  ]: Sending event: {'category': 'dbt', 'action': 'run_model', 'label': 'a373dd7e-48ad-41c3-b1d8-ea3b4527fb1e', 'context': [<snowplow_tracker.self_describing_json.SelfDescribingJson object at 0x000001C1D3BD1FA0>]}
[0m14:38:31.834783 [debug] [Thread-3  ]: On model.shopify_assessment.stg_products: Close
[0m14:38:31.836791 [debug] [Thread-2  ]: Sending event: {'category': 'dbt', 'action': 'run_model', 'label': 'a373dd7e-48ad-41c3-b1d8-ea3b4527fb1e', 'context': [<snowplow_tracker.self_describing_json.SelfDescribingJson object at 0x000001C1D3BD19D0>]}
[0m14:38:31.837792 [info ] [Thread-1  ]: 1 of 7 OK created sql view model staging_staging.stg_customers ................. [[32mCREATE VIEW[0m in 0.25s]
[0m14:38:31.840787 [debug] [Thread-3  ]: Sending event: {'category': 'dbt', 'action': 'run_model', 'label': 'a373dd7e-48ad-41c3-b1d8-ea3b4527fb1e', 'context': [<snowplow_tracker.self_describing_json.SelfDescribingJson object at 0x000001C1D3AAB6D0>]}
[0m14:38:31.843999 [info ] [Thread-2  ]: 2 of 7 OK created sql view model staging_staging.stg_orders .................... [[32mCREATE VIEW[0m in 0.26s]
[0m14:38:31.844997 [debug] [Thread-1  ]: Finished running node model.shopify_assessment.stg_customers
[0m14:38:31.847004 [info ] [Thread-3  ]: 3 of 7 OK created sql view model staging_staging.stg_products .................. [[32mCREATE VIEW[0m in 0.26s]
[0m14:38:31.848996 [debug] [Thread-2  ]: Finished running node model.shopify_assessment.stg_orders
[0m14:38:31.849994 [debug] [Thread-3  ]: Finished running node model.shopify_assessment.stg_products
[0m14:38:31.851033 [debug] [Thread-4  ]: Began running node model.shopify_assessment.stg_order_line_items
[0m14:38:31.852038 [debug] [Thread-2  ]: Began running node model.shopify_assessment.stg_product_variants
[0m14:38:31.852996 [info ] [Thread-4  ]: 4 of 7 START sql view model staging_staging.stg_order_line_items ............... [RUN]
[0m14:38:31.853999 [info ] [Thread-2  ]: 5 of 7 START sql view model staging_staging.stg_product_variants ............... [RUN]
[0m14:38:31.856684 [debug] [Thread-4  ]: Acquiring new postgres connection 'model.shopify_assessment.stg_order_line_items'
[0m14:38:31.858684 [debug] [Thread-2  ]: Re-using an available connection from the pool (formerly model.shopify_assessment.stg_orders, now model.shopify_assessment.stg_product_variants)
[0m14:38:31.859680 [debug] [Thread-4  ]: Began compiling node model.shopify_assessment.stg_order_line_items
[0m14:38:31.859680 [debug] [Thread-2  ]: Began compiling node model.shopify_assessment.stg_product_variants
[0m14:38:31.863679 [debug] [Thread-4  ]: Writing injected SQL for node "model.shopify_assessment.stg_order_line_items"
[0m14:38:31.868682 [debug] [Thread-2  ]: Writing injected SQL for node "model.shopify_assessment.stg_product_variants"
[0m14:38:31.870683 [debug] [Thread-4  ]: Began executing node model.shopify_assessment.stg_order_line_items
[0m14:38:31.871683 [debug] [Thread-2  ]: Began executing node model.shopify_assessment.stg_product_variants
[0m14:38:31.878682 [debug] [Thread-4  ]: Writing runtime sql for node "model.shopify_assessment.stg_order_line_items"
[0m14:38:31.883713 [debug] [Thread-2  ]: Writing runtime sql for node "model.shopify_assessment.stg_product_variants"
[0m14:38:31.885680 [debug] [Thread-4  ]: Using postgres connection "model.shopify_assessment.stg_order_line_items"
[0m14:38:31.886683 [debug] [Thread-2  ]: Using postgres connection "model.shopify_assessment.stg_product_variants"
[0m14:38:31.887681 [debug] [Thread-4  ]: On model.shopify_assessment.stg_order_line_items: BEGIN
[0m14:38:31.887681 [debug] [Thread-2  ]: On model.shopify_assessment.stg_product_variants: BEGIN
[0m14:38:31.889684 [debug] [Thread-4  ]: Opening a new connection, currently in state init
[0m14:38:31.890681 [debug] [Thread-2  ]: Opening a new connection, currently in state closed
[0m14:38:31.913685 [debug] [Thread-4  ]: SQL status: BEGIN in 0.024 seconds
[0m14:38:31.913685 [debug] [Thread-2  ]: SQL status: BEGIN in 0.024 seconds
[0m14:38:31.914679 [debug] [Thread-4  ]: Using postgres connection "model.shopify_assessment.stg_order_line_items"
[0m14:38:31.915679 [debug] [Thread-2  ]: Using postgres connection "model.shopify_assessment.stg_product_variants"
[0m14:38:31.916683 [debug] [Thread-4  ]: On model.shopify_assessment.stg_order_line_items: /* {"app": "dbt", "dbt_version": "1.10.20", "profile_name": "shopify_assessment", "target_name": "staging", "node_id": "model.shopify_assessment.stg_order_line_items"} */

  create view "airbyte_db"."staging_staging"."stg_order_line_items__dbt_tmp"
    
    
  as (
    select
    o.order_id,
    li.value ->> 'ID' as line_item_id,
    li.value ->> 'PRODUCT_ID' as product_id,
    li.value ->> 'VARIANT_ID' as variant_id,
    li.value ->> 'SKU' as sku,
    li.value ->> 'TITLE' as product_title,
    li.value ->> 'VENDOR' as vendor,
    nullif(trim(li.value ->> 'QUANTITY'), '')::integer as quantity,
    nullif(trim(li.value ->> 'PRICE'), '')::numeric as price
from "airbyte_db"."staging_staging"."stg_orders" o
cross join lateral jsonb_array_elements(o.line_items) as li(value)
  );
[0m14:38:31.917684 [debug] [Thread-2  ]: On model.shopify_assessment.stg_product_variants: /* {"app": "dbt", "dbt_version": "1.10.20", "profile_name": "shopify_assessment", "target_name": "staging", "node_id": "model.shopify_assessment.stg_product_variants"} */

  create view "airbyte_db"."staging_staging"."stg_product_variants__dbt_tmp"
    
    
  as (
    select
    p.product_id,
    nullif(trim(v.value ->> 'ID'), '') as variant_id,
    nullif(trim(v.value ->> 'SKU'), '') as sku,
    nullif(trim(v.value ->> 'TITLE'), '') as variant_title,
    nullif(trim(v.value ->> 'OPTION1'), '') as option1,
    nullif(trim(v.value ->> 'OPTION2'), '') as option2,
    nullif(trim(v.value ->> 'PRICE'), '')::numeric as price,
    nullif(trim(v.value ->> 'INVENTORY_QUANTITY'), '')::integer as inventory_quantity,
    to_timestamp(nullif(trim(v.value ->> 'CREATED_AT'), '')::numeric) as created_at,
    to_timestamp(nullif(trim(v.value ->> 'UPDATED_AT'), '')::numeric) as updated_at
from "airbyte_db"."staging_staging"."stg_products" p
cross join lateral jsonb_array_elements(p.variants) as v(value)
  );
[0m14:38:31.922680 [debug] [Thread-2  ]: SQL status: CREATE VIEW in 0.004 seconds
[0m14:38:31.923684 [debug] [Thread-4  ]: SQL status: CREATE VIEW in 0.005 seconds
[0m14:38:31.927682 [debug] [Thread-2  ]: Using postgres connection "model.shopify_assessment.stg_product_variants"
[0m14:38:31.931716 [debug] [Thread-4  ]: Using postgres connection "model.shopify_assessment.stg_order_line_items"
[0m14:38:31.932683 [debug] [Thread-2  ]: On model.shopify_assessment.stg_product_variants: /* {"app": "dbt", "dbt_version": "1.10.20", "profile_name": "shopify_assessment", "target_name": "staging", "node_id": "model.shopify_assessment.stg_product_variants"} */
alter table "airbyte_db"."staging_staging"."stg_product_variants__dbt_tmp" rename to "stg_product_variants"
[0m14:38:31.932683 [debug] [Thread-4  ]: On model.shopify_assessment.stg_order_line_items: /* {"app": "dbt", "dbt_version": "1.10.20", "profile_name": "shopify_assessment", "target_name": "staging", "node_id": "model.shopify_assessment.stg_order_line_items"} */
alter table "airbyte_db"."staging_staging"."stg_order_line_items__dbt_tmp" rename to "stg_order_line_items"
[0m14:38:31.935681 [debug] [Thread-2  ]: SQL status: ALTER TABLE in 0.001 seconds
[0m14:38:31.935681 [debug] [Thread-4  ]: SQL status: ALTER TABLE in 0.001 seconds
[0m14:38:31.937716 [debug] [Thread-2  ]: On model.shopify_assessment.stg_product_variants: COMMIT
[0m14:38:31.939682 [debug] [Thread-4  ]: On model.shopify_assessment.stg_order_line_items: COMMIT
[0m14:38:31.940714 [debug] [Thread-2  ]: Using postgres connection "model.shopify_assessment.stg_product_variants"
[0m14:38:31.941685 [debug] [Thread-4  ]: Using postgres connection "model.shopify_assessment.stg_order_line_items"
[0m14:38:31.942684 [debug] [Thread-2  ]: On model.shopify_assessment.stg_product_variants: COMMIT
[0m14:38:31.942684 [debug] [Thread-4  ]: On model.shopify_assessment.stg_order_line_items: COMMIT
[0m14:38:31.948682 [debug] [Thread-2  ]: SQL status: COMMIT in 0.005 seconds
[0m14:38:31.953685 [debug] [Thread-2  ]: Applying DROP to: "airbyte_db"."staging_staging"."stg_product_variants__dbt_backup"
[0m14:38:31.955690 [debug] [Thread-2  ]: Using postgres connection "model.shopify_assessment.stg_product_variants"
[0m14:38:31.956680 [debug] [Thread-4  ]: SQL status: COMMIT in 0.013 seconds
[0m14:38:31.956680 [debug] [Thread-2  ]: On model.shopify_assessment.stg_product_variants: /* {"app": "dbt", "dbt_version": "1.10.20", "profile_name": "shopify_assessment", "target_name": "staging", "node_id": "model.shopify_assessment.stg_product_variants"} */
drop view if exists "airbyte_db"."staging_staging"."stg_product_variants__dbt_backup" cascade
[0m14:38:31.961678 [debug] [Thread-4  ]: Applying DROP to: "airbyte_db"."staging_staging"."stg_order_line_items__dbt_backup"
[0m14:38:31.963680 [debug] [Thread-4  ]: Using postgres connection "model.shopify_assessment.stg_order_line_items"
[0m14:38:31.963680 [debug] [Thread-2  ]: SQL status: DROP VIEW in 0.002 seconds
[0m14:38:31.964679 [debug] [Thread-4  ]: On model.shopify_assessment.stg_order_line_items: /* {"app": "dbt", "dbt_version": "1.10.20", "profile_name": "shopify_assessment", "target_name": "staging", "node_id": "model.shopify_assessment.stg_order_line_items"} */
drop view if exists "airbyte_db"."staging_staging"."stg_order_line_items__dbt_backup" cascade
[0m14:38:31.966685 [debug] [Thread-2  ]: On model.shopify_assessment.stg_product_variants: Close
[0m14:38:31.968684 [debug] [Thread-2  ]: Sending event: {'category': 'dbt', 'action': 'run_model', 'label': 'a373dd7e-48ad-41c3-b1d8-ea3b4527fb1e', 'context': [<snowplow_tracker.self_describing_json.SelfDescribingJson object at 0x000001C1D4FF15B0>]}
[0m14:38:31.970681 [debug] [Thread-4  ]: SQL status: DROP VIEW in 0.003 seconds
[0m14:38:31.972682 [info ] [Thread-2  ]: 5 of 7 OK created sql view model staging_staging.stg_product_variants .......... [[32mCREATE VIEW[0m in 0.11s]
[0m14:38:31.976684 [debug] [Thread-4  ]: On model.shopify_assessment.stg_order_line_items: Close
[0m14:38:31.977684 [debug] [Thread-2  ]: Finished running node model.shopify_assessment.stg_product_variants
[0m14:38:31.979684 [debug] [Thread-4  ]: Sending event: {'category': 'dbt', 'action': 'run_model', 'label': 'a373dd7e-48ad-41c3-b1d8-ea3b4527fb1e', 'context': [<snowplow_tracker.self_describing_json.SelfDescribingJson object at 0x000001C1D509AE80>]}
[0m14:38:31.981684 [info ] [Thread-4  ]: 4 of 7 OK created sql view model staging_staging.stg_order_line_items .......... [[32mCREATE VIEW[0m in 0.12s]
[0m14:38:31.982680 [debug] [Thread-4  ]: Finished running node model.shopify_assessment.stg_order_line_items
[0m14:38:31.984680 [debug] [Thread-3  ]: Began running node model.shopify_assessment.int_order_line_agg
[0m14:38:31.984680 [info ] [Thread-3  ]: 6 of 7 START sql view model staging_staging.int_order_line_agg ................. [RUN]
[0m14:38:31.985680 [debug] [Thread-3  ]: Re-using an available connection from the pool (formerly model.shopify_assessment.stg_products, now model.shopify_assessment.int_order_line_agg)
[0m14:38:31.986679 [debug] [Thread-3  ]: Began compiling node model.shopify_assessment.int_order_line_agg
[0m14:38:31.991713 [debug] [Thread-3  ]: Writing injected SQL for node "model.shopify_assessment.int_order_line_agg"
[0m14:38:31.992683 [debug] [Thread-3  ]: Began executing node model.shopify_assessment.int_order_line_agg
[0m14:38:31.998715 [debug] [Thread-3  ]: Writing runtime sql for node "model.shopify_assessment.int_order_line_agg"
[0m14:38:32.000680 [debug] [Thread-3  ]: Using postgres connection "model.shopify_assessment.int_order_line_agg"
[0m14:38:32.000680 [debug] [Thread-3  ]: On model.shopify_assessment.int_order_line_agg: BEGIN
[0m14:38:32.001716 [debug] [Thread-3  ]: Opening a new connection, currently in state closed
[0m14:38:32.024682 [debug] [Thread-3  ]: SQL status: BEGIN in 0.023 seconds
[0m14:38:32.025680 [debug] [Thread-3  ]: Using postgres connection "model.shopify_assessment.int_order_line_agg"
[0m14:38:32.026679 [debug] [Thread-3  ]: On model.shopify_assessment.int_order_line_agg: /* {"app": "dbt", "dbt_version": "1.10.20", "profile_name": "shopify_assessment", "target_name": "staging", "node_id": "model.shopify_assessment.int_order_line_agg"} */

  create view "airbyte_db"."staging_staging"."int_order_line_agg__dbt_tmp"
    
    
  as (
    select
    order_id,
    count(*) as line_item_count,
    sum(quantity) as total_quantity,
    sum(quantity * price) as calculated_line_item_amount
from "airbyte_db"."staging_staging"."stg_order_line_items"
group by order_id
  );
[0m14:38:32.030679 [debug] [Thread-3  ]: SQL status: CREATE VIEW in 0.003 seconds
[0m14:38:32.034681 [debug] [Thread-3  ]: Using postgres connection "model.shopify_assessment.int_order_line_agg"
[0m14:38:32.035716 [debug] [Thread-3  ]: On model.shopify_assessment.int_order_line_agg: /* {"app": "dbt", "dbt_version": "1.10.20", "profile_name": "shopify_assessment", "target_name": "staging", "node_id": "model.shopify_assessment.int_order_line_agg"} */
alter table "airbyte_db"."staging_staging"."int_order_line_agg__dbt_tmp" rename to "int_order_line_agg"
[0m14:38:32.037679 [debug] [Thread-3  ]: SQL status: ALTER TABLE in 0.001 seconds
[0m14:38:32.039683 [debug] [Thread-3  ]: On model.shopify_assessment.int_order_line_agg: COMMIT
[0m14:38:32.040683 [debug] [Thread-3  ]: Using postgres connection "model.shopify_assessment.int_order_line_agg"
[0m14:38:32.041684 [debug] [Thread-3  ]: On model.shopify_assessment.int_order_line_agg: COMMIT
[0m14:38:32.048696 [debug] [Thread-3  ]: SQL status: COMMIT in 0.007 seconds
[0m14:38:32.052713 [debug] [Thread-3  ]: Applying DROP to: "airbyte_db"."staging_staging"."int_order_line_agg__dbt_backup"
[0m14:38:32.053681 [debug] [Thread-3  ]: Using postgres connection "model.shopify_assessment.int_order_line_agg"
[0m14:38:32.054680 [debug] [Thread-3  ]: On model.shopify_assessment.int_order_line_agg: /* {"app": "dbt", "dbt_version": "1.10.20", "profile_name": "shopify_assessment", "target_name": "staging", "node_id": "model.shopify_assessment.int_order_line_agg"} */
drop view if exists "airbyte_db"."staging_staging"."int_order_line_agg__dbt_backup" cascade
[0m14:38:32.055683 [debug] [Thread-3  ]: SQL status: DROP VIEW in 0.001 seconds
[0m14:38:32.058269 [debug] [Thread-3  ]: On model.shopify_assessment.int_order_line_agg: Close
[0m14:38:32.060282 [debug] [Thread-3  ]: Sending event: {'category': 'dbt', 'action': 'run_model', 'label': 'a373dd7e-48ad-41c3-b1d8-ea3b4527fb1e', 'context': [<snowplow_tracker.self_describing_json.SelfDescribingJson object at 0x000001C1D3AAB6D0>]}
[0m14:38:32.061278 [info ] [Thread-3  ]: 6 of 7 OK created sql view model staging_staging.int_order_line_agg ............ [[32mCREATE VIEW[0m in 0.07s]
[0m14:38:32.064277 [debug] [Thread-3  ]: Finished running node model.shopify_assessment.int_order_line_agg
[0m14:38:32.066288 [debug] [Thread-2  ]: Began running node model.shopify_assessment.fct_order_summary
[0m14:38:32.067276 [info ] [Thread-2  ]: 7 of 7 START sql table model staging_marts.fct_order_summary ................... [RUN]
[0m14:38:32.069279 [debug] [Thread-2  ]: Re-using an available connection from the pool (formerly model.shopify_assessment.stg_product_variants, now model.shopify_assessment.fct_order_summary)
[0m14:38:32.070277 [debug] [Thread-2  ]: Began compiling node model.shopify_assessment.fct_order_summary
[0m14:38:32.077280 [debug] [Thread-2  ]: Writing injected SQL for node "model.shopify_assessment.fct_order_summary"
[0m14:38:32.078282 [debug] [Thread-2  ]: Began executing node model.shopify_assessment.fct_order_summary
[0m14:38:32.109280 [debug] [Thread-2  ]: Writing runtime sql for node "model.shopify_assessment.fct_order_summary"
[0m14:38:32.110281 [debug] [Thread-2  ]: Using postgres connection "model.shopify_assessment.fct_order_summary"
[0m14:38:32.111282 [debug] [Thread-2  ]: On model.shopify_assessment.fct_order_summary: BEGIN
[0m14:38:32.112283 [debug] [Thread-2  ]: Opening a new connection, currently in state closed
[0m14:38:32.129276 [debug] [Thread-2  ]: SQL status: BEGIN in 0.017 seconds
[0m14:38:32.130278 [debug] [Thread-2  ]: Using postgres connection "model.shopify_assessment.fct_order_summary"
[0m14:38:32.130278 [debug] [Thread-2  ]: On model.shopify_assessment.fct_order_summary: /* {"app": "dbt", "dbt_version": "1.10.20", "profile_name": "shopify_assessment", "target_name": "staging", "node_id": "model.shopify_assessment.fct_order_summary"} */

  
    

  create  table "airbyte_db"."staging_marts"."fct_order_summary__dbt_tmp"
  
  
    as
  
  (
    select
    o.order_id,
    o.order_name,
    o.customer_id,
    c.admin_graphql_api_id as customer_graphql_api_id,
    o.created_at as order_created_at,
    o.email as order_email,
    o.currency,
    o.financial_status,
    o.fulfillment_status,
    o.total_price,
    o.subtotal_price,
    o.total_tax,
    o.total_discounts,
    coalesce(l.line_item_count, 0) as line_item_count,
    coalesce(l.total_quantity, 0) as total_quantity,
    coalesce(l.calculated_line_item_amount, 0) as calculated_line_item_amount,
    o.portable_extracted_at,
    o._airbyte_extracted_at
from "airbyte_db"."staging_staging"."stg_orders" o
left join "airbyte_db"."staging_staging"."stg_customers" c
    on o.customer_id = c.customer_id
left join "airbyte_db"."staging_staging"."int_order_line_agg" l
    on o.order_id = l.order_id
  );
  
[0m14:38:32.175310 [debug] [Thread-2  ]: SQL status: SELECT 1000 in 0.044 seconds
[0m14:38:32.184276 [debug] [Thread-2  ]: Using postgres connection "model.shopify_assessment.fct_order_summary"
[0m14:38:32.184276 [debug] [Thread-2  ]: On model.shopify_assessment.fct_order_summary: /* {"app": "dbt", "dbt_version": "1.10.20", "profile_name": "shopify_assessment", "target_name": "staging", "node_id": "model.shopify_assessment.fct_order_summary"} */
alter table "airbyte_db"."staging_marts"."fct_order_summary" rename to "fct_order_summary__dbt_backup"
[0m14:38:32.186993 [debug] [Thread-2  ]: SQL status: ALTER TABLE in 0.001 seconds
[0m14:38:32.190990 [debug] [Thread-2  ]: Using postgres connection "model.shopify_assessment.fct_order_summary"
[0m14:38:32.191990 [debug] [Thread-2  ]: On model.shopify_assessment.fct_order_summary: /* {"app": "dbt", "dbt_version": "1.10.20", "profile_name": "shopify_assessment", "target_name": "staging", "node_id": "model.shopify_assessment.fct_order_summary"} */
alter table "airbyte_db"."staging_marts"."fct_order_summary__dbt_tmp" rename to "fct_order_summary"
[0m14:38:32.193887 [debug] [Thread-2  ]: SQL status: ALTER TABLE in 0.001 seconds
[0m14:38:32.195888 [debug] [Thread-2  ]: On model.shopify_assessment.fct_order_summary: COMMIT
[0m14:38:32.196887 [debug] [Thread-2  ]: Using postgres connection "model.shopify_assessment.fct_order_summary"
[0m14:38:32.196887 [debug] [Thread-2  ]: On model.shopify_assessment.fct_order_summary: COMMIT
[0m14:38:32.205886 [debug] [Thread-2  ]: SQL status: COMMIT in 0.008 seconds
[0m14:38:32.210887 [debug] [Thread-2  ]: Applying DROP to: "airbyte_db"."staging_marts"."fct_order_summary__dbt_backup"
[0m14:38:32.214887 [debug] [Thread-2  ]: Using postgres connection "model.shopify_assessment.fct_order_summary"
[0m14:38:32.215885 [debug] [Thread-2  ]: On model.shopify_assessment.fct_order_summary: /* {"app": "dbt", "dbt_version": "1.10.20", "profile_name": "shopify_assessment", "target_name": "staging", "node_id": "model.shopify_assessment.fct_order_summary"} */
drop table if exists "airbyte_db"."staging_marts"."fct_order_summary__dbt_backup" cascade
[0m14:38:32.222499 [debug] [Thread-2  ]: SQL status: DROP TABLE in 0.006 seconds
[0m14:38:32.224522 [debug] [Thread-2  ]: On model.shopify_assessment.fct_order_summary: Close
[0m14:38:32.226496 [debug] [Thread-2  ]: Sending event: {'category': 'dbt', 'action': 'run_model', 'label': 'a373dd7e-48ad-41c3-b1d8-ea3b4527fb1e', 'context': [<snowplow_tracker.self_describing_json.SelfDescribingJson object at 0x000001C1D4FF15B0>]}
[0m14:38:32.228496 [info ] [Thread-2  ]: 7 of 7 OK created sql table model staging_marts.fct_order_summary .............. [[32mSELECT 1000[0m in 0.16s]
[0m14:38:32.231490 [debug] [Thread-2  ]: Finished running node model.shopify_assessment.fct_order_summary
[0m14:38:32.234491 [debug] [MainThread]: Using postgres connection "master"
[0m14:38:32.235491 [debug] [MainThread]: On master: BEGIN
[0m14:38:32.236493 [debug] [MainThread]: Opening a new connection, currently in state closed
[0m14:38:32.254887 [debug] [MainThread]: SQL status: BEGIN in 0.018 seconds
[0m14:38:32.256884 [debug] [MainThread]: On master: COMMIT
[0m14:38:32.256884 [debug] [MainThread]: Using postgres connection "master"
[0m14:38:32.257885 [debug] [MainThread]: On master: COMMIT
[0m14:38:32.258888 [debug] [MainThread]: SQL status: COMMIT in 0.001 seconds
[0m14:38:32.259883 [debug] [MainThread]: On master: Close
[0m14:38:32.260921 [debug] [MainThread]: Connection 'master' was properly closed.
[0m14:38:32.263048 [debug] [MainThread]: Connection 'list_airbyte_db' was properly closed.
[0m14:38:32.264060 [debug] [MainThread]: Connection 'list_airbyte_db' was properly closed.
[0m14:38:32.265068 [debug] [MainThread]: Connection 'list_airbyte_db_staging_marts' was properly closed.
[0m14:38:32.266058 [debug] [MainThread]: Connection 'list_airbyte_db_staging_staging' was properly closed.
[0m14:38:32.266058 [debug] [MainThread]: Connection 'model.shopify_assessment.stg_customers' was properly closed.
[0m14:38:32.267058 [debug] [MainThread]: Connection 'model.shopify_assessment.fct_order_summary' was properly closed.
[0m14:38:32.267058 [debug] [MainThread]: Connection 'model.shopify_assessment.int_order_line_agg' was properly closed.
[0m14:38:32.268058 [debug] [MainThread]: Connection 'model.shopify_assessment.stg_order_line_items' was properly closed.
[0m14:38:32.269060 [info ] [MainThread]: 
[0m14:38:32.270070 [info ] [MainThread]: Finished running 1 table model, 6 view models in 0 hours 0 minutes and 0.98 seconds (0.98s).
[0m14:38:32.274069 [debug] [MainThread]: Command end result
[0m14:38:32.308112 [debug] [MainThread]: Wrote artifact WritableManifest to C:\Users\Owner\data-engineering-assessment\dbt_shopify\target\manifest.json
[0m14:38:32.312091 [debug] [MainThread]: Wrote artifact SemanticManifest to C:\Users\Owner\data-engineering-assessment\dbt_shopify\target\semantic_manifest.json
[0m14:38:32.320091 [debug] [MainThread]: Wrote artifact RunExecutionResult to C:\Users\Owner\data-engineering-assessment\dbt_shopify\target\run_results.json
[0m14:38:32.321056 [info ] [MainThread]: 
[0m14:38:32.322058 [info ] [MainThread]: [32mCompleted successfully[0m
[0m14:38:32.325059 [info ] [MainThread]: 
[0m14:38:32.326065 [info ] [MainThread]: Done. PASS=7 WARN=0 ERROR=0 SKIP=0 NO-OP=0 TOTAL=7
[0m14:38:32.328058 [warn ] [MainThread]: [[33mWARNING[0m][DeprecationsSummary]: Deprecated functionality
Summary of encountered deprecations:
- MissingArgumentsPropertyInGenericTestDeprecation: 1 occurrence
[0m14:38:32.330092 [debug] [MainThread]: Command `dbt run` succeeded at 14:38:32.330092 after 4.20 seconds
[0m14:38:32.330092 [debug] [MainThread]: Sending event: {'category': 'dbt', 'action': 'invocation', 'label': 'end', 'context': [<snowplow_tracker.self_describing_json.SelfDescribingJson object at 0x000001C1D1E60550>, <snowplow_tracker.self_describing_json.SelfDescribingJson object at 0x000001C1D223A1F0>, <snowplow_tracker.self_describing_json.SelfDescribingJson object at 0x000001C1D43FDFD0>]}
[0m14:38:32.331058 [debug] [MainThread]: Flushing usage events
[0m14:38:32.837644 [debug] [MainThread]: An error was encountered while trying to flush usage events
[0m14:44:39.769315 [debug] [MainThread]: Sending event: {'category': 'dbt', 'action': 'invocation', 'label': 'start', 'context': [<snowplow_tracker.self_describing_json.SelfDescribingJson object at 0x000001E00C2E04F0>, <snowplow_tracker.self_describing_json.SelfDescribingJson object at 0x000001E00DC83460>, <snowplow_tracker.self_describing_json.SelfDescribingJson object at 0x000001E00DC831F0>]}


============================== 14:44:39.773352 | c17ab0f5-6b28-4846-a2bd-441001967fa0 ==============================
[0m14:44:39.773352 [info ] [MainThread]: Running with dbt=1.10.20
[0m14:44:39.774350 [debug] [MainThread]: running dbt with arguments {'debug': 'False', 'fail_fast': 'False', 'log_cache_events': 'False', 'send_anonymous_usage_stats': 'True', 'warn_error_options': 'WarnErrorOptionsV2(error=[], warn=[], silence=[])', 'cache_selected_only': 'False', 'invocation_command': 'dbt run --target staging --show-all-deprecations --no-partial-parse', 'no_print': 'None', 'version_check': 'True', 'empty': 'False', 'printer_width': '80', 'quiet': 'False', 'introspect': 'True', 'partial_parse': 'False', 'warn_error': 'None', 'write_json': 'True', 'log_path': 'C:\\Users\\Owner\\data-engineering-assessment\\dbt_shopify\\logs', 'target_path': 'None', 'log_format': 'default', 'static_parser': 'True', 'profiles_dir': 'C:\\Users\\Owner\\.dbt', 'use_experimental_parser': 'False', 'use_colors': 'True', 'indirect_selection': 'eager'}
[0m14:44:40.041244 [debug] [MainThread]: Sending event: {'category': 'dbt', 'action': 'project_id', 'label': 'c17ab0f5-6b28-4846-a2bd-441001967fa0', 'context': [<snowplow_tracker.self_describing_json.SelfDescribingJson object at 0x000001E00DD73F70>]}
[0m14:44:40.126247 [debug] [MainThread]: Sending event: {'category': 'dbt', 'action': 'adapter_info', 'label': 'c17ab0f5-6b28-4846-a2bd-441001967fa0', 'context': [<snowplow_tracker.self_describing_json.SelfDescribingJson object at 0x000001E00DD73C40>]}
[0m14:44:40.128245 [info ] [MainThread]: Registered adapter: postgres=1.9.1
[0m14:44:40.531774 [debug] [MainThread]: checksum: a59e7b2b447fd8a57b2be28e7355e6b39fd61763d8c6e0ea8982126488badb66, vars: {}, profile: , target: staging, version: 1.10.20
[0m14:44:40.532775 [debug] [MainThread]: Partial parsing not enabled
[0m14:44:42.468134 [debug] [MainThread]: Sending event: {'category': 'dbt', 'action': 'load_project', 'label': 'c17ab0f5-6b28-4846-a2bd-441001967fa0', 'context': [<snowplow_tracker.self_describing_json.SelfDescribingJson object at 0x000001E00EF2A130>]}
[0m14:44:42.655553 [debug] [MainThread]: Wrote artifact WritableManifest to C:\Users\Owner\data-engineering-assessment\dbt_shopify\target\manifest.json
[0m14:44:42.660589 [debug] [MainThread]: Wrote artifact SemanticManifest to C:\Users\Owner\data-engineering-assessment\dbt_shopify\target\semantic_manifest.json
[0m14:44:42.692224 [debug] [MainThread]: Sending event: {'category': 'dbt', 'action': 'resource_counts', 'label': 'c17ab0f5-6b28-4846-a2bd-441001967fa0', 'context': [<snowplow_tracker.self_describing_json.SelfDescribingJson object at 0x000001E00EB24EE0>]}
[0m14:44:42.693741 [info ] [MainThread]: Found 7 models, 20 data tests, 3 sources, 447 macros
[0m14:44:42.695365 [debug] [MainThread]: Sending event: {'category': 'dbt', 'action': 'runnable_timing', 'label': 'c17ab0f5-6b28-4846-a2bd-441001967fa0', 'context': [<snowplow_tracker.self_describing_json.SelfDescribingJson object at 0x000001E00EEA89D0>]}
[0m14:44:42.699599 [info ] [MainThread]: 
[0m14:44:42.700600 [info ] [MainThread]: Concurrency: 4 threads (target='staging')
[0m14:44:42.701601 [info ] [MainThread]: 
[0m14:44:42.703600 [debug] [MainThread]: Acquiring new postgres connection 'master'
[0m14:44:42.711634 [debug] [ThreadPool]: Acquiring new postgres connection 'list_airbyte_db'
[0m14:44:42.712599 [debug] [ThreadPool]: Acquiring new postgres connection 'list_airbyte_db'
[0m14:44:42.810832 [debug] [ThreadPool]: Using postgres connection "list_airbyte_db"
[0m14:44:42.811841 [debug] [ThreadPool]: Using postgres connection "list_airbyte_db"
[0m14:44:42.811841 [debug] [ThreadPool]: On list_airbyte_db: /* {"app": "dbt", "dbt_version": "1.10.20", "profile_name": "shopify_assessment", "target_name": "staging", "connection_name": "list_airbyte_db"} */

    select distinct nspname from pg_namespace
  
[0m14:44:42.812841 [debug] [ThreadPool]: On list_airbyte_db: /* {"app": "dbt", "dbt_version": "1.10.20", "profile_name": "shopify_assessment", "target_name": "staging", "connection_name": "list_airbyte_db"} */

    select distinct nspname from pg_namespace
  
[0m14:44:42.813841 [debug] [ThreadPool]: Opening a new connection, currently in state init
[0m14:44:42.813841 [debug] [ThreadPool]: Opening a new connection, currently in state init
[0m14:44:42.848845 [debug] [ThreadPool]: SQL status: SELECT 9 in 0.035 seconds
[0m14:44:42.848845 [debug] [ThreadPool]: SQL status: SELECT 9 in 0.035 seconds
[0m14:44:42.850878 [debug] [ThreadPool]: On list_airbyte_db: Close
[0m14:44:42.852841 [debug] [ThreadPool]: On list_airbyte_db: Close
[0m14:44:42.861842 [debug] [ThreadPool]: Acquiring new postgres connection 'list_airbyte_db_staging_marts'
[0m14:44:42.863843 [debug] [ThreadPool]: Acquiring new postgres connection 'list_airbyte_db_staging_staging'
[0m14:44:42.870840 [debug] [ThreadPool]: Using postgres connection "list_airbyte_db_staging_marts"
[0m14:44:42.875847 [debug] [ThreadPool]: Using postgres connection "list_airbyte_db_staging_staging"
[0m14:44:42.875847 [debug] [ThreadPool]: On list_airbyte_db_staging_marts: BEGIN
[0m14:44:42.876841 [debug] [ThreadPool]: On list_airbyte_db_staging_staging: BEGIN
[0m14:44:42.877843 [debug] [ThreadPool]: Opening a new connection, currently in state init
[0m14:44:42.877843 [debug] [ThreadPool]: Opening a new connection, currently in state init
[0m14:44:42.901842 [debug] [ThreadPool]: SQL status: BEGIN in 0.024 seconds
[0m14:44:42.902841 [debug] [ThreadPool]: SQL status: BEGIN in 0.024 seconds
[0m14:44:42.902841 [debug] [ThreadPool]: Using postgres connection "list_airbyte_db_staging_marts"
[0m14:44:42.903841 [debug] [ThreadPool]: Using postgres connection "list_airbyte_db_staging_staging"
[0m14:44:42.904842 [debug] [ThreadPool]: On list_airbyte_db_staging_marts: /* {"app": "dbt", "dbt_version": "1.10.20", "profile_name": "shopify_assessment", "target_name": "staging", "connection_name": "list_airbyte_db_staging_marts"} */
select
      'airbyte_db' as database,
      tablename as name,
      schemaname as schema,
      'table' as type
    from pg_tables
    where schemaname ilike 'staging_marts'
    union all
    select
      'airbyte_db' as database,
      viewname as name,
      schemaname as schema,
      'view' as type
    from pg_views
    where schemaname ilike 'staging_marts'
    union all
    select
      'airbyte_db' as database,
      matviewname as name,
      schemaname as schema,
      'materialized_view' as type
    from pg_matviews
    where schemaname ilike 'staging_marts'
  
[0m14:44:42.905844 [debug] [ThreadPool]: On list_airbyte_db_staging_staging: /* {"app": "dbt", "dbt_version": "1.10.20", "profile_name": "shopify_assessment", "target_name": "staging", "connection_name": "list_airbyte_db_staging_staging"} */
select
      'airbyte_db' as database,
      tablename as name,
      schemaname as schema,
      'table' as type
    from pg_tables
    where schemaname ilike 'staging_staging'
    union all
    select
      'airbyte_db' as database,
      viewname as name,
      schemaname as schema,
      'view' as type
    from pg_views
    where schemaname ilike 'staging_staging'
    union all
    select
      'airbyte_db' as database,
      matviewname as name,
      schemaname as schema,
      'materialized_view' as type
    from pg_matviews
    where schemaname ilike 'staging_staging'
  
[0m14:44:42.911841 [debug] [ThreadPool]: SQL status: SELECT 1 in 0.005 seconds
[0m14:44:42.911841 [debug] [ThreadPool]: SQL status: SELECT 6 in 0.005 seconds
[0m14:44:42.913843 [debug] [ThreadPool]: On list_airbyte_db_staging_marts: ROLLBACK
[0m14:44:42.915841 [debug] [ThreadPool]: On list_airbyte_db_staging_staging: ROLLBACK
[0m14:44:42.917845 [debug] [ThreadPool]: On list_airbyte_db_staging_marts: Close
[0m14:44:42.918842 [debug] [ThreadPool]: On list_airbyte_db_staging_staging: Close
[0m14:44:42.934842 [debug] [MainThread]: Using postgres connection "master"
[0m14:44:42.934842 [debug] [MainThread]: On master: BEGIN
[0m14:44:42.935843 [debug] [MainThread]: Opening a new connection, currently in state init
[0m14:44:42.966845 [debug] [MainThread]: SQL status: BEGIN in 0.030 seconds
[0m14:44:42.967898 [debug] [MainThread]: Using postgres connection "master"
[0m14:44:42.968407 [debug] [MainThread]: On master: /* {"app": "dbt", "dbt_version": "1.10.20", "profile_name": "shopify_assessment", "target_name": "staging", "connection_name": "master"} */
select distinct
        dependent_namespace.nspname as dependent_schema,
        dependent_class.relname as dependent_name,
        referenced_namespace.nspname as referenced_schema,
        referenced_class.relname as referenced_name

    -- Query for views: views are entries in pg_class with an entry in pg_rewrite, but we avoid
    -- a seq scan on pg_rewrite by leveraging the fact there is an "internal" row in pg_depend for
    -- the view...
    from pg_class as dependent_class
    join pg_namespace as dependent_namespace on dependent_namespace.oid = dependent_class.relnamespace
    join pg_depend as dependent_depend on dependent_depend.refobjid = dependent_class.oid
        and dependent_depend.classid = 'pg_rewrite'::regclass
        and dependent_depend.refclassid = 'pg_class'::regclass
        and dependent_depend.deptype = 'i'

    -- ... and via pg_depend (that has a row per column, hence the need for "distinct" above, and
    -- making sure to exclude the internal row to avoid a view appearing to depend on itself)...
    join pg_depend as joining_depend on joining_depend.objid = dependent_depend.objid
        and joining_depend.classid = 'pg_rewrite'::regclass
        and joining_depend.refclassid = 'pg_class'::regclass
        and joining_depend.refobjid != dependent_depend.refobjid

    -- ... we can find the tables they query from in pg_class, but excluding system tables. Note we
    -- don't need need to exclude _dependent_ system tables, because they only query from other
    -- system tables, and so are automatically excluded by excluding _referenced_ system tables
    join pg_class as referenced_class on referenced_class.oid = joining_depend.refobjid
    join pg_namespace as referenced_namespace on referenced_namespace.oid = referenced_class.relnamespace
        and referenced_namespace.nspname != 'information_schema'
        and referenced_namespace.nspname not like 'pg\_%'

    order by
        dependent_schema, dependent_name, referenced_schema, referenced_name;
[0m14:44:42.974422 [debug] [MainThread]: SQL status: SELECT 6 in 0.005 seconds
[0m14:44:42.977418 [debug] [MainThread]: Sending event: {'category': 'dbt', 'action': 'runnable_timing', 'label': 'c17ab0f5-6b28-4846-a2bd-441001967fa0', 'context': [<snowplow_tracker.self_describing_json.SelfDescribingJson object at 0x000001E00EEA89D0>]}
[0m14:44:42.978416 [debug] [MainThread]: On master: ROLLBACK
[0m14:44:42.980415 [debug] [MainThread]: Using postgres connection "master"
[0m14:44:42.981415 [debug] [MainThread]: On master: BEGIN
[0m14:44:42.983415 [debug] [MainThread]: SQL status: BEGIN in 0.001 seconds
[0m14:44:42.984417 [debug] [MainThread]: On master: COMMIT
[0m14:44:42.985416 [debug] [MainThread]: Using postgres connection "master"
[0m14:44:42.985416 [debug] [MainThread]: On master: COMMIT
[0m14:44:42.987418 [debug] [MainThread]: SQL status: COMMIT in 0.001 seconds
[0m14:44:42.988417 [debug] [MainThread]: On master: Close
[0m14:44:42.996415 [debug] [Thread-1  ]: Began running node model.shopify_assessment.stg_customers
[0m14:44:42.996415 [debug] [Thread-2  ]: Began running node model.shopify_assessment.stg_orders
[0m14:44:42.997414 [debug] [Thread-3  ]: Began running node model.shopify_assessment.stg_products
[0m14:44:42.998415 [info ] [Thread-1  ]: 1 of 7 START sql view model staging_staging.stg_customers ...................... [RUN]
[0m14:44:42.999449 [info ] [Thread-2  ]: 2 of 7 START sql view model staging_staging.stg_orders ......................... [RUN]
[0m14:44:42.999955 [info ] [Thread-3  ]: 3 of 7 START sql view model staging_staging.stg_products ....................... [RUN]
[0m14:44:43.000963 [debug] [Thread-1  ]: Acquiring new postgres connection 'model.shopify_assessment.stg_customers'
[0m14:44:43.001962 [debug] [Thread-2  ]: Acquiring new postgres connection 'model.shopify_assessment.stg_orders'
[0m14:44:43.002962 [debug] [Thread-3  ]: Acquiring new postgres connection 'model.shopify_assessment.stg_products'
[0m14:44:43.003962 [debug] [Thread-1  ]: Began compiling node model.shopify_assessment.stg_customers
[0m14:44:43.003962 [debug] [Thread-2  ]: Began compiling node model.shopify_assessment.stg_orders
[0m14:44:43.004962 [debug] [Thread-3  ]: Began compiling node model.shopify_assessment.stg_products
[0m14:44:43.015964 [debug] [Thread-1  ]: Writing injected SQL for node "model.shopify_assessment.stg_customers"
[0m14:44:43.019961 [debug] [Thread-2  ]: Writing injected SQL for node "model.shopify_assessment.stg_orders"
[0m14:44:43.023962 [debug] [Thread-3  ]: Writing injected SQL for node "model.shopify_assessment.stg_products"
[0m14:44:43.025963 [debug] [Thread-1  ]: Began executing node model.shopify_assessment.stg_customers
[0m14:44:43.026966 [debug] [Thread-2  ]: Began executing node model.shopify_assessment.stg_orders
[0m14:44:43.027962 [debug] [Thread-3  ]: Began executing node model.shopify_assessment.stg_products
[0m14:44:43.070961 [debug] [Thread-1  ]: Writing runtime sql for node "model.shopify_assessment.stg_customers"
[0m14:44:43.075964 [debug] [Thread-2  ]: Writing runtime sql for node "model.shopify_assessment.stg_orders"
[0m14:44:43.081960 [debug] [Thread-3  ]: Writing runtime sql for node "model.shopify_assessment.stg_products"
[0m14:44:43.082963 [debug] [Thread-1  ]: Using postgres connection "model.shopify_assessment.stg_customers"
[0m14:44:43.083962 [debug] [Thread-2  ]: Using postgres connection "model.shopify_assessment.stg_orders"
[0m14:44:43.084964 [debug] [Thread-1  ]: On model.shopify_assessment.stg_customers: BEGIN
[0m14:44:43.084964 [debug] [Thread-3  ]: Using postgres connection "model.shopify_assessment.stg_products"
[0m14:44:43.085962 [debug] [Thread-2  ]: On model.shopify_assessment.stg_orders: BEGIN
[0m14:44:43.086961 [debug] [Thread-1  ]: Opening a new connection, currently in state init
[0m14:44:43.086961 [debug] [Thread-3  ]: On model.shopify_assessment.stg_products: BEGIN
[0m14:44:43.087964 [debug] [Thread-2  ]: Opening a new connection, currently in state init
[0m14:44:43.088962 [debug] [Thread-3  ]: Opening a new connection, currently in state init
[0m14:44:43.115962 [debug] [Thread-1  ]: SQL status: BEGIN in 0.029 seconds
[0m14:44:43.116968 [debug] [Thread-1  ]: Using postgres connection "model.shopify_assessment.stg_customers"
[0m14:44:43.118963 [debug] [Thread-2  ]: SQL status: BEGIN in 0.031 seconds
[0m14:44:43.119964 [debug] [Thread-1  ]: On model.shopify_assessment.stg_customers: /* {"app": "dbt", "dbt_version": "1.10.20", "profile_name": "shopify_assessment", "target_name": "staging", "node_id": "model.shopify_assessment.stg_customers"} */

  create view "airbyte_db"."staging_staging"."stg_customers__dbt_tmp"
    
    
  as (
    select
    "ID" as customer_id,
    "ADMIN_GRAPHQL_API_ID" as admin_graphql_api_id,
    to_timestamp(nullif("CREATED_AT"::text, '')::numeric) as created_at,
    "TAGS" as tags,
    "ADDRESSES" as addresses,
    "_PORTABLE_EXTRACTED" as portable_extracted_at,
    _airbyte_extracted_at
from "airbyte_db"."raw"."customers"
  );
[0m14:44:43.121963 [debug] [Thread-2  ]: Using postgres connection "model.shopify_assessment.stg_orders"
[0m14:44:43.123963 [debug] [Thread-2  ]: On model.shopify_assessment.stg_orders: /* {"app": "dbt", "dbt_version": "1.10.20", "profile_name": "shopify_assessment", "target_name": "staging", "node_id": "model.shopify_assessment.stg_orders"} */

  create view "airbyte_db"."staging_staging"."stg_orders__dbt_tmp"
    
    
  as (
    select
    "ID" as order_id,
    "NAME" as order_name,
    nullif(trim("CREATED_AT"), '')::timestamp as created_at,
    nullif(trim("EMAIL"), '') as email,
    "CURRENCY" as currency,
    "FINANCIAL_STATUS" as financial_status,
    "FULFILLMENT_STATUS" as fulfillment_status,
    "TOTAL_PRICE"::numeric as total_price,
    "SUBTOTAL_PRICE"::numeric as subtotal_price,
    "TOTAL_TAX"::numeric as total_tax,
    "TOTAL_DISCOUNTS"::numeric as total_discounts,
    nullif(trim("CUSTOMER" ->> 'ID'), '') as customer_id,
    "LINE_ITEMS" as line_items,
    "REFUNDS" as refunds,
    "SHIPPING_ADDRESS" as shipping_address,
    "BILLING_ADDRESS" as billing_address,
    "_PORTABLE_EXTRACTED" as portable_extracted_at,
    _airbyte_extracted_at
from "airbyte_db"."raw"."orders"
  );
[0m14:44:43.125964 [debug] [Thread-3  ]: SQL status: BEGIN in 0.037 seconds
[0m14:44:43.127967 [debug] [Thread-3  ]: Using postgres connection "model.shopify_assessment.stg_products"
[0m14:44:43.128963 [debug] [Thread-1  ]: SQL status: CREATE VIEW in 0.005 seconds
[0m14:44:43.128963 [debug] [Thread-3  ]: On model.shopify_assessment.stg_products: /* {"app": "dbt", "dbt_version": "1.10.20", "profile_name": "shopify_assessment", "target_name": "staging", "node_id": "model.shopify_assessment.stg_products"} */

  create view "airbyte_db"."staging_staging"."stg_products__dbt_tmp"
    
    
  as (
    select
    "ID" as product_id,
    "ADMIN_GRAPHQL_API_ID" as admin_graphql_api_id,
    nullif(trim("TITLE"), '') as product_title,
    nullif(trim("PRODUCT_TYPE"), '') as product_type,
    nullif(trim("VENDOR"), '') as vendor,
    "TAGS" as tags,
    "OPTIONS" as options,
    "VARIANTS" as variants,
    "_PORTABLE_EXTRACTED" as portable_extracted_at,
    _airbyte_extracted_at
from "airbyte_db"."raw"."products"
  );
[0m14:44:43.137961 [debug] [Thread-1  ]: Using postgres connection "model.shopify_assessment.stg_customers"
[0m14:44:43.138960 [debug] [Thread-2  ]: SQL status: CREATE VIEW in 0.012 seconds
[0m14:44:43.139964 [debug] [Thread-1  ]: On model.shopify_assessment.stg_customers: /* {"app": "dbt", "dbt_version": "1.10.20", "profile_name": "shopify_assessment", "target_name": "staging", "node_id": "model.shopify_assessment.stg_customers"} */
alter table "airbyte_db"."staging_staging"."stg_customers" rename to "stg_customers__dbt_backup"
[0m14:44:43.145960 [debug] [Thread-2  ]: Using postgres connection "model.shopify_assessment.stg_orders"
[0m14:44:43.145960 [debug] [Thread-3  ]: SQL status: CREATE VIEW in 0.007 seconds
[0m14:44:43.146962 [debug] [Thread-2  ]: On model.shopify_assessment.stg_orders: /* {"app": "dbt", "dbt_version": "1.10.20", "profile_name": "shopify_assessment", "target_name": "staging", "node_id": "model.shopify_assessment.stg_orders"} */
alter table "airbyte_db"."staging_staging"."stg_orders" rename to "stg_orders__dbt_backup"
[0m14:44:43.147963 [debug] [Thread-1  ]: SQL status: ALTER TABLE in 0.001 seconds
[0m14:44:43.151963 [debug] [Thread-3  ]: Using postgres connection "model.shopify_assessment.stg_products"
[0m14:44:43.156961 [debug] [Thread-1  ]: Using postgres connection "model.shopify_assessment.stg_customers"
[0m14:44:43.157964 [debug] [Thread-2  ]: SQL status: ALTER TABLE in 0.005 seconds
[0m14:44:43.158966 [debug] [Thread-3  ]: On model.shopify_assessment.stg_products: /* {"app": "dbt", "dbt_version": "1.10.20", "profile_name": "shopify_assessment", "target_name": "staging", "node_id": "model.shopify_assessment.stg_products"} */
alter table "airbyte_db"."staging_staging"."stg_products" rename to "stg_products__dbt_backup"
[0m14:44:43.159962 [debug] [Thread-1  ]: On model.shopify_assessment.stg_customers: /* {"app": "dbt", "dbt_version": "1.10.20", "profile_name": "shopify_assessment", "target_name": "staging", "node_id": "model.shopify_assessment.stg_customers"} */
alter table "airbyte_db"."staging_staging"."stg_customers__dbt_tmp" rename to "stg_customers"
[0m14:44:43.164960 [debug] [Thread-2  ]: Using postgres connection "model.shopify_assessment.stg_orders"
[0m14:44:43.165963 [debug] [Thread-2  ]: On model.shopify_assessment.stg_orders: /* {"app": "dbt", "dbt_version": "1.10.20", "profile_name": "shopify_assessment", "target_name": "staging", "node_id": "model.shopify_assessment.stg_orders"} */
alter table "airbyte_db"."staging_staging"."stg_orders__dbt_tmp" rename to "stg_orders"
[0m14:44:43.166963 [debug] [Thread-3  ]: SQL status: ALTER TABLE in 0.001 seconds
[0m14:44:43.167964 [debug] [Thread-1  ]: SQL status: ALTER TABLE in 0.002 seconds
[0m14:44:43.174525 [debug] [Thread-3  ]: Using postgres connection "model.shopify_assessment.stg_products"
[0m14:44:43.175525 [debug] [Thread-2  ]: SQL status: ALTER TABLE in 0.007 seconds
[0m14:44:43.195522 [debug] [Thread-1  ]: On model.shopify_assessment.stg_customers: COMMIT
[0m14:44:43.196520 [debug] [Thread-3  ]: On model.shopify_assessment.stg_products: /* {"app": "dbt", "dbt_version": "1.10.20", "profile_name": "shopify_assessment", "target_name": "staging", "node_id": "model.shopify_assessment.stg_products"} */
alter table "airbyte_db"."staging_staging"."stg_products__dbt_tmp" rename to "stg_products"
[0m14:44:43.198521 [debug] [Thread-2  ]: On model.shopify_assessment.stg_orders: COMMIT
[0m14:44:43.199521 [debug] [Thread-1  ]: Using postgres connection "model.shopify_assessment.stg_customers"
[0m14:44:43.200522 [debug] [Thread-2  ]: Using postgres connection "model.shopify_assessment.stg_orders"
[0m14:44:43.201527 [debug] [Thread-3  ]: SQL status: ALTER TABLE in 0.001 seconds
[0m14:44:43.201527 [debug] [Thread-1  ]: On model.shopify_assessment.stg_customers: COMMIT
[0m14:44:43.202523 [debug] [Thread-2  ]: On model.shopify_assessment.stg_orders: COMMIT
[0m14:44:43.205071 [debug] [Thread-3  ]: On model.shopify_assessment.stg_products: COMMIT
[0m14:44:43.206071 [debug] [Thread-3  ]: Using postgres connection "model.shopify_assessment.stg_products"
[0m14:44:43.207076 [debug] [Thread-3  ]: On model.shopify_assessment.stg_products: COMMIT
[0m14:44:43.211074 [debug] [Thread-2  ]: SQL status: COMMIT in 0.005 seconds
[0m14:44:43.212072 [debug] [Thread-1  ]: SQL status: COMMIT in 0.006 seconds
[0m14:44:43.219071 [debug] [Thread-3  ]: SQL status: COMMIT in 0.011 seconds
[0m14:44:43.221071 [debug] [Thread-2  ]: Applying DROP to: "airbyte_db"."staging_staging"."stg_orders__dbt_backup"
[0m14:44:43.225072 [debug] [Thread-1  ]: Applying DROP to: "airbyte_db"."staging_staging"."stg_customers__dbt_backup"
[0m14:44:43.229074 [debug] [Thread-3  ]: Applying DROP to: "airbyte_db"."staging_staging"."stg_products__dbt_backup"
[0m14:44:43.234104 [debug] [Thread-2  ]: Using postgres connection "model.shopify_assessment.stg_orders"
[0m14:44:43.236074 [debug] [Thread-1  ]: Using postgres connection "model.shopify_assessment.stg_customers"
[0m14:44:43.237073 [debug] [Thread-3  ]: Using postgres connection "model.shopify_assessment.stg_products"
[0m14:44:43.238075 [debug] [Thread-2  ]: On model.shopify_assessment.stg_orders: /* {"app": "dbt", "dbt_version": "1.10.20", "profile_name": "shopify_assessment", "target_name": "staging", "node_id": "model.shopify_assessment.stg_orders"} */
drop view if exists "airbyte_db"."staging_staging"."stg_orders__dbt_backup" cascade
[0m14:44:43.239072 [debug] [Thread-1  ]: On model.shopify_assessment.stg_customers: /* {"app": "dbt", "dbt_version": "1.10.20", "profile_name": "shopify_assessment", "target_name": "staging", "node_id": "model.shopify_assessment.stg_customers"} */
drop view if exists "airbyte_db"."staging_staging"."stg_customers__dbt_backup" cascade
[0m14:44:43.239072 [debug] [Thread-3  ]: On model.shopify_assessment.stg_products: /* {"app": "dbt", "dbt_version": "1.10.20", "profile_name": "shopify_assessment", "target_name": "staging", "node_id": "model.shopify_assessment.stg_products"} */
drop view if exists "airbyte_db"."staging_staging"."stg_products__dbt_backup" cascade
[0m14:44:43.246182 [debug] [Thread-1  ]: SQL status: DROP VIEW in 0.006 seconds
[0m14:44:43.250071 [debug] [Thread-1  ]: On model.shopify_assessment.stg_customers: Close
[0m14:44:43.255073 [debug] [Thread-3  ]: SQL status: DROP VIEW in 0.015 seconds
[0m14:44:43.256074 [debug] [Thread-2  ]: SQL status: DROP VIEW in 0.016 seconds
[0m14:44:43.258076 [debug] [Thread-3  ]: On model.shopify_assessment.stg_products: Close
[0m14:44:43.259076 [debug] [Thread-1  ]: Sending event: {'category': 'dbt', 'action': 'run_model', 'label': 'c17ab0f5-6b28-4846-a2bd-441001967fa0', 'context': [<snowplow_tracker.self_describing_json.SelfDescribingJson object at 0x000001E00E0147F0>]}
[0m14:44:43.261108 [debug] [Thread-2  ]: On model.shopify_assessment.stg_orders: Close
[0m14:44:43.262076 [debug] [Thread-3  ]: Sending event: {'category': 'dbt', 'action': 'run_model', 'label': 'c17ab0f5-6b28-4846-a2bd-441001967fa0', 'context': [<snowplow_tracker.self_describing_json.SelfDescribingJson object at 0x000001E00EB07760>]}
[0m14:44:43.264074 [info ] [Thread-1  ]: 1 of 7 OK created sql view model staging_staging.stg_customers ................. [[32mCREATE VIEW[0m in 0.25s]
[0m14:44:43.267078 [debug] [Thread-2  ]: Sending event: {'category': 'dbt', 'action': 'run_model', 'label': 'c17ab0f5-6b28-4846-a2bd-441001967fa0', 'context': [<snowplow_tracker.self_describing_json.SelfDescribingJson object at 0x000001E00E02EA00>]}
[0m14:44:43.269080 [info ] [Thread-3  ]: 3 of 7 OK created sql view model staging_staging.stg_products .................. [[32mCREATE VIEW[0m in 0.26s]
[0m14:44:43.270070 [debug] [Thread-1  ]: Finished running node model.shopify_assessment.stg_customers
[0m14:44:43.271072 [info ] [Thread-2  ]: 2 of 7 OK created sql view model staging_staging.stg_orders .................... [[32mCREATE VIEW[0m in 0.26s]
[0m14:44:43.272074 [debug] [Thread-3  ]: Finished running node model.shopify_assessment.stg_products
[0m14:44:43.274076 [debug] [Thread-2  ]: Finished running node model.shopify_assessment.stg_orders
[0m14:44:43.275075 [debug] [Thread-4  ]: Began running node model.shopify_assessment.stg_product_variants
[0m14:44:43.276073 [debug] [Thread-3  ]: Began running node model.shopify_assessment.stg_order_line_items
[0m14:44:43.277108 [info ] [Thread-4  ]: 4 of 7 START sql view model staging_staging.stg_product_variants ............... [RUN]
[0m14:44:43.278076 [info ] [Thread-3  ]: 5 of 7 START sql view model staging_staging.stg_order_line_items ............... [RUN]
[0m14:44:43.279073 [debug] [Thread-4  ]: Acquiring new postgres connection 'model.shopify_assessment.stg_product_variants'
[0m14:44:43.280077 [debug] [Thread-3  ]: Re-using an available connection from the pool (formerly model.shopify_assessment.stg_products, now model.shopify_assessment.stg_order_line_items)
[0m14:44:43.281077 [debug] [Thread-4  ]: Began compiling node model.shopify_assessment.stg_product_variants
[0m14:44:43.282071 [debug] [Thread-3  ]: Began compiling node model.shopify_assessment.stg_order_line_items
[0m14:44:43.287072 [debug] [Thread-4  ]: Writing injected SQL for node "model.shopify_assessment.stg_product_variants"
[0m14:44:43.294078 [debug] [Thread-3  ]: Writing injected SQL for node "model.shopify_assessment.stg_order_line_items"
[0m14:44:43.295076 [debug] [Thread-4  ]: Began executing node model.shopify_assessment.stg_product_variants
[0m14:44:43.296075 [debug] [Thread-3  ]: Began executing node model.shopify_assessment.stg_order_line_items
[0m14:44:43.301074 [debug] [Thread-4  ]: Writing runtime sql for node "model.shopify_assessment.stg_product_variants"
[0m14:44:43.306104 [debug] [Thread-3  ]: Writing runtime sql for node "model.shopify_assessment.stg_order_line_items"
[0m14:44:43.308076 [debug] [Thread-4  ]: Using postgres connection "model.shopify_assessment.stg_product_variants"
[0m14:44:43.310073 [debug] [Thread-3  ]: Using postgres connection "model.shopify_assessment.stg_order_line_items"
[0m14:44:43.311071 [debug] [Thread-4  ]: On model.shopify_assessment.stg_product_variants: BEGIN
[0m14:44:43.311071 [debug] [Thread-3  ]: On model.shopify_assessment.stg_order_line_items: BEGIN
[0m14:44:43.312105 [debug] [Thread-4  ]: Opening a new connection, currently in state init
[0m14:44:43.313072 [debug] [Thread-3  ]: Opening a new connection, currently in state closed
[0m14:44:43.334071 [debug] [Thread-4  ]: SQL status: BEGIN in 0.022 seconds
[0m14:44:43.335072 [debug] [Thread-4  ]: Using postgres connection "model.shopify_assessment.stg_product_variants"
[0m14:44:43.336073 [debug] [Thread-3  ]: SQL status: BEGIN in 0.024 seconds
[0m14:44:43.337074 [debug] [Thread-4  ]: On model.shopify_assessment.stg_product_variants: /* {"app": "dbt", "dbt_version": "1.10.20", "profile_name": "shopify_assessment", "target_name": "staging", "node_id": "model.shopify_assessment.stg_product_variants"} */

  create view "airbyte_db"."staging_staging"."stg_product_variants__dbt_tmp"
    
    
  as (
    select
    p.product_id,
    nullif(trim(v.value ->> 'ID'), '') as variant_id,
    nullif(trim(v.value ->> 'SKU'), '') as sku,
    nullif(trim(v.value ->> 'TITLE'), '') as variant_title,
    nullif(trim(v.value ->> 'OPTION1'), '') as option1,
    nullif(trim(v.value ->> 'OPTION2'), '') as option2,
    nullif(trim(v.value ->> 'PRICE'), '')::numeric as price,
    nullif(trim(v.value ->> 'INVENTORY_QUANTITY'), '')::integer as inventory_quantity,
    to_timestamp(nullif(trim(v.value ->> 'CREATED_AT'), '')::numeric) as created_at,
    to_timestamp(nullif(trim(v.value ->> 'UPDATED_AT'), '')::numeric) as updated_at
from "airbyte_db"."staging_staging"."stg_products" p
cross join lateral jsonb_array_elements(p.variants) as v(value)
  );
[0m14:44:43.338072 [debug] [Thread-3  ]: Using postgres connection "model.shopify_assessment.stg_order_line_items"
[0m14:44:43.339076 [debug] [Thread-3  ]: On model.shopify_assessment.stg_order_line_items: /* {"app": "dbt", "dbt_version": "1.10.20", "profile_name": "shopify_assessment", "target_name": "staging", "node_id": "model.shopify_assessment.stg_order_line_items"} */

  create view "airbyte_db"."staging_staging"."stg_order_line_items__dbt_tmp"
    
    
  as (
    select
    o.order_id,
    li.value ->> 'ID' as line_item_id,
    li.value ->> 'PRODUCT_ID' as product_id,
    li.value ->> 'VARIANT_ID' as variant_id,
    li.value ->> 'SKU' as sku,
    li.value ->> 'TITLE' as product_title,
    li.value ->> 'VENDOR' as vendor,
    nullif(trim(li.value ->> 'QUANTITY'), '')::integer as quantity,
    nullif(trim(li.value ->> 'PRICE'), '')::numeric as price
from "airbyte_db"."staging_staging"."stg_orders" o
cross join lateral jsonb_array_elements(o.line_items) as li(value)
  );
[0m14:44:43.342080 [debug] [Thread-4  ]: SQL status: CREATE VIEW in 0.004 seconds
[0m14:44:43.347074 [debug] [Thread-4  ]: Using postgres connection "model.shopify_assessment.stg_product_variants"
[0m14:44:43.348074 [debug] [Thread-3  ]: SQL status: CREATE VIEW in 0.008 seconds
[0m14:44:43.348074 [debug] [Thread-4  ]: On model.shopify_assessment.stg_product_variants: /* {"app": "dbt", "dbt_version": "1.10.20", "profile_name": "shopify_assessment", "target_name": "staging", "node_id": "model.shopify_assessment.stg_product_variants"} */
alter table "airbyte_db"."staging_staging"."stg_product_variants__dbt_tmp" rename to "stg_product_variants"
[0m14:44:43.352073 [debug] [Thread-3  ]: Using postgres connection "model.shopify_assessment.stg_order_line_items"
[0m14:44:43.354077 [debug] [Thread-3  ]: On model.shopify_assessment.stg_order_line_items: /* {"app": "dbt", "dbt_version": "1.10.20", "profile_name": "shopify_assessment", "target_name": "staging", "node_id": "model.shopify_assessment.stg_order_line_items"} */
alter table "airbyte_db"."staging_staging"."stg_order_line_items__dbt_tmp" rename to "stg_order_line_items"
[0m14:44:43.354077 [debug] [Thread-4  ]: SQL status: ALTER TABLE in 0.001 seconds
[0m14:44:43.357075 [debug] [Thread-4  ]: On model.shopify_assessment.stg_product_variants: COMMIT
[0m14:44:43.357075 [debug] [Thread-3  ]: SQL status: ALTER TABLE in 0.002 seconds
[0m14:44:43.358072 [debug] [Thread-4  ]: Using postgres connection "model.shopify_assessment.stg_product_variants"
[0m14:44:43.360622 [debug] [Thread-3  ]: On model.shopify_assessment.stg_order_line_items: COMMIT
[0m14:44:43.361633 [debug] [Thread-4  ]: On model.shopify_assessment.stg_product_variants: COMMIT
[0m14:44:43.362634 [debug] [Thread-3  ]: Using postgres connection "model.shopify_assessment.stg_order_line_items"
[0m14:44:43.363633 [debug] [Thread-3  ]: On model.shopify_assessment.stg_order_line_items: COMMIT
[0m14:44:43.368632 [debug] [Thread-4  ]: SQL status: COMMIT in 0.005 seconds
[0m14:44:43.371630 [debug] [Thread-4  ]: Applying DROP to: "airbyte_db"."staging_staging"."stg_product_variants__dbt_backup"
[0m14:44:43.372630 [debug] [Thread-3  ]: SQL status: COMMIT in 0.008 seconds
[0m14:44:43.373633 [debug] [Thread-4  ]: Using postgres connection "model.shopify_assessment.stg_product_variants"
[0m14:44:43.378630 [debug] [Thread-3  ]: Applying DROP to: "airbyte_db"."staging_staging"."stg_order_line_items__dbt_backup"
[0m14:44:43.378630 [debug] [Thread-4  ]: On model.shopify_assessment.stg_product_variants: /* {"app": "dbt", "dbt_version": "1.10.20", "profile_name": "shopify_assessment", "target_name": "staging", "node_id": "model.shopify_assessment.stg_product_variants"} */
drop view if exists "airbyte_db"."staging_staging"."stg_product_variants__dbt_backup" cascade
[0m14:44:43.380631 [debug] [Thread-3  ]: Using postgres connection "model.shopify_assessment.stg_order_line_items"
[0m14:44:43.381633 [debug] [Thread-3  ]: On model.shopify_assessment.stg_order_line_items: /* {"app": "dbt", "dbt_version": "1.10.20", "profile_name": "shopify_assessment", "target_name": "staging", "node_id": "model.shopify_assessment.stg_order_line_items"} */
drop view if exists "airbyte_db"."staging_staging"."stg_order_line_items__dbt_backup" cascade
[0m14:44:43.381633 [debug] [Thread-4  ]: SQL status: DROP VIEW in 0.001 seconds
[0m14:44:43.384634 [debug] [Thread-4  ]: On model.shopify_assessment.stg_product_variants: Close
[0m14:44:43.384634 [debug] [Thread-3  ]: SQL status: DROP VIEW in 0.002 seconds
[0m14:44:43.386636 [debug] [Thread-4  ]: Sending event: {'category': 'dbt', 'action': 'run_model', 'label': 'c17ab0f5-6b28-4846-a2bd-441001967fa0', 'context': [<snowplow_tracker.self_describing_json.SelfDescribingJson object at 0x000001E00F4E7D60>]}
[0m14:44:43.389631 [debug] [Thread-3  ]: On model.shopify_assessment.stg_order_line_items: Close
[0m14:44:43.390635 [info ] [Thread-4  ]: 4 of 7 OK created sql view model staging_staging.stg_product_variants .......... [[32mCREATE VIEW[0m in 0.11s]
[0m14:44:43.394645 [debug] [Thread-4  ]: Finished running node model.shopify_assessment.stg_product_variants
[0m14:44:43.396634 [debug] [Thread-3  ]: Sending event: {'category': 'dbt', 'action': 'run_model', 'label': 'c17ab0f5-6b28-4846-a2bd-441001967fa0', 'context': [<snowplow_tracker.self_describing_json.SelfDescribingJson object at 0x000001E00F4FDE50>]}
[0m14:44:43.397630 [info ] [Thread-3  ]: 5 of 7 OK created sql view model staging_staging.stg_order_line_items .......... [[32mCREATE VIEW[0m in 0.12s]
[0m14:44:43.399633 [debug] [Thread-3  ]: Finished running node model.shopify_assessment.stg_order_line_items
[0m14:44:43.400634 [debug] [Thread-2  ]: Began running node model.shopify_assessment.int_order_line_agg
[0m14:44:43.401630 [info ] [Thread-2  ]: 6 of 7 START sql view model staging_staging.int_order_line_agg ................. [RUN]
[0m14:44:43.402635 [debug] [Thread-2  ]: Re-using an available connection from the pool (formerly model.shopify_assessment.stg_orders, now model.shopify_assessment.int_order_line_agg)
[0m14:44:43.403633 [debug] [Thread-2  ]: Began compiling node model.shopify_assessment.int_order_line_agg
[0m14:44:43.409243 [debug] [Thread-2  ]: Writing injected SQL for node "model.shopify_assessment.int_order_line_agg"
[0m14:44:43.411241 [debug] [Thread-2  ]: Began executing node model.shopify_assessment.int_order_line_agg
[0m14:44:43.416239 [debug] [Thread-2  ]: Writing runtime sql for node "model.shopify_assessment.int_order_line_agg"
[0m14:44:43.417240 [debug] [Thread-2  ]: Using postgres connection "model.shopify_assessment.int_order_line_agg"
[0m14:44:43.418251 [debug] [Thread-2  ]: On model.shopify_assessment.int_order_line_agg: BEGIN
[0m14:44:43.419241 [debug] [Thread-2  ]: Opening a new connection, currently in state closed
[0m14:44:43.451243 [debug] [Thread-2  ]: SQL status: BEGIN in 0.033 seconds
[0m14:44:43.452241 [debug] [Thread-2  ]: Using postgres connection "model.shopify_assessment.int_order_line_agg"
[0m14:44:43.453241 [debug] [Thread-2  ]: On model.shopify_assessment.int_order_line_agg: /* {"app": "dbt", "dbt_version": "1.10.20", "profile_name": "shopify_assessment", "target_name": "staging", "node_id": "model.shopify_assessment.int_order_line_agg"} */

  create view "airbyte_db"."staging_staging"."int_order_line_agg__dbt_tmp"
    
    
  as (
    select
    order_id,
    count(*) as line_item_count,
    sum(quantity) as total_quantity,
    sum(quantity * price) as calculated_line_item_amount
from "airbyte_db"."staging_staging"."stg_order_line_items"
group by order_id
  );
[0m14:44:43.457243 [debug] [Thread-2  ]: SQL status: CREATE VIEW in 0.003 seconds
[0m14:44:43.461239 [debug] [Thread-2  ]: Using postgres connection "model.shopify_assessment.int_order_line_agg"
[0m14:44:43.462240 [debug] [Thread-2  ]: On model.shopify_assessment.int_order_line_agg: /* {"app": "dbt", "dbt_version": "1.10.20", "profile_name": "shopify_assessment", "target_name": "staging", "node_id": "model.shopify_assessment.int_order_line_agg"} */
alter table "airbyte_db"."staging_staging"."int_order_line_agg__dbt_tmp" rename to "int_order_line_agg"
[0m14:44:43.464243 [debug] [Thread-2  ]: SQL status: ALTER TABLE in 0.001 seconds
[0m14:44:43.466240 [debug] [Thread-2  ]: On model.shopify_assessment.int_order_line_agg: COMMIT
[0m14:44:43.467240 [debug] [Thread-2  ]: Using postgres connection "model.shopify_assessment.int_order_line_agg"
[0m14:44:43.467240 [debug] [Thread-2  ]: On model.shopify_assessment.int_order_line_agg: COMMIT
[0m14:44:43.474242 [debug] [Thread-2  ]: SQL status: COMMIT in 0.005 seconds
[0m14:44:43.477241 [debug] [Thread-2  ]: Applying DROP to: "airbyte_db"."staging_staging"."int_order_line_agg__dbt_backup"
[0m14:44:43.479240 [debug] [Thread-2  ]: Using postgres connection "model.shopify_assessment.int_order_line_agg"
[0m14:44:43.479240 [debug] [Thread-2  ]: On model.shopify_assessment.int_order_line_agg: /* {"app": "dbt", "dbt_version": "1.10.20", "profile_name": "shopify_assessment", "target_name": "staging", "node_id": "model.shopify_assessment.int_order_line_agg"} */
drop view if exists "airbyte_db"."staging_staging"."int_order_line_agg__dbt_backup" cascade
[0m14:44:43.481242 [debug] [Thread-2  ]: SQL status: DROP VIEW in 0.001 seconds
[0m14:44:43.483243 [debug] [Thread-2  ]: On model.shopify_assessment.int_order_line_agg: Close
[0m14:44:43.485240 [debug] [Thread-2  ]: Sending event: {'category': 'dbt', 'action': 'run_model', 'label': 'c17ab0f5-6b28-4846-a2bd-441001967fa0', 'context': [<snowplow_tracker.self_describing_json.SelfDescribingJson object at 0x000001E00DD7C670>]}
[0m14:44:43.487243 [info ] [Thread-2  ]: 6 of 7 OK created sql view model staging_staging.int_order_line_agg ............ [[32mCREATE VIEW[0m in 0.08s]
[0m14:44:43.489240 [debug] [Thread-2  ]: Finished running node model.shopify_assessment.int_order_line_agg
[0m14:44:43.491243 [debug] [Thread-4  ]: Began running node model.shopify_assessment.fct_order_summary
[0m14:44:43.492246 [info ] [Thread-4  ]: 7 of 7 START sql table model staging_marts.fct_order_summary ................... [RUN]
[0m14:44:43.493243 [debug] [Thread-4  ]: Re-using an available connection from the pool (formerly model.shopify_assessment.stg_product_variants, now model.shopify_assessment.fct_order_summary)
[0m14:44:43.494242 [debug] [Thread-4  ]: Began compiling node model.shopify_assessment.fct_order_summary
[0m14:44:43.498239 [debug] [Thread-4  ]: Writing injected SQL for node "model.shopify_assessment.fct_order_summary"
[0m14:44:43.500240 [debug] [Thread-4  ]: Began executing node model.shopify_assessment.fct_order_summary
[0m14:44:43.529242 [debug] [Thread-4  ]: Writing runtime sql for node "model.shopify_assessment.fct_order_summary"
[0m14:44:43.531243 [debug] [Thread-4  ]: Using postgres connection "model.shopify_assessment.fct_order_summary"
[0m14:44:43.532245 [debug] [Thread-4  ]: On model.shopify_assessment.fct_order_summary: BEGIN
[0m14:44:43.533243 [debug] [Thread-4  ]: Opening a new connection, currently in state closed
[0m14:44:43.551244 [debug] [Thread-4  ]: SQL status: BEGIN in 0.018 seconds
[0m14:44:43.552240 [debug] [Thread-4  ]: Using postgres connection "model.shopify_assessment.fct_order_summary"
[0m14:44:43.553240 [debug] [Thread-4  ]: On model.shopify_assessment.fct_order_summary: /* {"app": "dbt", "dbt_version": "1.10.20", "profile_name": "shopify_assessment", "target_name": "staging", "node_id": "model.shopify_assessment.fct_order_summary"} */

  
    

  create  table "airbyte_db"."staging_marts"."fct_order_summary__dbt_tmp"
  
  
    as
  
  (
    select
    o.order_id,
    o.order_name,
    o.customer_id,
    c.admin_graphql_api_id as customer_graphql_api_id,
    o.created_at as order_created_at,
    o.email as order_email,
    o.currency,
    o.financial_status,
    o.fulfillment_status,
    o.total_price,
    o.subtotal_price,
    o.total_tax,
    o.total_discounts,
    coalesce(l.line_item_count, 0) as line_item_count,
    coalesce(l.total_quantity, 0) as total_quantity,
    coalesce(l.calculated_line_item_amount, 0) as calculated_line_item_amount,
    o.portable_extracted_at,
    o._airbyte_extracted_at
from "airbyte_db"."staging_staging"."stg_orders" o
left join "airbyte_db"."staging_staging"."stg_customers" c
    on o.customer_id = c.customer_id
left join "airbyte_db"."staging_staging"."int_order_line_agg" l
    on o.order_id = l.order_id
  );
  
[0m14:44:43.597866 [debug] [Thread-4  ]: SQL status: SELECT 1000 in 0.044 seconds
[0m14:44:43.605864 [debug] [Thread-4  ]: Using postgres connection "model.shopify_assessment.fct_order_summary"
[0m14:44:43.605864 [debug] [Thread-4  ]: On model.shopify_assessment.fct_order_summary: /* {"app": "dbt", "dbt_version": "1.10.20", "profile_name": "shopify_assessment", "target_name": "staging", "node_id": "model.shopify_assessment.fct_order_summary"} */
alter table "airbyte_db"."staging_marts"."fct_order_summary" rename to "fct_order_summary__dbt_backup"
[0m14:44:43.607868 [debug] [Thread-4  ]: SQL status: ALTER TABLE in 0.001 seconds
[0m14:44:43.613468 [debug] [Thread-4  ]: Using postgres connection "model.shopify_assessment.fct_order_summary"
[0m14:44:43.613468 [debug] [Thread-4  ]: On model.shopify_assessment.fct_order_summary: /* {"app": "dbt", "dbt_version": "1.10.20", "profile_name": "shopify_assessment", "target_name": "staging", "node_id": "model.shopify_assessment.fct_order_summary"} */
alter table "airbyte_db"."staging_marts"."fct_order_summary__dbt_tmp" rename to "fct_order_summary"
[0m14:44:43.615471 [debug] [Thread-4  ]: SQL status: ALTER TABLE in 0.001 seconds
[0m14:44:43.617468 [debug] [Thread-4  ]: On model.shopify_assessment.fct_order_summary: COMMIT
[0m14:44:43.618468 [debug] [Thread-4  ]: Using postgres connection "model.shopify_assessment.fct_order_summary"
[0m14:44:43.619468 [debug] [Thread-4  ]: On model.shopify_assessment.fct_order_summary: COMMIT
[0m14:44:43.626508 [debug] [Thread-4  ]: SQL status: COMMIT in 0.007 seconds
[0m14:44:43.630470 [debug] [Thread-4  ]: Applying DROP to: "airbyte_db"."staging_marts"."fct_order_summary__dbt_backup"
[0m14:44:43.633471 [debug] [Thread-4  ]: Using postgres connection "model.shopify_assessment.fct_order_summary"
[0m14:44:43.634471 [debug] [Thread-4  ]: On model.shopify_assessment.fct_order_summary: /* {"app": "dbt", "dbt_version": "1.10.20", "profile_name": "shopify_assessment", "target_name": "staging", "node_id": "model.shopify_assessment.fct_order_summary"} */
drop table if exists "airbyte_db"."staging_marts"."fct_order_summary__dbt_backup" cascade
[0m14:44:43.641477 [debug] [Thread-4  ]: SQL status: DROP TABLE in 0.006 seconds
[0m14:44:43.644505 [debug] [Thread-4  ]: On model.shopify_assessment.fct_order_summary: Close
[0m14:44:43.645469 [debug] [Thread-4  ]: Sending event: {'category': 'dbt', 'action': 'run_model', 'label': 'c17ab0f5-6b28-4846-a2bd-441001967fa0', 'context': [<snowplow_tracker.self_describing_json.SelfDescribingJson object at 0x000001E00EB07760>]}
[0m14:44:43.647475 [info ] [Thread-4  ]: 7 of 7 OK created sql table model staging_marts.fct_order_summary .............. [[32mSELECT 1000[0m in 0.15s]
[0m14:44:43.650470 [debug] [Thread-4  ]: Finished running node model.shopify_assessment.fct_order_summary
[0m14:44:43.653477 [debug] [MainThread]: Using postgres connection "master"
[0m14:44:43.653477 [debug] [MainThread]: On master: BEGIN
[0m14:44:43.654472 [debug] [MainThread]: Opening a new connection, currently in state closed
[0m14:44:43.689503 [debug] [MainThread]: SQL status: BEGIN in 0.035 seconds
[0m14:44:43.691170 [debug] [MainThread]: On master: COMMIT
[0m14:44:43.692278 [debug] [MainThread]: Using postgres connection "master"
[0m14:44:43.693917 [debug] [MainThread]: On master: COMMIT
[0m14:44:43.695610 [debug] [MainThread]: SQL status: COMMIT in 0.001 seconds
[0m14:44:43.696731 [debug] [MainThread]: On master: Close
[0m14:44:43.698375 [debug] [MainThread]: Connection 'master' was properly closed.
[0m14:44:43.699468 [debug] [MainThread]: Connection 'list_airbyte_db' was properly closed.
[0m14:44:43.701042 [debug] [MainThread]: Connection 'list_airbyte_db' was properly closed.
[0m14:44:43.702059 [debug] [MainThread]: Connection 'list_airbyte_db_staging_marts' was properly closed.
[0m14:44:43.704053 [debug] [MainThread]: Connection 'list_airbyte_db_staging_staging' was properly closed.
[0m14:44:43.705052 [debug] [MainThread]: Connection 'model.shopify_assessment.stg_customers' was properly closed.
[0m14:44:43.706053 [debug] [MainThread]: Connection 'model.shopify_assessment.int_order_line_agg' was properly closed.
[0m14:44:43.707055 [debug] [MainThread]: Connection 'model.shopify_assessment.stg_order_line_items' was properly closed.
[0m14:44:43.708049 [debug] [MainThread]: Connection 'model.shopify_assessment.fct_order_summary' was properly closed.
[0m14:44:43.709054 [info ] [MainThread]: 
[0m14:44:43.711054 [info ] [MainThread]: Finished running 1 table model, 6 view models in 0 hours 0 minutes and 1.01 seconds (1.01s).
[0m14:44:43.716052 [debug] [MainThread]: Command end result
[0m14:44:43.754051 [debug] [MainThread]: Wrote artifact WritableManifest to C:\Users\Owner\data-engineering-assessment\dbt_shopify\target\manifest.json
[0m14:44:43.758058 [debug] [MainThread]: Wrote artifact SemanticManifest to C:\Users\Owner\data-engineering-assessment\dbt_shopify\target\semantic_manifest.json
[0m14:44:43.771827 [debug] [MainThread]: Wrote artifact RunExecutionResult to C:\Users\Owner\data-engineering-assessment\dbt_shopify\target\run_results.json
[0m14:44:43.772827 [info ] [MainThread]: 
[0m14:44:43.773827 [info ] [MainThread]: [32mCompleted successfully[0m
[0m14:44:43.777827 [info ] [MainThread]: 
[0m14:44:43.779827 [info ] [MainThread]: Done. PASS=7 WARN=0 ERROR=0 SKIP=0 NO-OP=0 TOTAL=7
[0m14:44:43.782826 [debug] [MainThread]: Command `dbt run` succeeded at 14:44:43.782826 after 4.12 seconds
[0m14:44:43.783827 [debug] [MainThread]: Sending event: {'category': 'dbt', 'action': 'invocation', 'label': 'end', 'context': [<snowplow_tracker.self_describing_json.SelfDescribingJson object at 0x000001E00C2E04F0>, <snowplow_tracker.self_describing_json.SelfDescribingJson object at 0x000001E00DC64280>, <snowplow_tracker.self_describing_json.SelfDescribingJson object at 0x000001E00EA31F40>]}
[0m14:44:43.783827 [debug] [MainThread]: Flushing usage events
[0m14:44:44.302999 [debug] [MainThread]: An error was encountered while trying to flush usage events
[0m15:49:00.882310 [debug] [MainThread]: Sending event: {'category': 'dbt', 'action': 'invocation', 'label': 'start', 'context': [<snowplow_tracker.self_describing_json.SelfDescribingJson object at 0x000001A0E301F520>, <snowplow_tracker.self_describing_json.SelfDescribingJson object at 0x000001A0E49C41F0>, <snowplow_tracker.self_describing_json.SelfDescribingJson object at 0x000001A0E49C40D0>]}


============================== 15:49:00.888311 | 6f29ce2b-5895-4f01-8fd6-56eeb83314ae ==============================
[0m15:49:00.888311 [info ] [MainThread]: Running with dbt=1.10.20
[0m15:49:00.890312 [debug] [MainThread]: running dbt with arguments {'debug': 'False', 'fail_fast': 'False', 'log_cache_events': 'False', 'send_anonymous_usage_stats': 'True', 'warn_error_options': 'WarnErrorOptionsV2(error=[], warn=[], silence=[])', 'cache_selected_only': 'False', 'log_format': 'default', 'target_path': 'None', 'version_check': 'True', 'empty': 'False', 'printer_width': '80', 'partial_parse': 'True', 'log_path': 'C:\\Users\\Owner\\data-engineering-assessment\\dbt_shopify\\logs', 'introspect': 'True', 'warn_error': 'None', 'write_json': 'True', 'no_print': 'None', 'quiet': 'False', 'invocation_command': 'dbt build --target staging', 'static_parser': 'True', 'profiles_dir': 'C:\\Users\\Owner\\data-engineering-assessment\\dbt_shopify', 'use_experimental_parser': 'False', 'use_colors': 'True', 'indirect_selection': 'eager'}
[0m15:49:00.908154 [error] [MainThread]: Encountered an error:
Parsing Error
  Env var required but not provided: 'DBT_STAGING_HOST'
[0m15:49:00.911154 [debug] [MainThread]: Command `dbt build` failed at 15:49:00.911154 after 0.21 seconds
[0m15:49:00.913156 [debug] [MainThread]: Sending event: {'category': 'dbt', 'action': 'invocation', 'label': 'end', 'context': [<snowplow_tracker.self_describing_json.SelfDescribingJson object at 0x000001A0E301F520>, <snowplow_tracker.self_describing_json.SelfDescribingJson object at 0x000001A0E41C7DF0>, <snowplow_tracker.self_describing_json.SelfDescribingJson object at 0x000001A0E48009A0>]}
[0m15:49:00.914157 [debug] [MainThread]: Flushing usage events
[0m15:49:01.386360 [debug] [MainThread]: An error was encountered while trying to flush usage events
[0m15:49:48.017098 [debug] [MainThread]: Sending event: {'category': 'dbt', 'action': 'invocation', 'label': 'start', 'context': [<snowplow_tracker.self_describing_json.SelfDescribingJson object at 0x000002829FAE0490>, <snowplow_tracker.self_describing_json.SelfDescribingJson object at 0x00000282A1685430>, <snowplow_tracker.self_describing_json.SelfDescribingJson object at 0x00000282A16851C0>]}


============================== 15:49:48.022098 | f19a5aae-4d47-4a37-b3f6-f626160002d7 ==============================
[0m15:49:48.022098 [info ] [MainThread]: Running with dbt=1.10.20
[0m15:49:48.023357 [debug] [MainThread]: running dbt with arguments {'fail_fast': 'False', 'debug': 'False', 'log_cache_events': 'False', 'send_anonymous_usage_stats': 'True', 'warn_error_options': 'WarnErrorOptionsV2(error=[], warn=[], silence=[])', 'cache_selected_only': 'False', 'target_path': 'None', 'log_format': 'default', 'version_check': 'True', 'empty': 'False', 'printer_width': '80', 'quiet': 'False', 'introspect': 'True', 'partial_parse': 'True', 'warn_error': 'None', 'write_json': 'True', 'invocation_command': 'dbt build --target staging', 'no_print': 'None', 'log_path': 'C:\\Users\\Owner\\data-engineering-assessment\\dbt_shopify\\logs', 'static_parser': 'True', 'profiles_dir': 'C:\\Users\\Owner\\data-engineering-assessment\\dbt_shopify', 'use_experimental_parser': 'False', 'use_colors': 'True', 'indirect_selection': 'eager'}
[0m15:49:48.326919 [debug] [MainThread]: Sending event: {'category': 'dbt', 'action': 'project_id', 'label': 'f19a5aae-4d47-4a37-b3f6-f626160002d7', 'context': [<snowplow_tracker.self_describing_json.SelfDescribingJson object at 0x00000282A1685250>]}
[0m15:49:48.420263 [debug] [MainThread]: Sending event: {'category': 'dbt', 'action': 'adapter_info', 'label': 'f19a5aae-4d47-4a37-b3f6-f626160002d7', 'context': [<snowplow_tracker.self_describing_json.SelfDescribingJson object at 0x00000282A12C0FD0>]}
[0m15:49:48.421271 [info ] [MainThread]: Registered adapter: postgres=1.9.1
[0m15:49:48.822630 [debug] [MainThread]: checksum: a59e7b2b447fd8a57b2be28e7355e6b39fd61763d8c6e0ea8982126488badb66, vars: {}, profile: , target: staging, version: 1.10.20
[0m15:49:49.139814 [debug] [MainThread]: Partial parsing enabled: 0 files deleted, 2 files added, 1 files changed.
[0m15:49:49.140782 [debug] [MainThread]: Partial parsing: added file: shopify_assessment://models\marts\dim_customers.sql
[0m15:49:49.140782 [debug] [MainThread]: Partial parsing: added file: shopify_assessment://models\marts\dim_products.sql
[0m15:49:49.141819 [debug] [MainThread]: Partial parsing: updated file: shopify_assessment://models\marts\schema.yml
[0m15:49:49.861904 [debug] [MainThread]: Sending event: {'category': 'dbt', 'action': 'load_project', 'label': 'f19a5aae-4d47-4a37-b3f6-f626160002d7', 'context': [<snowplow_tracker.self_describing_json.SelfDescribingJson object at 0x00000282A244DFA0>]}
[0m15:49:50.001626 [debug] [MainThread]: Wrote artifact WritableManifest to C:\Users\Owner\data-engineering-assessment\dbt_shopify\target\manifest.json
[0m15:49:50.006267 [debug] [MainThread]: Wrote artifact SemanticManifest to C:\Users\Owner\data-engineering-assessment\dbt_shopify\target\semantic_manifest.json
[0m15:49:50.133438 [debug] [MainThread]: Sending event: {'category': 'dbt', 'action': 'resource_counts', 'label': 'f19a5aae-4d47-4a37-b3f6-f626160002d7', 'context': [<snowplow_tracker.self_describing_json.SelfDescribingJson object at 0x00000282A1F847F0>]}
[0m15:49:50.137444 [info ] [MainThread]: Found 9 models, 24 data tests, 3 sources, 447 macros
[0m15:49:50.149820 [info ] [MainThread]: 
[0m15:49:50.150817 [info ] [MainThread]: Concurrency: 4 threads (target='staging')
[0m15:49:50.152816 [info ] [MainThread]: 
[0m15:49:50.153818 [debug] [MainThread]: Acquiring new postgres connection 'master'
[0m15:49:50.163450 [debug] [ThreadPool]: Acquiring new postgres connection 'list_airbyte_db'
[0m15:49:50.165444 [debug] [ThreadPool]: Acquiring new postgres connection 'list_airbyte_db'
[0m15:49:50.342992 [debug] [ThreadPool]: Using postgres connection "list_airbyte_db"
[0m15:49:50.343992 [debug] [ThreadPool]: Using postgres connection "list_airbyte_db"
[0m15:49:50.344993 [debug] [ThreadPool]: On list_airbyte_db: /* {"app": "dbt", "dbt_version": "1.10.20", "profile_name": "shopify_assessment", "target_name": "staging", "connection_name": "list_airbyte_db"} */

    select distinct nspname from pg_namespace
  
[0m15:49:50.345992 [debug] [ThreadPool]: On list_airbyte_db: /* {"app": "dbt", "dbt_version": "1.10.20", "profile_name": "shopify_assessment", "target_name": "staging", "connection_name": "list_airbyte_db"} */

    select distinct nspname from pg_namespace
  
[0m15:49:50.345992 [debug] [ThreadPool]: Opening a new connection, currently in state init
[0m15:49:50.347593 [debug] [ThreadPool]: Opening a new connection, currently in state init
[0m15:49:50.470664 [debug] [ThreadPool]: SQL status: SELECT 9 in 0.123 seconds
[0m15:49:50.471665 [debug] [ThreadPool]: SQL status: SELECT 9 in 0.125 seconds
[0m15:49:50.473662 [debug] [ThreadPool]: On list_airbyte_db: Close
[0m15:49:50.474664 [debug] [ThreadPool]: On list_airbyte_db: Close
[0m15:49:50.481664 [debug] [ThreadPool]: Acquiring new postgres connection 'list_airbyte_db_staging_staging'
[0m15:49:50.482672 [debug] [ThreadPool]: Acquiring new postgres connection 'list_airbyte_db_staging_marts'
[0m15:49:50.490665 [debug] [ThreadPool]: Using postgres connection "list_airbyte_db_staging_staging"
[0m15:49:50.493441 [debug] [ThreadPool]: Using postgres connection "list_airbyte_db_staging_marts"
[0m15:49:50.494445 [debug] [ThreadPool]: On list_airbyte_db_staging_staging: BEGIN
[0m15:49:50.495448 [debug] [ThreadPool]: On list_airbyte_db_staging_marts: BEGIN
[0m15:49:50.496112 [debug] [ThreadPool]: Opening a new connection, currently in state init
[0m15:49:50.496808 [debug] [ThreadPool]: Opening a new connection, currently in state init
[0m15:49:50.523827 [debug] [ThreadPool]: SQL status: BEGIN in 0.028 seconds
[0m15:49:50.525819 [debug] [ThreadPool]: Using postgres connection "list_airbyte_db_staging_staging"
[0m15:49:50.526818 [debug] [ThreadPool]: On list_airbyte_db_staging_staging: /* {"app": "dbt", "dbt_version": "1.10.20", "profile_name": "shopify_assessment", "target_name": "staging", "connection_name": "list_airbyte_db_staging_staging"} */
select
      'airbyte_db' as database,
      tablename as name,
      schemaname as schema,
      'table' as type
    from pg_tables
    where schemaname ilike 'staging_staging'
    union all
    select
      'airbyte_db' as database,
      viewname as name,
      schemaname as schema,
      'view' as type
    from pg_views
    where schemaname ilike 'staging_staging'
    union all
    select
      'airbyte_db' as database,
      matviewname as name,
      schemaname as schema,
      'materialized_view' as type
    from pg_matviews
    where schemaname ilike 'staging_staging'
  
[0m15:49:50.528820 [debug] [ThreadPool]: SQL status: BEGIN in 0.032 seconds
[0m15:49:50.529818 [debug] [ThreadPool]: Using postgres connection "list_airbyte_db_staging_marts"
[0m15:49:50.530819 [debug] [ThreadPool]: On list_airbyte_db_staging_marts: /* {"app": "dbt", "dbt_version": "1.10.20", "profile_name": "shopify_assessment", "target_name": "staging", "connection_name": "list_airbyte_db_staging_marts"} */
select
      'airbyte_db' as database,
      tablename as name,
      schemaname as schema,
      'table' as type
    from pg_tables
    where schemaname ilike 'staging_marts'
    union all
    select
      'airbyte_db' as database,
      viewname as name,
      schemaname as schema,
      'view' as type
    from pg_views
    where schemaname ilike 'staging_marts'
    union all
    select
      'airbyte_db' as database,
      matviewname as name,
      schemaname as schema,
      'materialized_view' as type
    from pg_matviews
    where schemaname ilike 'staging_marts'
  
[0m15:49:50.547819 [debug] [ThreadPool]: SQL status: SELECT 1 in 0.016 seconds
[0m15:49:50.547819 [debug] [ThreadPool]: SQL status: SELECT 6 in 0.019 seconds
[0m15:49:50.549819 [debug] [ThreadPool]: On list_airbyte_db_staging_marts: ROLLBACK
[0m15:49:50.551817 [debug] [ThreadPool]: On list_airbyte_db_staging_staging: ROLLBACK
[0m15:49:50.553818 [debug] [ThreadPool]: On list_airbyte_db_staging_marts: Close
[0m15:49:50.553818 [debug] [ThreadPool]: On list_airbyte_db_staging_staging: Close
[0m15:49:50.566439 [debug] [MainThread]: Using postgres connection "master"
[0m15:49:50.567439 [debug] [MainThread]: On master: BEGIN
[0m15:49:50.567439 [debug] [MainThread]: Opening a new connection, currently in state init
[0m15:49:50.592440 [debug] [MainThread]: SQL status: BEGIN in 0.024 seconds
[0m15:49:50.592440 [debug] [MainThread]: Using postgres connection "master"
[0m15:49:50.593442 [debug] [MainThread]: On master: /* {"app": "dbt", "dbt_version": "1.10.20", "profile_name": "shopify_assessment", "target_name": "staging", "connection_name": "master"} */
select distinct
        dependent_namespace.nspname as dependent_schema,
        dependent_class.relname as dependent_name,
        referenced_namespace.nspname as referenced_schema,
        referenced_class.relname as referenced_name

    -- Query for views: views are entries in pg_class with an entry in pg_rewrite, but we avoid
    -- a seq scan on pg_rewrite by leveraging the fact there is an "internal" row in pg_depend for
    -- the view...
    from pg_class as dependent_class
    join pg_namespace as dependent_namespace on dependent_namespace.oid = dependent_class.relnamespace
    join pg_depend as dependent_depend on dependent_depend.refobjid = dependent_class.oid
        and dependent_depend.classid = 'pg_rewrite'::regclass
        and dependent_depend.refclassid = 'pg_class'::regclass
        and dependent_depend.deptype = 'i'

    -- ... and via pg_depend (that has a row per column, hence the need for "distinct" above, and
    -- making sure to exclude the internal row to avoid a view appearing to depend on itself)...
    join pg_depend as joining_depend on joining_depend.objid = dependent_depend.objid
        and joining_depend.classid = 'pg_rewrite'::regclass
        and joining_depend.refclassid = 'pg_class'::regclass
        and joining_depend.refobjid != dependent_depend.refobjid

    -- ... we can find the tables they query from in pg_class, but excluding system tables. Note we
    -- don't need need to exclude _dependent_ system tables, because they only query from other
    -- system tables, and so are automatically excluded by excluding _referenced_ system tables
    join pg_class as referenced_class on referenced_class.oid = joining_depend.refobjid
    join pg_namespace as referenced_namespace on referenced_namespace.oid = referenced_class.relnamespace
        and referenced_namespace.nspname != 'information_schema'
        and referenced_namespace.nspname not like 'pg\_%'

    order by
        dependent_schema, dependent_name, referenced_schema, referenced_name;
[0m15:49:50.606440 [debug] [MainThread]: SQL status: SELECT 6 in 0.012 seconds
[0m15:49:50.610032 [debug] [MainThread]: Sending event: {'category': 'dbt', 'action': 'runnable_timing', 'label': 'f19a5aae-4d47-4a37-b3f6-f626160002d7', 'context': [<snowplow_tracker.self_describing_json.SelfDescribingJson object at 0x00000282A2344DF0>]}
[0m15:49:50.612041 [debug] [MainThread]: On master: ROLLBACK
[0m15:49:50.613041 [debug] [MainThread]: Using postgres connection "master"
[0m15:49:50.614040 [debug] [MainThread]: On master: BEGIN
[0m15:49:50.616038 [debug] [MainThread]: SQL status: BEGIN in 0.001 seconds
[0m15:49:50.617041 [debug] [MainThread]: On master: COMMIT
[0m15:49:50.617041 [debug] [MainThread]: Using postgres connection "master"
[0m15:49:50.618041 [debug] [MainThread]: On master: COMMIT
[0m15:49:50.619043 [debug] [MainThread]: SQL status: COMMIT in 0.001 seconds
[0m15:49:50.620040 [debug] [MainThread]: On master: Close
[0m15:49:50.630044 [debug] [Thread-1  ]: Began running node model.shopify_assessment.stg_customers
[0m15:49:50.631040 [debug] [Thread-2  ]: Began running node model.shopify_assessment.stg_orders
[0m15:49:50.631040 [debug] [Thread-3  ]: Began running node model.shopify_assessment.stg_products
[0m15:49:50.632045 [info ] [Thread-1  ]: 1 of 33 START sql view model staging_staging.stg_customers ..................... [RUN]
[0m15:49:50.634046 [info ] [Thread-2  ]: 2 of 33 START sql view model staging_staging.stg_orders ........................ [RUN]
[0m15:49:50.636042 [debug] [Thread-1  ]: Acquiring new postgres connection 'model.shopify_assessment.stg_customers'
[0m15:49:50.635041 [info ] [Thread-3  ]: 3 of 33 START sql view model staging_staging.stg_products ...................... [RUN]
[0m15:49:50.638043 [debug] [Thread-2  ]: Acquiring new postgres connection 'model.shopify_assessment.stg_orders'
[0m15:49:50.639042 [debug] [Thread-1  ]: Began compiling node model.shopify_assessment.stg_customers
[0m15:49:50.640040 [debug] [Thread-3  ]: Acquiring new postgres connection 'model.shopify_assessment.stg_products'
[0m15:49:50.641044 [debug] [Thread-2  ]: Began compiling node model.shopify_assessment.stg_orders
[0m15:49:50.652040 [debug] [Thread-1  ]: Writing injected SQL for node "model.shopify_assessment.stg_customers"
[0m15:49:50.652040 [debug] [Thread-3  ]: Began compiling node model.shopify_assessment.stg_products
[0m15:49:50.656039 [debug] [Thread-2  ]: Writing injected SQL for node "model.shopify_assessment.stg_orders"
[0m15:49:50.665044 [debug] [Thread-3  ]: Writing injected SQL for node "model.shopify_assessment.stg_products"
[0m15:49:50.666040 [debug] [Thread-1  ]: Began executing node model.shopify_assessment.stg_customers
[0m15:49:50.673038 [debug] [Thread-2  ]: Began executing node model.shopify_assessment.stg_orders
[0m15:49:50.712042 [debug] [Thread-1  ]: Writing runtime sql for node "model.shopify_assessment.stg_customers"
[0m15:49:50.713021 [debug] [Thread-3  ]: Began executing node model.shopify_assessment.stg_products
[0m15:49:50.717030 [debug] [Thread-2  ]: Writing runtime sql for node "model.shopify_assessment.stg_orders"
[0m15:49:50.723065 [debug] [Thread-3  ]: Writing runtime sql for node "model.shopify_assessment.stg_products"
[0m15:49:50.724064 [debug] [Thread-1  ]: Using postgres connection "model.shopify_assessment.stg_customers"
[0m15:49:50.726033 [debug] [Thread-2  ]: Using postgres connection "model.shopify_assessment.stg_orders"
[0m15:49:50.726033 [debug] [Thread-1  ]: On model.shopify_assessment.stg_customers: BEGIN
[0m15:49:50.727031 [debug] [Thread-3  ]: Using postgres connection "model.shopify_assessment.stg_products"
[0m15:49:50.728035 [debug] [Thread-2  ]: On model.shopify_assessment.stg_orders: BEGIN
[0m15:49:50.729036 [debug] [Thread-1  ]: Opening a new connection, currently in state init
[0m15:49:50.730033 [debug] [Thread-3  ]: On model.shopify_assessment.stg_products: BEGIN
[0m15:49:50.730033 [debug] [Thread-2  ]: Opening a new connection, currently in state init
[0m15:49:50.731032 [debug] [Thread-3  ]: Opening a new connection, currently in state init
[0m15:49:50.763031 [debug] [Thread-1  ]: SQL status: BEGIN in 0.034 seconds
[0m15:49:50.764034 [debug] [Thread-1  ]: Using postgres connection "model.shopify_assessment.stg_customers"
[0m15:49:50.765032 [debug] [Thread-2  ]: SQL status: BEGIN in 0.035 seconds
[0m15:49:50.766616 [debug] [Thread-1  ]: On model.shopify_assessment.stg_customers: /* {"app": "dbt", "dbt_version": "1.10.20", "profile_name": "shopify_assessment", "target_name": "staging", "node_id": "model.shopify_assessment.stg_customers"} */

  create view "airbyte_db"."staging_staging"."stg_customers__dbt_tmp"
    
    
  as (
    select
    "ID" as customer_id,
    "ADMIN_GRAPHQL_API_ID" as admin_graphql_api_id,
    to_timestamp(nullif("CREATED_AT"::text, '')::numeric) as created_at,
    "TAGS" as tags,
    "ADDRESSES" as addresses,
    "_PORTABLE_EXTRACTED" as portable_extracted_at,
    _airbyte_extracted_at
from "airbyte_db"."raw"."customers"
  );
[0m15:49:50.767619 [debug] [Thread-2  ]: Using postgres connection "model.shopify_assessment.stg_orders"
[0m15:49:50.768622 [debug] [Thread-3  ]: SQL status: BEGIN in 0.037 seconds
[0m15:49:50.769615 [debug] [Thread-2  ]: On model.shopify_assessment.stg_orders: /* {"app": "dbt", "dbt_version": "1.10.20", "profile_name": "shopify_assessment", "target_name": "staging", "node_id": "model.shopify_assessment.stg_orders"} */

  create view "airbyte_db"."staging_staging"."stg_orders__dbt_tmp"
    
    
  as (
    select
    "ID" as order_id,
    "NAME" as order_name,
    nullif(trim("CREATED_AT"), '')::timestamp as created_at,
    nullif(trim("EMAIL"), '') as email,
    "CURRENCY" as currency,
    "FINANCIAL_STATUS" as financial_status,
    "FULFILLMENT_STATUS" as fulfillment_status,
    "TOTAL_PRICE"::numeric as total_price,
    "SUBTOTAL_PRICE"::numeric as subtotal_price,
    "TOTAL_TAX"::numeric as total_tax,
    "TOTAL_DISCOUNTS"::numeric as total_discounts,
    nullif(trim("CUSTOMER" ->> 'ID'), '') as customer_id,
    "LINE_ITEMS" as line_items,
    "REFUNDS" as refunds,
    "SHIPPING_ADDRESS" as shipping_address,
    "BILLING_ADDRESS" as billing_address,
    "_PORTABLE_EXTRACTED" as portable_extracted_at,
    _airbyte_extracted_at
from "airbyte_db"."raw"."orders"
  );
[0m15:49:50.770614 [debug] [Thread-3  ]: Using postgres connection "model.shopify_assessment.stg_products"
[0m15:49:50.771615 [debug] [Thread-3  ]: On model.shopify_assessment.stg_products: /* {"app": "dbt", "dbt_version": "1.10.20", "profile_name": "shopify_assessment", "target_name": "staging", "node_id": "model.shopify_assessment.stg_products"} */

  create view "airbyte_db"."staging_staging"."stg_products__dbt_tmp"
    
    
  as (
    select
    "ID" as product_id,
    "ADMIN_GRAPHQL_API_ID" as admin_graphql_api_id,
    nullif(trim("TITLE"), '') as product_title,
    nullif(trim("PRODUCT_TYPE"), '') as product_type,
    nullif(trim("VENDOR"), '') as vendor,
    "TAGS" as tags,
    "OPTIONS" as options,
    "VARIANTS" as variants,
    "_PORTABLE_EXTRACTED" as portable_extracted_at,
    _airbyte_extracted_at
from "airbyte_db"."raw"."products"
  );
[0m15:49:50.788618 [debug] [Thread-3  ]: SQL status: CREATE VIEW in 0.016 seconds
[0m15:49:50.789619 [debug] [Thread-2  ]: SQL status: CREATE VIEW in 0.018 seconds
[0m15:49:50.790620 [debug] [Thread-1  ]: SQL status: CREATE VIEW in 0.021 seconds
[0m15:49:50.799615 [debug] [Thread-3  ]: Using postgres connection "model.shopify_assessment.stg_products"
[0m15:49:50.804650 [debug] [Thread-2  ]: Using postgres connection "model.shopify_assessment.stg_orders"
[0m15:49:50.808617 [debug] [Thread-1  ]: Using postgres connection "model.shopify_assessment.stg_customers"
[0m15:49:50.809616 [debug] [Thread-3  ]: On model.shopify_assessment.stg_products: /* {"app": "dbt", "dbt_version": "1.10.20", "profile_name": "shopify_assessment", "target_name": "staging", "node_id": "model.shopify_assessment.stg_products"} */
alter table "airbyte_db"."staging_staging"."stg_products" rename to "stg_products__dbt_backup"
[0m15:49:50.810615 [debug] [Thread-2  ]: On model.shopify_assessment.stg_orders: /* {"app": "dbt", "dbt_version": "1.10.20", "profile_name": "shopify_assessment", "target_name": "staging", "node_id": "model.shopify_assessment.stg_orders"} */
alter table "airbyte_db"."staging_staging"."stg_orders" rename to "stg_orders__dbt_backup"
[0m15:49:50.811615 [debug] [Thread-1  ]: On model.shopify_assessment.stg_customers: /* {"app": "dbt", "dbt_version": "1.10.20", "profile_name": "shopify_assessment", "target_name": "staging", "node_id": "model.shopify_assessment.stg_customers"} */
alter table "airbyte_db"."staging_staging"."stg_customers" rename to "stg_customers__dbt_backup"
[0m15:49:50.815279 [debug] [Thread-2  ]: SQL status: ALTER TABLE in 0.003 seconds
[0m15:49:50.816275 [debug] [Thread-1  ]: SQL status: ALTER TABLE in 0.003 seconds
[0m15:49:50.816275 [debug] [Thread-3  ]: SQL status: ALTER TABLE in 0.004 seconds
[0m15:49:50.820273 [debug] [Thread-2  ]: Using postgres connection "model.shopify_assessment.stg_orders"
[0m15:49:50.824305 [debug] [Thread-1  ]: Using postgres connection "model.shopify_assessment.stg_customers"
[0m15:49:50.830307 [debug] [Thread-3  ]: Using postgres connection "model.shopify_assessment.stg_products"
[0m15:49:50.831274 [debug] [Thread-2  ]: On model.shopify_assessment.stg_orders: /* {"app": "dbt", "dbt_version": "1.10.20", "profile_name": "shopify_assessment", "target_name": "staging", "node_id": "model.shopify_assessment.stg_orders"} */
alter table "airbyte_db"."staging_staging"."stg_orders__dbt_tmp" rename to "stg_orders"
[0m15:49:50.831274 [debug] [Thread-1  ]: On model.shopify_assessment.stg_customers: /* {"app": "dbt", "dbt_version": "1.10.20", "profile_name": "shopify_assessment", "target_name": "staging", "node_id": "model.shopify_assessment.stg_customers"} */
alter table "airbyte_db"."staging_staging"."stg_customers__dbt_tmp" rename to "stg_customers"
[0m15:49:50.832305 [debug] [Thread-3  ]: On model.shopify_assessment.stg_products: /* {"app": "dbt", "dbt_version": "1.10.20", "profile_name": "shopify_assessment", "target_name": "staging", "node_id": "model.shopify_assessment.stg_products"} */
alter table "airbyte_db"."staging_staging"."stg_products__dbt_tmp" rename to "stg_products"
[0m15:49:50.834273 [debug] [Thread-1  ]: SQL status: ALTER TABLE in 0.001 seconds
[0m15:49:50.835303 [debug] [Thread-2  ]: SQL status: ALTER TABLE in 0.002 seconds
[0m15:49:50.835303 [debug] [Thread-3  ]: SQL status: ALTER TABLE in 0.002 seconds
[0m15:49:50.855274 [debug] [Thread-1  ]: On model.shopify_assessment.stg_customers: COMMIT
[0m15:49:50.858313 [debug] [Thread-2  ]: On model.shopify_assessment.stg_orders: COMMIT
[0m15:49:50.861277 [debug] [Thread-3  ]: On model.shopify_assessment.stg_products: COMMIT
[0m15:49:50.862274 [debug] [Thread-1  ]: Using postgres connection "model.shopify_assessment.stg_customers"
[0m15:49:50.862274 [debug] [Thread-2  ]: Using postgres connection "model.shopify_assessment.stg_orders"
[0m15:49:50.863274 [debug] [Thread-3  ]: Using postgres connection "model.shopify_assessment.stg_products"
[0m15:49:50.864286 [debug] [Thread-1  ]: On model.shopify_assessment.stg_customers: COMMIT
[0m15:49:50.865273 [debug] [Thread-2  ]: On model.shopify_assessment.stg_orders: COMMIT
[0m15:49:50.865273 [debug] [Thread-3  ]: On model.shopify_assessment.stg_products: COMMIT
[0m15:49:50.872275 [debug] [Thread-1  ]: SQL status: COMMIT in 0.006 seconds
[0m15:49:50.881274 [debug] [Thread-1  ]: Applying DROP to: "airbyte_db"."staging_staging"."stg_customers__dbt_backup"
[0m15:49:50.882273 [debug] [Thread-3  ]: SQL status: COMMIT in 0.015 seconds
[0m15:49:50.882273 [debug] [Thread-2  ]: SQL status: COMMIT in 0.016 seconds
[0m15:49:50.888273 [debug] [Thread-1  ]: Using postgres connection "model.shopify_assessment.stg_customers"
[0m15:49:50.893273 [debug] [Thread-3  ]: Applying DROP to: "airbyte_db"."staging_staging"."stg_products__dbt_backup"
[0m15:49:50.897310 [debug] [Thread-2  ]: Applying DROP to: "airbyte_db"."staging_staging"."stg_orders__dbt_backup"
[0m15:49:50.898306 [debug] [Thread-1  ]: On model.shopify_assessment.stg_customers: /* {"app": "dbt", "dbt_version": "1.10.20", "profile_name": "shopify_assessment", "target_name": "staging", "node_id": "model.shopify_assessment.stg_customers"} */
drop view if exists "airbyte_db"."staging_staging"."stg_customers__dbt_backup" cascade
[0m15:49:50.900274 [debug] [Thread-3  ]: Using postgres connection "model.shopify_assessment.stg_products"
[0m15:49:50.901273 [debug] [Thread-2  ]: Using postgres connection "model.shopify_assessment.stg_orders"
[0m15:49:50.902273 [debug] [Thread-3  ]: On model.shopify_assessment.stg_products: /* {"app": "dbt", "dbt_version": "1.10.20", "profile_name": "shopify_assessment", "target_name": "staging", "node_id": "model.shopify_assessment.stg_products"} */
drop view if exists "airbyte_db"."staging_staging"."stg_products__dbt_backup" cascade
[0m15:49:50.903275 [debug] [Thread-2  ]: On model.shopify_assessment.stg_orders: /* {"app": "dbt", "dbt_version": "1.10.20", "profile_name": "shopify_assessment", "target_name": "staging", "node_id": "model.shopify_assessment.stg_orders"} */
drop view if exists "airbyte_db"."staging_staging"."stg_orders__dbt_backup" cascade
[0m15:49:50.912273 [debug] [Thread-1  ]: SQL status: DROP VIEW in 0.011 seconds
[0m15:49:50.916273 [debug] [Thread-1  ]: On model.shopify_assessment.stg_customers: Close
[0m15:49:50.917274 [debug] [Thread-3  ]: SQL status: DROP VIEW in 0.013 seconds
[0m15:49:50.917274 [debug] [Thread-2  ]: SQL status: DROP VIEW in 0.013 seconds
[0m15:49:50.922280 [debug] [Thread-3  ]: On model.shopify_assessment.stg_products: Close
[0m15:49:50.925273 [debug] [Thread-2  ]: On model.shopify_assessment.stg_orders: Close
[0m15:49:50.925273 [debug] [Thread-1  ]: Sending event: {'category': 'dbt', 'action': 'run_model', 'label': 'f19a5aae-4d47-4a37-b3f6-f626160002d7', 'context': [<snowplow_tracker.self_describing_json.SelfDescribingJson object at 0x00000282A2E64CD0>]}
[0m15:49:50.927279 [debug] [Thread-3  ]: Sending event: {'category': 'dbt', 'action': 'run_model', 'label': 'f19a5aae-4d47-4a37-b3f6-f626160002d7', 'context': [<snowplow_tracker.self_describing_json.SelfDescribingJson object at 0x00000282A2F50C10>]}
[0m15:49:50.931280 [debug] [Thread-2  ]: Sending event: {'category': 'dbt', 'action': 'run_model', 'label': 'f19a5aae-4d47-4a37-b3f6-f626160002d7', 'context': [<snowplow_tracker.self_describing_json.SelfDescribingJson object at 0x00000282A2F23DC0>]}
[0m15:49:50.929273 [info ] [Thread-1  ]: 1 of 33 OK created sql view model staging_staging.stg_customers ................ [[32mCREATE VIEW[0m in 0.28s]
[0m15:49:50.933281 [info ] [Thread-3  ]: 3 of 33 OK created sql view model staging_staging.stg_products ................. [[32mCREATE VIEW[0m in 0.29s]
[0m15:49:50.936274 [info ] [Thread-2  ]: 2 of 33 OK created sql view model staging_staging.stg_orders ................... [[32mCREATE VIEW[0m in 0.29s]
[0m15:49:50.937273 [debug] [Thread-1  ]: Finished running node model.shopify_assessment.stg_customers
[0m15:49:50.939274 [debug] [Thread-3  ]: Finished running node model.shopify_assessment.stg_products
[0m15:49:50.940276 [debug] [Thread-2  ]: Finished running node model.shopify_assessment.stg_orders
[0m15:49:50.941273 [debug] [Thread-4  ]: Began running node test.shopify_assessment.not_null_stg_customers_customer_id.e2cfb1f9aa
[0m15:49:50.942272 [debug] [Thread-1  ]: Began running node test.shopify_assessment.unique_stg_customers_customer_id.c7614daada
[0m15:49:50.943274 [debug] [Thread-3  ]: Began running node test.shopify_assessment.not_null_stg_products_product_id.6373b0acf3
[0m15:49:50.944275 [debug] [Thread-2  ]: Began running node test.shopify_assessment.unique_stg_products_product_id.7d950a1467
[0m15:49:50.945277 [info ] [Thread-4  ]: 4 of 33 START test not_null_stg_customers_customer_id .......................... [RUN]
[0m15:49:50.946310 [info ] [Thread-1  ]: 5 of 33 START test unique_stg_customers_customer_id ............................ [RUN]
[0m15:49:50.948273 [info ] [Thread-3  ]: 6 of 33 START test not_null_stg_products_product_id ............................ [RUN]
[0m15:49:50.948273 [info ] [Thread-2  ]: 7 of 33 START test unique_stg_products_product_id .............................. [RUN]
[0m15:49:50.950274 [debug] [Thread-4  ]: Acquiring new postgres connection 'test.shopify_assessment.not_null_stg_customers_customer_id.e2cfb1f9aa'
[0m15:49:50.950274 [debug] [Thread-1  ]: Re-using an available connection from the pool (formerly model.shopify_assessment.stg_customers, now test.shopify_assessment.unique_stg_customers_customer_id.c7614daada)
[0m15:49:50.951277 [debug] [Thread-3  ]: Re-using an available connection from the pool (formerly model.shopify_assessment.stg_products, now test.shopify_assessment.not_null_stg_products_product_id.6373b0acf3)
[0m15:49:50.953279 [debug] [Thread-2  ]: Re-using an available connection from the pool (formerly model.shopify_assessment.stg_orders, now test.shopify_assessment.unique_stg_products_product_id.7d950a1467)
[0m15:49:50.954275 [debug] [Thread-4  ]: Began compiling node test.shopify_assessment.not_null_stg_customers_customer_id.e2cfb1f9aa
[0m15:49:50.954275 [debug] [Thread-1  ]: Began compiling node test.shopify_assessment.unique_stg_customers_customer_id.c7614daada
[0m15:49:50.955277 [debug] [Thread-3  ]: Began compiling node test.shopify_assessment.not_null_stg_products_product_id.6373b0acf3
[0m15:49:50.956274 [debug] [Thread-2  ]: Began compiling node test.shopify_assessment.unique_stg_products_product_id.7d950a1467
[0m15:49:50.973112 [debug] [Thread-4  ]: Writing injected SQL for node "test.shopify_assessment.not_null_stg_customers_customer_id.e2cfb1f9aa"
[0m15:49:50.982080 [debug] [Thread-1  ]: Writing injected SQL for node "test.shopify_assessment.unique_stg_customers_customer_id.c7614daada"
[0m15:49:50.988081 [debug] [Thread-3  ]: Writing injected SQL for node "test.shopify_assessment.not_null_stg_products_product_id.6373b0acf3"
[0m15:49:50.993111 [debug] [Thread-2  ]: Writing injected SQL for node "test.shopify_assessment.unique_stg_products_product_id.7d950a1467"
[0m15:49:50.995080 [debug] [Thread-4  ]: Began executing node test.shopify_assessment.not_null_stg_customers_customer_id.e2cfb1f9aa
[0m15:49:51.015224 [debug] [Thread-1  ]: Began executing node test.shopify_assessment.unique_stg_customers_customer_id.c7614daada
[0m15:49:51.015731 [debug] [Thread-3  ]: Began executing node test.shopify_assessment.not_null_stg_products_product_id.6373b0acf3
[0m15:49:51.019738 [debug] [Thread-4  ]: Writing runtime sql for node "test.shopify_assessment.not_null_stg_customers_customer_id.e2cfb1f9aa"
[0m15:49:51.020739 [debug] [Thread-2  ]: Began executing node test.shopify_assessment.unique_stg_products_product_id.7d950a1467
[0m15:49:51.075774 [debug] [Thread-1  ]: Writing runtime sql for node "test.shopify_assessment.unique_stg_customers_customer_id.c7614daada"
[0m15:49:51.081744 [debug] [Thread-3  ]: Writing runtime sql for node "test.shopify_assessment.not_null_stg_products_product_id.6373b0acf3"
[0m15:49:51.085738 [debug] [Thread-2  ]: Writing runtime sql for node "test.shopify_assessment.unique_stg_products_product_id.7d950a1467"
[0m15:49:51.086738 [debug] [Thread-4  ]: Using postgres connection "test.shopify_assessment.not_null_stg_customers_customer_id.e2cfb1f9aa"
[0m15:49:51.088742 [debug] [Thread-1  ]: Using postgres connection "test.shopify_assessment.unique_stg_customers_customer_id.c7614daada"
[0m15:49:51.089741 [debug] [Thread-3  ]: Using postgres connection "test.shopify_assessment.not_null_stg_products_product_id.6373b0acf3"
[0m15:49:51.090742 [debug] [Thread-4  ]: On test.shopify_assessment.not_null_stg_customers_customer_id.e2cfb1f9aa: BEGIN
[0m15:49:51.091741 [debug] [Thread-2  ]: Using postgres connection "test.shopify_assessment.unique_stg_products_product_id.7d950a1467"
[0m15:49:51.092742 [debug] [Thread-1  ]: On test.shopify_assessment.unique_stg_customers_customer_id.c7614daada: BEGIN
[0m15:49:51.094743 [debug] [Thread-3  ]: On test.shopify_assessment.not_null_stg_products_product_id.6373b0acf3: BEGIN
[0m15:49:51.095740 [debug] [Thread-4  ]: Opening a new connection, currently in state init
[0m15:49:51.095740 [debug] [Thread-2  ]: On test.shopify_assessment.unique_stg_products_product_id.7d950a1467: BEGIN
[0m15:49:51.096773 [debug] [Thread-1  ]: Opening a new connection, currently in state closed
[0m15:49:51.097741 [debug] [Thread-3  ]: Opening a new connection, currently in state closed
[0m15:49:51.098738 [debug] [Thread-2  ]: Opening a new connection, currently in state closed
[0m15:49:51.131742 [debug] [Thread-4  ]: SQL status: BEGIN in 0.036 seconds
[0m15:49:51.132742 [debug] [Thread-4  ]: Using postgres connection "test.shopify_assessment.not_null_stg_customers_customer_id.e2cfb1f9aa"
[0m15:49:51.133739 [debug] [Thread-1  ]: SQL status: BEGIN in 0.036 seconds
[0m15:49:51.134739 [debug] [Thread-4  ]: On test.shopify_assessment.not_null_stg_customers_customer_id.e2cfb1f9aa: /* {"app": "dbt", "dbt_version": "1.10.20", "profile_name": "shopify_assessment", "target_name": "staging", "node_id": "test.shopify_assessment.not_null_stg_customers_customer_id.e2cfb1f9aa"} */

    select
      count(*) as failures,
      count(*) != 0 as should_warn,
      count(*) != 0 as should_error
    from (
      
    
  
    
    



select customer_id
from "airbyte_db"."staging_staging"."stg_customers"
where customer_id is null



  
  
      
    ) dbt_internal_test
[0m15:49:51.135740 [debug] [Thread-1  ]: Using postgres connection "test.shopify_assessment.unique_stg_customers_customer_id.c7614daada"
[0m15:49:51.136739 [debug] [Thread-1  ]: On test.shopify_assessment.unique_stg_customers_customer_id.c7614daada: /* {"app": "dbt", "dbt_version": "1.10.20", "profile_name": "shopify_assessment", "target_name": "staging", "node_id": "test.shopify_assessment.unique_stg_customers_customer_id.c7614daada"} */

    select
      count(*) as failures,
      count(*) != 0 as should_warn,
      count(*) != 0 as should_error
    from (
      
    
  
    
    

select
    customer_id as unique_field,
    count(*) as n_records

from "airbyte_db"."staging_staging"."stg_customers"
where customer_id is not null
group by customer_id
having count(*) > 1



  
  
      
    ) dbt_internal_test
[0m15:49:51.142739 [debug] [Thread-4  ]: SQL status: SELECT 1 in 0.006 seconds
[0m15:49:51.143740 [debug] [Thread-1  ]: SQL status: SELECT 1 in 0.006 seconds
[0m15:49:51.144742 [debug] [Thread-2  ]: SQL status: BEGIN in 0.046 seconds
[0m15:49:51.145740 [debug] [Thread-3  ]: SQL status: BEGIN in 0.048 seconds
[0m15:49:51.150776 [debug] [Thread-4  ]: On test.shopify_assessment.not_null_stg_customers_customer_id.e2cfb1f9aa: ROLLBACK
[0m15:49:51.152740 [debug] [Thread-1  ]: On test.shopify_assessment.unique_stg_customers_customer_id.c7614daada: ROLLBACK
[0m15:49:51.152740 [debug] [Thread-2  ]: Using postgres connection "test.shopify_assessment.unique_stg_products_product_id.7d950a1467"
[0m15:49:51.153738 [debug] [Thread-3  ]: Using postgres connection "test.shopify_assessment.not_null_stg_products_product_id.6373b0acf3"
[0m15:49:51.155743 [debug] [Thread-2  ]: On test.shopify_assessment.unique_stg_products_product_id.7d950a1467: /* {"app": "dbt", "dbt_version": "1.10.20", "profile_name": "shopify_assessment", "target_name": "staging", "node_id": "test.shopify_assessment.unique_stg_products_product_id.7d950a1467"} */

    select
      count(*) as failures,
      count(*) != 0 as should_warn,
      count(*) != 0 as should_error
    from (
      
    
  
    
    

select
    product_id as unique_field,
    count(*) as n_records

from "airbyte_db"."staging_staging"."stg_products"
where product_id is not null
group by product_id
having count(*) > 1



  
  
      
    ) dbt_internal_test
[0m15:49:51.155743 [debug] [Thread-4  ]: On test.shopify_assessment.not_null_stg_customers_customer_id.e2cfb1f9aa: Close
[0m15:49:51.156770 [debug] [Thread-1  ]: On test.shopify_assessment.unique_stg_customers_customer_id.c7614daada: Close
[0m15:49:51.156770 [debug] [Thread-3  ]: On test.shopify_assessment.not_null_stg_products_product_id.6373b0acf3: /* {"app": "dbt", "dbt_version": "1.10.20", "profile_name": "shopify_assessment", "target_name": "staging", "node_id": "test.shopify_assessment.not_null_stg_products_product_id.6373b0acf3"} */

    select
      count(*) as failures,
      count(*) != 0 as should_warn,
      count(*) != 0 as should_error
    from (
      
    
  
    
    



select product_id
from "airbyte_db"."staging_staging"."stg_products"
where product_id is null



  
  
      
    ) dbt_internal_test
[0m15:49:51.159739 [info ] [Thread-4  ]: 4 of 33 PASS not_null_stg_customers_customer_id ................................ [[32mPASS[0m in 0.21s]
[0m15:49:51.163739 [info ] [Thread-1  ]: 5 of 33 PASS unique_stg_customers_customer_id .................................. [[32mPASS[0m in 0.21s]
[0m15:49:51.168747 [debug] [Thread-2  ]: SQL status: SELECT 1 in 0.010 seconds
[0m15:49:51.169739 [debug] [Thread-3  ]: SQL status: SELECT 1 in 0.002 seconds
[0m15:49:51.170740 [debug] [Thread-4  ]: Finished running node test.shopify_assessment.not_null_stg_customers_customer_id.e2cfb1f9aa
[0m15:49:51.171742 [debug] [Thread-1  ]: Finished running node test.shopify_assessment.unique_stg_customers_customer_id.c7614daada
[0m15:49:51.174412 [debug] [Thread-2  ]: On test.shopify_assessment.unique_stg_products_product_id.7d950a1467: ROLLBACK
[0m15:49:51.176409 [debug] [Thread-3  ]: On test.shopify_assessment.not_null_stg_products_product_id.6373b0acf3: ROLLBACK
[0m15:49:51.178414 [debug] [Thread-4  ]: Began running node test.shopify_assessment.not_null_stg_orders_customer_id.af79d5e4b5
[0m15:49:51.179411 [debug] [Thread-1  ]: Began running node test.shopify_assessment.not_null_stg_orders_order_id.81cfe2fe64
[0m15:49:51.182409 [debug] [Thread-3  ]: On test.shopify_assessment.not_null_stg_products_product_id.6373b0acf3: Close
[0m15:49:51.182409 [debug] [Thread-2  ]: On test.shopify_assessment.unique_stg_products_product_id.7d950a1467: Close
[0m15:49:51.181413 [info ] [Thread-4  ]: 8 of 33 START test not_null_stg_orders_customer_id ............................. [RUN]
[0m15:49:51.183410 [info ] [Thread-1  ]: 9 of 33 START test not_null_stg_orders_order_id ................................ [RUN]
[0m15:49:51.191409 [debug] [Thread-4  ]: Re-using an available connection from the pool (formerly test.shopify_assessment.not_null_stg_customers_customer_id.e2cfb1f9aa, now test.shopify_assessment.not_null_stg_orders_customer_id.af79d5e4b5)
[0m15:49:51.185414 [info ] [Thread-3  ]: 6 of 33 PASS not_null_stg_products_product_id .................................. [[32mPASS[0m in 0.23s]
[0m15:49:51.195416 [debug] [Thread-1  ]: Re-using an available connection from the pool (formerly test.shopify_assessment.unique_stg_customers_customer_id.c7614daada, now test.shopify_assessment.not_null_stg_orders_order_id.81cfe2fe64)
[0m15:49:51.189410 [info ] [Thread-2  ]: 7 of 33 PASS unique_stg_products_product_id .................................... [[32mPASS[0m in 0.24s]
[0m15:49:51.198409 [debug] [Thread-4  ]: Began compiling node test.shopify_assessment.not_null_stg_orders_customer_id.af79d5e4b5
[0m15:49:51.201410 [debug] [Thread-3  ]: Finished running node test.shopify_assessment.not_null_stg_products_product_id.6373b0acf3
[0m15:49:51.203411 [debug] [Thread-1  ]: Began compiling node test.shopify_assessment.not_null_stg_orders_order_id.81cfe2fe64
[0m15:49:51.205410 [debug] [Thread-2  ]: Finished running node test.shopify_assessment.unique_stg_products_product_id.7d950a1467
[0m15:49:51.212411 [debug] [Thread-4  ]: Writing injected SQL for node "test.shopify_assessment.not_null_stg_orders_customer_id.af79d5e4b5"
[0m15:49:51.213409 [debug] [Thread-3  ]: Began running node test.shopify_assessment.unique_stg_orders_order_id.e3b841c71a
[0m15:49:51.219963 [debug] [Thread-1  ]: Writing injected SQL for node "test.shopify_assessment.not_null_stg_orders_order_id.81cfe2fe64"
[0m15:49:51.220961 [debug] [Thread-2  ]: Began running node model.shopify_assessment.dim_customers
[0m15:49:51.221961 [info ] [Thread-3  ]: 10 of 33 START test unique_stg_orders_order_id ................................. [RUN]
[0m15:49:51.222963 [debug] [Thread-4  ]: Began executing node test.shopify_assessment.not_null_stg_orders_customer_id.af79d5e4b5
[0m15:49:51.224964 [info ] [Thread-2  ]: 11 of 33 START sql table model staging_marts.dim_customers ..................... [RUN]
[0m15:49:51.226962 [debug] [Thread-1  ]: Began executing node test.shopify_assessment.not_null_stg_orders_order_id.81cfe2fe64
[0m15:49:51.228964 [debug] [Thread-3  ]: Re-using an available connection from the pool (formerly test.shopify_assessment.not_null_stg_products_product_id.6373b0acf3, now test.shopify_assessment.unique_stg_orders_order_id.e3b841c71a)
[0m15:49:51.231960 [debug] [Thread-4  ]: Writing runtime sql for node "test.shopify_assessment.not_null_stg_orders_customer_id.af79d5e4b5"
[0m15:49:51.232960 [debug] [Thread-2  ]: Re-using an available connection from the pool (formerly test.shopify_assessment.unique_stg_products_product_id.7d950a1467, now model.shopify_assessment.dim_customers)
[0m15:49:51.238960 [debug] [Thread-1  ]: Writing runtime sql for node "test.shopify_assessment.not_null_stg_orders_order_id.81cfe2fe64"
[0m15:49:51.239962 [debug] [Thread-3  ]: Began compiling node test.shopify_assessment.unique_stg_orders_order_id.e3b841c71a
[0m15:49:51.240961 [debug] [Thread-2  ]: Began compiling node model.shopify_assessment.dim_customers
[0m15:49:51.241962 [debug] [Thread-4  ]: Using postgres connection "test.shopify_assessment.not_null_stg_orders_customer_id.af79d5e4b5"
[0m15:49:51.247959 [debug] [Thread-3  ]: Writing injected SQL for node "test.shopify_assessment.unique_stg_orders_order_id.e3b841c71a"
[0m15:49:51.248960 [debug] [Thread-1  ]: Using postgres connection "test.shopify_assessment.not_null_stg_orders_order_id.81cfe2fe64"
[0m15:49:51.252961 [debug] [Thread-2  ]: Writing injected SQL for node "model.shopify_assessment.dim_customers"
[0m15:49:51.253961 [debug] [Thread-4  ]: On test.shopify_assessment.not_null_stg_orders_customer_id.af79d5e4b5: BEGIN
[0m15:49:51.254961 [debug] [Thread-1  ]: On test.shopify_assessment.not_null_stg_orders_order_id.81cfe2fe64: BEGIN
[0m15:49:51.255962 [debug] [Thread-3  ]: Began executing node test.shopify_assessment.unique_stg_orders_order_id.e3b841c71a
[0m15:49:51.256964 [debug] [Thread-4  ]: Opening a new connection, currently in state closed
[0m15:49:51.257965 [debug] [Thread-2  ]: Began executing node model.shopify_assessment.dim_customers
[0m15:49:51.257965 [debug] [Thread-1  ]: Opening a new connection, currently in state closed
[0m15:49:51.262960 [debug] [Thread-3  ]: Writing runtime sql for node "test.shopify_assessment.unique_stg_orders_order_id.e3b841c71a"
[0m15:49:51.297962 [debug] [Thread-2  ]: Writing runtime sql for node "model.shopify_assessment.dim_customers"
[0m15:49:51.298961 [debug] [Thread-4  ]: SQL status: BEGIN in 0.042 seconds
[0m15:49:51.300962 [debug] [Thread-4  ]: Using postgres connection "test.shopify_assessment.not_null_stg_orders_customer_id.af79d5e4b5"
[0m15:49:51.301967 [debug] [Thread-4  ]: On test.shopify_assessment.not_null_stg_orders_customer_id.af79d5e4b5: /* {"app": "dbt", "dbt_version": "1.10.20", "profile_name": "shopify_assessment", "target_name": "staging", "node_id": "test.shopify_assessment.not_null_stg_orders_customer_id.af79d5e4b5"} */

    select
      count(*) as failures,
      count(*) != 0 as should_warn,
      count(*) != 0 as should_error
    from (
      
    
  
    
    



select customer_id
from "airbyte_db"."staging_staging"."stg_orders"
where customer_id is null



  
  
      
    ) dbt_internal_test
[0m15:49:51.303967 [debug] [Thread-3  ]: Using postgres connection "test.shopify_assessment.unique_stg_orders_order_id.e3b841c71a"
[0m15:49:51.304972 [debug] [Thread-3  ]: On test.shopify_assessment.unique_stg_orders_order_id.e3b841c71a: BEGIN
[0m15:49:51.306961 [debug] [Thread-2  ]: Using postgres connection "model.shopify_assessment.dim_customers"
[0m15:49:51.307967 [debug] [Thread-3  ]: Opening a new connection, currently in state closed
[0m15:49:51.308968 [debug] [Thread-2  ]: On model.shopify_assessment.dim_customers: BEGIN
[0m15:49:51.310968 [debug] [Thread-2  ]: Opening a new connection, currently in state closed
[0m15:49:51.323965 [debug] [Thread-1  ]: SQL status: BEGIN in 0.066 seconds
[0m15:49:51.325962 [debug] [Thread-1  ]: Using postgres connection "test.shopify_assessment.not_null_stg_orders_order_id.81cfe2fe64"
[0m15:49:51.326963 [debug] [Thread-1  ]: On test.shopify_assessment.not_null_stg_orders_order_id.81cfe2fe64: /* {"app": "dbt", "dbt_version": "1.10.20", "profile_name": "shopify_assessment", "target_name": "staging", "node_id": "test.shopify_assessment.not_null_stg_orders_order_id.81cfe2fe64"} */

    select
      count(*) as failures,
      count(*) != 0 as should_warn,
      count(*) != 0 as should_error
    from (
      
    
  
    
    



select order_id
from "airbyte_db"."staging_staging"."stg_orders"
where order_id is null



  
  
      
    ) dbt_internal_test
[0m15:49:51.340964 [debug] [Thread-3  ]: SQL status: BEGIN in 0.032 seconds
[0m15:49:51.341965 [debug] [Thread-3  ]: Using postgres connection "test.shopify_assessment.unique_stg_orders_order_id.e3b841c71a"
[0m15:49:51.343961 [debug] [Thread-3  ]: On test.shopify_assessment.unique_stg_orders_order_id.e3b841c71a: /* {"app": "dbt", "dbt_version": "1.10.20", "profile_name": "shopify_assessment", "target_name": "staging", "node_id": "test.shopify_assessment.unique_stg_orders_order_id.e3b841c71a"} */

    select
      count(*) as failures,
      count(*) != 0 as should_warn,
      count(*) != 0 as should_error
    from (
      
    
  
    
    

select
    order_id as unique_field,
    count(*) as n_records

from "airbyte_db"."staging_staging"."stg_orders"
where order_id is not null
group by order_id
having count(*) > 1



  
  
      
    ) dbt_internal_test
[0m15:49:51.356965 [debug] [Thread-2  ]: SQL status: BEGIN in 0.045 seconds
[0m15:49:51.357962 [debug] [Thread-2  ]: Using postgres connection "model.shopify_assessment.dim_customers"
[0m15:49:51.358961 [debug] [Thread-2  ]: On model.shopify_assessment.dim_customers: /* {"app": "dbt", "dbt_version": "1.10.20", "profile_name": "shopify_assessment", "target_name": "staging", "node_id": "model.shopify_assessment.dim_customers"} */

  
    

  create  table "airbyte_db"."staging_marts"."dim_customers__dbt_tmp"
  
  
    as
  
  (
    select
    customer_id,
    admin_graphql_api_id,
    created_at,
    tags,
    addresses,
    portable_extracted_at,
    _airbyte_extracted_at
from "airbyte_db"."staging_staging"."stg_customers"
  );
  
[0m15:49:51.359963 [debug] [Thread-1  ]: SQL status: SELECT 1 in 0.032 seconds
[0m15:49:51.361545 [debug] [Thread-3  ]: SQL status: SELECT 1 in 0.016 seconds
[0m15:49:51.362554 [debug] [Thread-4  ]: SQL status: SELECT 1 in 0.059 seconds
[0m15:49:51.367554 [debug] [Thread-1  ]: On test.shopify_assessment.not_null_stg_orders_order_id.81cfe2fe64: ROLLBACK
[0m15:49:51.373559 [debug] [Thread-3  ]: On test.shopify_assessment.unique_stg_orders_order_id.e3b841c71a: ROLLBACK
[0m15:49:51.377553 [debug] [Thread-4  ]: On test.shopify_assessment.not_null_stg_orders_customer_id.af79d5e4b5: ROLLBACK
[0m15:49:51.379786 [debug] [Thread-1  ]: On test.shopify_assessment.not_null_stg_orders_order_id.81cfe2fe64: Close
[0m15:49:51.382558 [debug] [Thread-3  ]: On test.shopify_assessment.unique_stg_orders_order_id.e3b841c71a: Close
[0m15:49:51.381554 [info ] [Thread-1  ]: 9 of 33 PASS not_null_stg_orders_order_id ...................................... [[32mPASS[0m in 0.19s]
[0m15:49:51.385560 [debug] [Thread-4  ]: On test.shopify_assessment.not_null_stg_orders_customer_id.af79d5e4b5: Close
[0m15:49:51.384554 [info ] [Thread-3  ]: 10 of 33 PASS unique_stg_orders_order_id ....................................... [[32mPASS[0m in 0.16s]
[0m15:49:51.388553 [debug] [Thread-1  ]: Finished running node test.shopify_assessment.not_null_stg_orders_order_id.81cfe2fe64
[0m15:49:51.390554 [info ] [Thread-4  ]: 8 of 33 PASS not_null_stg_orders_customer_id ................................... [[32mPASS[0m in 0.20s]
[0m15:49:51.392559 [debug] [Thread-3  ]: Finished running node test.shopify_assessment.unique_stg_orders_order_id.e3b841c71a
[0m15:49:51.396595 [debug] [Thread-1  ]: Began running node model.shopify_assessment.dim_products
[0m15:49:51.398566 [debug] [Thread-4  ]: Finished running node test.shopify_assessment.not_null_stg_orders_customer_id.af79d5e4b5
[0m15:49:51.401561 [info ] [Thread-1  ]: 12 of 33 START sql table model staging_marts.dim_products ...................... [RUN]
[0m15:49:51.400558 [debug] [Thread-3  ]: Began running node model.shopify_assessment.stg_product_variants
[0m15:49:51.404565 [debug] [Thread-1  ]: Re-using an available connection from the pool (formerly test.shopify_assessment.not_null_stg_orders_order_id.81cfe2fe64, now model.shopify_assessment.dim_products)
[0m15:49:51.406563 [debug] [Thread-4  ]: Began running node model.shopify_assessment.stg_order_line_items
[0m15:49:51.408986 [debug] [Thread-1  ]: Began compiling node model.shopify_assessment.dim_products
[0m15:49:51.407561 [info ] [Thread-3  ]: 13 of 33 START sql view model staging_staging.stg_product_variants ............. [RUN]
[0m15:49:51.413533 [info ] [Thread-4  ]: 14 of 33 START sql view model staging_staging.stg_order_line_items ............. [RUN]
[0m15:49:51.419511 [debug] [Thread-1  ]: Writing injected SQL for node "model.shopify_assessment.dim_products"
[0m15:49:51.421510 [debug] [Thread-2  ]: SQL status: SELECT 100 in 0.059 seconds
[0m15:49:51.422510 [debug] [Thread-3  ]: Re-using an available connection from the pool (formerly test.shopify_assessment.unique_stg_orders_order_id.e3b841c71a, now model.shopify_assessment.stg_product_variants)
[0m15:49:51.423511 [debug] [Thread-4  ]: Re-using an available connection from the pool (formerly test.shopify_assessment.not_null_stg_orders_customer_id.af79d5e4b5, now model.shopify_assessment.stg_order_line_items)
[0m15:49:51.438511 [debug] [Thread-2  ]: Using postgres connection "model.shopify_assessment.dim_customers"
[0m15:49:51.440512 [debug] [Thread-1  ]: Began executing node model.shopify_assessment.dim_products
[0m15:49:51.441513 [debug] [Thread-3  ]: Began compiling node model.shopify_assessment.stg_product_variants
[0m15:49:51.442512 [debug] [Thread-4  ]: Began compiling node model.shopify_assessment.stg_order_line_items
[0m15:49:51.443510 [debug] [Thread-2  ]: On model.shopify_assessment.dim_customers: /* {"app": "dbt", "dbt_version": "1.10.20", "profile_name": "shopify_assessment", "target_name": "staging", "node_id": "model.shopify_assessment.dim_customers"} */
alter table "airbyte_db"."staging_marts"."dim_customers__dbt_tmp" rename to "dim_customers"
[0m15:49:51.449510 [debug] [Thread-1  ]: Writing runtime sql for node "model.shopify_assessment.dim_products"
[0m15:49:51.453510 [debug] [Thread-3  ]: Writing injected SQL for node "model.shopify_assessment.stg_product_variants"
[0m15:49:51.459512 [debug] [Thread-4  ]: Writing injected SQL for node "model.shopify_assessment.stg_order_line_items"
[0m15:49:51.461510 [debug] [Thread-2  ]: SQL status: ALTER TABLE in 0.001 seconds
[0m15:49:51.462513 [debug] [Thread-1  ]: Using postgres connection "model.shopify_assessment.dim_products"
[0m15:49:51.463512 [debug] [Thread-3  ]: Began executing node model.shopify_assessment.stg_product_variants
[0m15:49:51.465508 [debug] [Thread-2  ]: On model.shopify_assessment.dim_customers: COMMIT
[0m15:49:51.466511 [debug] [Thread-4  ]: Began executing node model.shopify_assessment.stg_order_line_items
[0m15:49:51.466511 [debug] [Thread-1  ]: On model.shopify_assessment.dim_products: BEGIN
[0m15:49:51.472515 [debug] [Thread-3  ]: Writing runtime sql for node "model.shopify_assessment.stg_product_variants"
[0m15:49:51.473510 [debug] [Thread-2  ]: Using postgres connection "model.shopify_assessment.dim_customers"
[0m15:49:51.479511 [debug] [Thread-4  ]: Writing runtime sql for node "model.shopify_assessment.stg_order_line_items"
[0m15:49:51.480511 [debug] [Thread-1  ]: Opening a new connection, currently in state closed
[0m15:49:51.481509 [debug] [Thread-2  ]: On model.shopify_assessment.dim_customers: COMMIT
[0m15:49:51.482509 [debug] [Thread-3  ]: Using postgres connection "model.shopify_assessment.stg_product_variants"
[0m15:49:51.484510 [debug] [Thread-4  ]: Using postgres connection "model.shopify_assessment.stg_order_line_items"
[0m15:49:51.485512 [debug] [Thread-3  ]: On model.shopify_assessment.stg_product_variants: BEGIN
[0m15:49:51.487516 [debug] [Thread-4  ]: On model.shopify_assessment.stg_order_line_items: BEGIN
[0m15:49:51.490511 [debug] [Thread-3  ]: Opening a new connection, currently in state closed
[0m15:49:51.491511 [debug] [Thread-4  ]: Opening a new connection, currently in state closed
[0m15:49:51.494513 [debug] [Thread-2  ]: SQL status: COMMIT in 0.011 seconds
[0m15:49:51.506510 [debug] [Thread-2  ]: Applying DROP to: "airbyte_db"."staging_marts"."dim_customers__dbt_backup"
[0m15:49:51.512515 [debug] [Thread-2  ]: Using postgres connection "model.shopify_assessment.dim_customers"
[0m15:49:51.513513 [debug] [Thread-2  ]: On model.shopify_assessment.dim_customers: /* {"app": "dbt", "dbt_version": "1.10.20", "profile_name": "shopify_assessment", "target_name": "staging", "node_id": "model.shopify_assessment.dim_customers"} */
drop table if exists "airbyte_db"."staging_marts"."dim_customers__dbt_backup" cascade
[0m15:49:51.515513 [debug] [Thread-1  ]: SQL status: BEGIN in 0.035 seconds
[0m15:49:51.516511 [debug] [Thread-1  ]: Using postgres connection "model.shopify_assessment.dim_products"
[0m15:49:51.517511 [debug] [Thread-2  ]: SQL status: DROP TABLE in 0.003 seconds
[0m15:49:51.518510 [debug] [Thread-1  ]: On model.shopify_assessment.dim_products: /* {"app": "dbt", "dbt_version": "1.10.20", "profile_name": "shopify_assessment", "target_name": "staging", "node_id": "model.shopify_assessment.dim_products"} */

  
    

  create  table "airbyte_db"."staging_marts"."dim_products__dbt_tmp"
  
  
    as
  
  (
    select
    product_id,
    admin_graphql_api_id,
    product_title,
    product_type,
    vendor,
    tags,
    options,
    variants,
    portable_extracted_at,
    _airbyte_extracted_at
from "airbyte_db"."staging_staging"."stg_products"
  );
  
[0m15:49:51.521515 [debug] [Thread-2  ]: On model.shopify_assessment.dim_customers: Close
[0m15:49:51.523514 [debug] [Thread-2  ]: Sending event: {'category': 'dbt', 'action': 'run_model', 'label': 'f19a5aae-4d47-4a37-b3f6-f626160002d7', 'context': [<snowplow_tracker.self_describing_json.SelfDescribingJson object at 0x00000282A1803F10>]}
[0m15:49:51.525516 [info ] [Thread-2  ]: 11 of 33 OK created sql table model staging_marts.dim_customers ................ [[32mSELECT 100[0m in 0.29s]
[0m15:49:51.528512 [debug] [Thread-2  ]: Finished running node model.shopify_assessment.dim_customers
[0m15:49:51.531512 [debug] [Thread-3  ]: SQL status: BEGIN in 0.041 seconds
[0m15:49:51.532518 [debug] [Thread-2  ]: Began running node test.shopify_assessment.not_null_dim_customers_customer_id.dd91cd1c8d
[0m15:49:51.534511 [debug] [Thread-3  ]: Using postgres connection "model.shopify_assessment.stg_product_variants"
[0m15:49:51.535510 [debug] [Thread-4  ]: SQL status: BEGIN in 0.044 seconds
[0m15:49:51.536510 [info ] [Thread-2  ]: 15 of 33 START test not_null_dim_customers_customer_id ......................... [RUN]
[0m15:49:51.537510 [debug] [Thread-3  ]: On model.shopify_assessment.stg_product_variants: /* {"app": "dbt", "dbt_version": "1.10.20", "profile_name": "shopify_assessment", "target_name": "staging", "node_id": "model.shopify_assessment.stg_product_variants"} */

  create view "airbyte_db"."staging_staging"."stg_product_variants__dbt_tmp"
    
    
  as (
    select
    p.product_id,
    nullif(trim(v.value ->> 'ID'), '') as variant_id,
    nullif(trim(v.value ->> 'SKU'), '') as sku,
    nullif(trim(v.value ->> 'TITLE'), '') as variant_title,
    nullif(trim(v.value ->> 'OPTION1'), '') as option1,
    nullif(trim(v.value ->> 'OPTION2'), '') as option2,
    nullif(trim(v.value ->> 'PRICE'), '')::numeric as price,
    nullif(trim(v.value ->> 'INVENTORY_QUANTITY'), '')::integer as inventory_quantity,
    to_timestamp(nullif(trim(v.value ->> 'CREATED_AT'), '')::numeric) as created_at,
    to_timestamp(nullif(trim(v.value ->> 'UPDATED_AT'), '')::numeric) as updated_at
from "airbyte_db"."staging_staging"."stg_products" p
cross join lateral jsonb_array_elements(p.variants) as v(value)
  );
[0m15:49:51.538510 [debug] [Thread-4  ]: Using postgres connection "model.shopify_assessment.stg_order_line_items"
[0m15:49:51.538510 [debug] [Thread-2  ]: Re-using an available connection from the pool (formerly model.shopify_assessment.dim_customers, now test.shopify_assessment.not_null_dim_customers_customer_id.dd91cd1c8d)
[0m15:49:51.540510 [debug] [Thread-4  ]: On model.shopify_assessment.stg_order_line_items: /* {"app": "dbt", "dbt_version": "1.10.20", "profile_name": "shopify_assessment", "target_name": "staging", "node_id": "model.shopify_assessment.stg_order_line_items"} */

  create view "airbyte_db"."staging_staging"."stg_order_line_items__dbt_tmp"
    
    
  as (
    select
    o.order_id,
    li.value ->> 'ID' as line_item_id,
    li.value ->> 'PRODUCT_ID' as product_id,
    li.value ->> 'VARIANT_ID' as variant_id,
    li.value ->> 'SKU' as sku,
    li.value ->> 'TITLE' as product_title,
    li.value ->> 'VENDOR' as vendor,
    nullif(trim(li.value ->> 'QUANTITY'), '')::integer as quantity,
    nullif(trim(li.value ->> 'PRICE'), '')::numeric as price
from "airbyte_db"."staging_staging"."stg_orders" o
cross join lateral jsonb_array_elements(o.line_items) as li(value)
  );
[0m15:49:51.541510 [debug] [Thread-2  ]: Began compiling node test.shopify_assessment.not_null_dim_customers_customer_id.dd91cd1c8d
[0m15:49:51.550520 [debug] [Thread-2  ]: Writing injected SQL for node "test.shopify_assessment.not_null_dim_customers_customer_id.dd91cd1c8d"
[0m15:49:51.551512 [debug] [Thread-1  ]: SQL status: SELECT 20 in 0.029 seconds
[0m15:49:51.552510 [debug] [Thread-3  ]: SQL status: CREATE VIEW in 0.012 seconds
[0m15:49:51.552510 [debug] [Thread-4  ]: SQL status: CREATE VIEW in 0.011 seconds
[0m15:49:51.557510 [debug] [Thread-1  ]: Using postgres connection "model.shopify_assessment.dim_products"
[0m15:49:51.557510 [debug] [Thread-2  ]: Began executing node test.shopify_assessment.not_null_dim_customers_customer_id.dd91cd1c8d
[0m15:49:51.564509 [debug] [Thread-3  ]: Using postgres connection "model.shopify_assessment.stg_product_variants"
[0m15:49:51.569078 [debug] [Thread-4  ]: Using postgres connection "model.shopify_assessment.stg_order_line_items"
[0m15:49:51.569078 [debug] [Thread-1  ]: On model.shopify_assessment.dim_products: /* {"app": "dbt", "dbt_version": "1.10.20", "profile_name": "shopify_assessment", "target_name": "staging", "node_id": "model.shopify_assessment.dim_products"} */
alter table "airbyte_db"."staging_marts"."dim_products__dbt_tmp" rename to "dim_products"
[0m15:49:51.573072 [debug] [Thread-2  ]: Writing runtime sql for node "test.shopify_assessment.not_null_dim_customers_customer_id.dd91cd1c8d"
[0m15:49:51.574076 [debug] [Thread-3  ]: On model.shopify_assessment.stg_product_variants: /* {"app": "dbt", "dbt_version": "1.10.20", "profile_name": "shopify_assessment", "target_name": "staging", "node_id": "model.shopify_assessment.stg_product_variants"} */
alter table "airbyte_db"."staging_staging"."stg_product_variants__dbt_tmp" rename to "stg_product_variants"
[0m15:49:51.574076 [debug] [Thread-4  ]: On model.shopify_assessment.stg_order_line_items: /* {"app": "dbt", "dbt_version": "1.10.20", "profile_name": "shopify_assessment", "target_name": "staging", "node_id": "model.shopify_assessment.stg_order_line_items"} */
alter table "airbyte_db"."staging_staging"."stg_order_line_items__dbt_tmp" rename to "stg_order_line_items"
[0m15:49:51.577074 [debug] [Thread-1  ]: SQL status: ALTER TABLE in 0.001 seconds
[0m15:49:51.578078 [debug] [Thread-3  ]: SQL status: ALTER TABLE in 0.002 seconds
[0m15:49:51.579086 [debug] [Thread-4  ]: SQL status: ALTER TABLE in 0.003 seconds
[0m15:49:51.582073 [debug] [Thread-1  ]: On model.shopify_assessment.dim_products: COMMIT
[0m15:49:51.582073 [debug] [Thread-2  ]: Using postgres connection "test.shopify_assessment.not_null_dim_customers_customer_id.dd91cd1c8d"
[0m15:49:51.584081 [debug] [Thread-3  ]: On model.shopify_assessment.stg_product_variants: COMMIT
[0m15:49:51.586072 [debug] [Thread-4  ]: On model.shopify_assessment.stg_order_line_items: COMMIT
[0m15:49:51.587072 [debug] [Thread-1  ]: Using postgres connection "model.shopify_assessment.dim_products"
[0m15:49:51.588075 [debug] [Thread-2  ]: On test.shopify_assessment.not_null_dim_customers_customer_id.dd91cd1c8d: BEGIN
[0m15:49:51.588075 [debug] [Thread-3  ]: Using postgres connection "model.shopify_assessment.stg_product_variants"
[0m15:49:51.589078 [debug] [Thread-4  ]: Using postgres connection "model.shopify_assessment.stg_order_line_items"
[0m15:49:51.590074 [debug] [Thread-1  ]: On model.shopify_assessment.dim_products: COMMIT
[0m15:49:51.590074 [debug] [Thread-2  ]: Opening a new connection, currently in state closed
[0m15:49:51.591072 [debug] [Thread-3  ]: On model.shopify_assessment.stg_product_variants: COMMIT
[0m15:49:51.592076 [debug] [Thread-4  ]: On model.shopify_assessment.stg_order_line_items: COMMIT
[0m15:49:51.600076 [debug] [Thread-1  ]: SQL status: COMMIT in 0.008 seconds
[0m15:49:51.605074 [debug] [Thread-1  ]: Applying DROP to: "airbyte_db"."staging_marts"."dim_products__dbt_backup"
[0m15:49:51.606074 [debug] [Thread-4  ]: SQL status: COMMIT in 0.012 seconds
[0m15:49:51.607073 [debug] [Thread-3  ]: SQL status: COMMIT in 0.014 seconds
[0m15:49:51.608072 [debug] [Thread-1  ]: Using postgres connection "model.shopify_assessment.dim_products"
[0m15:49:51.615073 [debug] [Thread-4  ]: Applying DROP to: "airbyte_db"."staging_staging"."stg_order_line_items__dbt_backup"
[0m15:49:51.619071 [debug] [Thread-3  ]: Applying DROP to: "airbyte_db"."staging_staging"."stg_product_variants__dbt_backup"
[0m15:49:51.619071 [debug] [Thread-2  ]: SQL status: BEGIN in 0.029 seconds
[0m15:49:51.620077 [debug] [Thread-1  ]: On model.shopify_assessment.dim_products: /* {"app": "dbt", "dbt_version": "1.10.20", "profile_name": "shopify_assessment", "target_name": "staging", "node_id": "model.shopify_assessment.dim_products"} */
drop table if exists "airbyte_db"."staging_marts"."dim_products__dbt_backup" cascade
[0m15:49:51.621073 [debug] [Thread-4  ]: Using postgres connection "model.shopify_assessment.stg_order_line_items"
[0m15:49:51.623073 [debug] [Thread-3  ]: Using postgres connection "model.shopify_assessment.stg_product_variants"
[0m15:49:51.623073 [debug] [Thread-2  ]: Using postgres connection "test.shopify_assessment.not_null_dim_customers_customer_id.dd91cd1c8d"
[0m15:49:51.624076 [debug] [Thread-4  ]: On model.shopify_assessment.stg_order_line_items: /* {"app": "dbt", "dbt_version": "1.10.20", "profile_name": "shopify_assessment", "target_name": "staging", "node_id": "model.shopify_assessment.stg_order_line_items"} */
drop view if exists "airbyte_db"."staging_staging"."stg_order_line_items__dbt_backup" cascade
[0m15:49:51.625073 [debug] [Thread-1  ]: SQL status: DROP TABLE in 0.001 seconds
[0m15:49:51.626073 [debug] [Thread-3  ]: On model.shopify_assessment.stg_product_variants: /* {"app": "dbt", "dbt_version": "1.10.20", "profile_name": "shopify_assessment", "target_name": "staging", "node_id": "model.shopify_assessment.stg_product_variants"} */
drop view if exists "airbyte_db"."staging_staging"."stg_product_variants__dbt_backup" cascade
[0m15:49:51.626073 [debug] [Thread-2  ]: On test.shopify_assessment.not_null_dim_customers_customer_id.dd91cd1c8d: /* {"app": "dbt", "dbt_version": "1.10.20", "profile_name": "shopify_assessment", "target_name": "staging", "node_id": "test.shopify_assessment.not_null_dim_customers_customer_id.dd91cd1c8d"} */

    select
      count(*) as failures,
      count(*) != 0 as should_warn,
      count(*) != 0 as should_error
    from (
      
    
  
    
    



select customer_id
from "airbyte_db"."staging_marts"."dim_customers"
where customer_id is null



  
  
      
    ) dbt_internal_test
[0m15:49:51.629075 [debug] [Thread-1  ]: On model.shopify_assessment.dim_products: Close
[0m15:49:51.630072 [debug] [Thread-4  ]: SQL status: DROP VIEW in 0.003 seconds
[0m15:49:51.633079 [debug] [Thread-1  ]: Sending event: {'category': 'dbt', 'action': 'run_model', 'label': 'f19a5aae-4d47-4a37-b3f6-f626160002d7', 'context': [<snowplow_tracker.self_describing_json.SelfDescribingJson object at 0x00000282A1785F10>]}
[0m15:49:51.634073 [debug] [Thread-3  ]: SQL status: DROP VIEW in 0.003 seconds
[0m15:49:51.634073 [debug] [Thread-2  ]: SQL status: SELECT 1 in 0.003 seconds
[0m15:49:51.636078 [debug] [Thread-4  ]: On model.shopify_assessment.stg_order_line_items: Close
[0m15:49:51.637074 [info ] [Thread-1  ]: 12 of 33 OK created sql table model staging_marts.dim_products ................. [[32mSELECT 20[0m in 0.23s]
[0m15:49:51.640076 [debug] [Thread-3  ]: On model.shopify_assessment.stg_product_variants: Close
[0m15:49:51.643073 [debug] [Thread-2  ]: On test.shopify_assessment.not_null_dim_customers_customer_id.dd91cd1c8d: ROLLBACK
[0m15:49:51.645081 [debug] [Thread-4  ]: Sending event: {'category': 'dbt', 'action': 'run_model', 'label': 'f19a5aae-4d47-4a37-b3f6-f626160002d7', 'context': [<snowplow_tracker.self_describing_json.SelfDescribingJson object at 0x00000282A229CD90>]}
[0m15:49:51.648078 [debug] [Thread-1  ]: Finished running node model.shopify_assessment.dim_products
[0m15:49:51.651077 [debug] [Thread-3  ]: Sending event: {'category': 'dbt', 'action': 'run_model', 'label': 'f19a5aae-4d47-4a37-b3f6-f626160002d7', 'context': [<snowplow_tracker.self_describing_json.SelfDescribingJson object at 0x00000282A2FEE1F0>]}
[0m15:49:51.654072 [debug] [Thread-2  ]: On test.shopify_assessment.not_null_dim_customers_customer_id.dd91cd1c8d: Close
[0m15:49:51.653073 [info ] [Thread-4  ]: 14 of 33 OK created sql view model staging_staging.stg_order_line_items ........ [[32mCREATE VIEW[0m in 0.22s]
[0m15:49:51.655073 [debug] [Thread-1  ]: Began running node test.shopify_assessment.unique_dim_customers_customer_id.15c9f1e2fd
[0m15:49:51.656076 [info ] [Thread-3  ]: 13 of 33 OK created sql view model staging_staging.stg_product_variants ........ [[32mCREATE VIEW[0m in 0.23s]
[0m15:49:51.664076 [debug] [Thread-4  ]: Finished running node model.shopify_assessment.stg_order_line_items
[0m15:49:51.658074 [info ] [Thread-2  ]: 15 of 33 PASS not_null_dim_customers_customer_id ............................... [[32mPASS[0m in 0.12s]
[0m15:49:51.666073 [info ] [Thread-1  ]: 16 of 33 START test unique_dim_customers_customer_id ........................... [RUN]
[0m15:49:51.668077 [debug] [Thread-3  ]: Finished running node model.shopify_assessment.stg_product_variants
[0m15:49:51.669074 [debug] [Thread-4  ]: Began running node test.shopify_assessment.not_null_dim_products_product_id.c8aba288d1
[0m15:49:51.671074 [debug] [Thread-2  ]: Finished running node test.shopify_assessment.not_null_dim_customers_customer_id.dd91cd1c8d
[0m15:49:51.671074 [debug] [Thread-1  ]: Re-using an available connection from the pool (formerly model.shopify_assessment.dim_products, now test.shopify_assessment.unique_dim_customers_customer_id.15c9f1e2fd)
[0m15:49:51.673073 [debug] [Thread-3  ]: Began running node test.shopify_assessment.unique_dim_products_product_id.ef7b2a9985
[0m15:49:51.674073 [info ] [Thread-4  ]: 17 of 33 START test not_null_dim_products_product_id ........................... [RUN]
[0m15:49:51.675075 [debug] [Thread-2  ]: Began running node test.shopify_assessment.not_null_stg_order_line_items_line_item_id.a22861df89
[0m15:49:51.677077 [debug] [Thread-1  ]: Began compiling node test.shopify_assessment.unique_dim_customers_customer_id.15c9f1e2fd
[0m15:49:51.679074 [info ] [Thread-3  ]: 18 of 33 START test unique_dim_products_product_id ............................. [RUN]
[0m15:49:51.680072 [debug] [Thread-4  ]: Re-using an available connection from the pool (formerly model.shopify_assessment.stg_order_line_items, now test.shopify_assessment.not_null_dim_products_product_id.c8aba288d1)
[0m15:49:51.681073 [info ] [Thread-2  ]: 19 of 33 START test not_null_stg_order_line_items_line_item_id ................. [RUN]
[0m15:49:51.687071 [debug] [Thread-1  ]: Writing injected SQL for node "test.shopify_assessment.unique_dim_customers_customer_id.15c9f1e2fd"
[0m15:49:51.688076 [debug] [Thread-3  ]: Re-using an available connection from the pool (formerly model.shopify_assessment.stg_product_variants, now test.shopify_assessment.unique_dim_products_product_id.ef7b2a9985)
[0m15:49:51.689072 [debug] [Thread-4  ]: Began compiling node test.shopify_assessment.not_null_dim_products_product_id.c8aba288d1
[0m15:49:51.689072 [debug] [Thread-2  ]: Re-using an available connection from the pool (formerly test.shopify_assessment.not_null_dim_customers_customer_id.dd91cd1c8d, now test.shopify_assessment.not_null_stg_order_line_items_line_item_id.a22861df89)
[0m15:49:51.691076 [debug] [Thread-3  ]: Began compiling node test.shopify_assessment.unique_dim_products_product_id.ef7b2a9985
[0m15:49:51.692077 [debug] [Thread-1  ]: Began executing node test.shopify_assessment.unique_dim_customers_customer_id.15c9f1e2fd
[0m15:49:51.700075 [debug] [Thread-4  ]: Writing injected SQL for node "test.shopify_assessment.not_null_dim_products_product_id.c8aba288d1"
[0m15:49:51.700075 [debug] [Thread-2  ]: Began compiling node test.shopify_assessment.not_null_stg_order_line_items_line_item_id.a22861df89
[0m15:49:51.706071 [debug] [Thread-3  ]: Writing injected SQL for node "test.shopify_assessment.unique_dim_products_product_id.ef7b2a9985"
[0m15:49:51.710071 [debug] [Thread-1  ]: Writing runtime sql for node "test.shopify_assessment.unique_dim_customers_customer_id.15c9f1e2fd"
[0m15:49:51.716076 [debug] [Thread-2  ]: Writing injected SQL for node "test.shopify_assessment.not_null_stg_order_line_items_line_item_id.a22861df89"
[0m15:49:51.717073 [debug] [Thread-4  ]: Began executing node test.shopify_assessment.not_null_dim_products_product_id.c8aba288d1
[0m15:49:51.719075 [debug] [Thread-3  ]: Began executing node test.shopify_assessment.unique_dim_products_product_id.ef7b2a9985
[0m15:49:51.724077 [debug] [Thread-4  ]: Writing runtime sql for node "test.shopify_assessment.not_null_dim_products_product_id.c8aba288d1"
[0m15:49:51.725105 [debug] [Thread-1  ]: Using postgres connection "test.shopify_assessment.unique_dim_customers_customer_id.15c9f1e2fd"
[0m15:49:51.726073 [debug] [Thread-2  ]: Began executing node test.shopify_assessment.not_null_stg_order_line_items_line_item_id.a22861df89
[0m15:49:51.730073 [debug] [Thread-3  ]: Writing runtime sql for node "test.shopify_assessment.unique_dim_products_product_id.ef7b2a9985"
[0m15:49:51.731075 [debug] [Thread-1  ]: On test.shopify_assessment.unique_dim_customers_customer_id.15c9f1e2fd: BEGIN
[0m15:49:51.734075 [debug] [Thread-2  ]: Writing runtime sql for node "test.shopify_assessment.not_null_stg_order_line_items_line_item_id.a22861df89"
[0m15:49:51.735076 [debug] [Thread-4  ]: Using postgres connection "test.shopify_assessment.not_null_dim_products_product_id.c8aba288d1"
[0m15:49:51.736075 [debug] [Thread-1  ]: Opening a new connection, currently in state closed
[0m15:49:51.737073 [debug] [Thread-3  ]: Using postgres connection "test.shopify_assessment.unique_dim_products_product_id.ef7b2a9985"
[0m15:49:51.738075 [debug] [Thread-4  ]: On test.shopify_assessment.not_null_dim_products_product_id.c8aba288d1: BEGIN
[0m15:49:51.739108 [debug] [Thread-2  ]: Using postgres connection "test.shopify_assessment.not_null_stg_order_line_items_line_item_id.a22861df89"
[0m15:49:51.740075 [debug] [Thread-3  ]: On test.shopify_assessment.unique_dim_products_product_id.ef7b2a9985: BEGIN
[0m15:49:51.741077 [debug] [Thread-4  ]: Opening a new connection, currently in state closed
[0m15:49:51.744076 [debug] [Thread-2  ]: On test.shopify_assessment.not_null_stg_order_line_items_line_item_id.a22861df89: BEGIN
[0m15:49:51.747074 [debug] [Thread-3  ]: Opening a new connection, currently in state closed
[0m15:49:51.748076 [debug] [Thread-2  ]: Opening a new connection, currently in state closed
[0m15:49:51.765601 [debug] [Thread-1  ]: SQL status: BEGIN in 0.029 seconds
[0m15:49:51.766597 [debug] [Thread-1  ]: Using postgres connection "test.shopify_assessment.unique_dim_customers_customer_id.15c9f1e2fd"
[0m15:49:51.767596 [debug] [Thread-1  ]: On test.shopify_assessment.unique_dim_customers_customer_id.15c9f1e2fd: /* {"app": "dbt", "dbt_version": "1.10.20", "profile_name": "shopify_assessment", "target_name": "staging", "node_id": "test.shopify_assessment.unique_dim_customers_customer_id.15c9f1e2fd"} */

    select
      count(*) as failures,
      count(*) != 0 as should_warn,
      count(*) != 0 as should_error
    from (
      
    
  
    
    

select
    customer_id as unique_field,
    count(*) as n_records

from "airbyte_db"."staging_marts"."dim_customers"
where customer_id is not null
group by customer_id
having count(*) > 1



  
  
      
    ) dbt_internal_test
[0m15:49:51.770595 [debug] [Thread-1  ]: SQL status: SELECT 1 in 0.002 seconds
[0m15:49:51.773597 [debug] [Thread-1  ]: On test.shopify_assessment.unique_dim_customers_customer_id.15c9f1e2fd: ROLLBACK
[0m15:49:51.775597 [debug] [Thread-1  ]: On test.shopify_assessment.unique_dim_customers_customer_id.15c9f1e2fd: Close
[0m15:49:51.781607 [debug] [Thread-4  ]: SQL status: BEGIN in 0.041 seconds
[0m15:49:51.777849 [info ] [Thread-1  ]: 16 of 33 PASS unique_dim_customers_customer_id ................................. [[32mPASS[0m in 0.11s]
[0m15:49:51.784533 [debug] [Thread-4  ]: Using postgres connection "test.shopify_assessment.not_null_dim_products_product_id.c8aba288d1"
[0m15:49:51.785539 [debug] [Thread-3  ]: SQL status: BEGIN in 0.039 seconds
[0m15:49:51.787536 [debug] [Thread-1  ]: Finished running node test.shopify_assessment.unique_dim_customers_customer_id.15c9f1e2fd
[0m15:49:51.788534 [debug] [Thread-4  ]: On test.shopify_assessment.not_null_dim_products_product_id.c8aba288d1: /* {"app": "dbt", "dbt_version": "1.10.20", "profile_name": "shopify_assessment", "target_name": "staging", "node_id": "test.shopify_assessment.not_null_dim_products_product_id.c8aba288d1"} */

    select
      count(*) as failures,
      count(*) != 0 as should_warn,
      count(*) != 0 as should_error
    from (
      
    
  
    
    



select product_id
from "airbyte_db"."staging_marts"."dim_products"
where product_id is null



  
  
      
    ) dbt_internal_test
[0m15:49:51.789535 [debug] [Thread-3  ]: Using postgres connection "test.shopify_assessment.unique_dim_products_product_id.ef7b2a9985"
[0m15:49:51.791535 [debug] [Thread-1  ]: Began running node test.shopify_assessment.not_null_stg_order_line_items_order_id.919e49c4ba
[0m15:49:51.792533 [debug] [Thread-3  ]: On test.shopify_assessment.unique_dim_products_product_id.ef7b2a9985: /* {"app": "dbt", "dbt_version": "1.10.20", "profile_name": "shopify_assessment", "target_name": "staging", "node_id": "test.shopify_assessment.unique_dim_products_product_id.ef7b2a9985"} */

    select
      count(*) as failures,
      count(*) != 0 as should_warn,
      count(*) != 0 as should_error
    from (
      
    
  
    
    

select
    product_id as unique_field,
    count(*) as n_records

from "airbyte_db"."staging_marts"."dim_products"
where product_id is not null
group by product_id
having count(*) > 1



  
  
      
    ) dbt_internal_test
[0m15:49:51.797533 [debug] [Thread-4  ]: SQL status: SELECT 1 in 0.005 seconds
[0m15:49:51.798534 [debug] [Thread-2  ]: SQL status: BEGIN in 0.050 seconds
[0m15:49:51.799536 [debug] [Thread-3  ]: SQL status: SELECT 1 in 0.003 seconds
[0m15:49:51.803549 [debug] [Thread-4  ]: On test.shopify_assessment.not_null_dim_products_product_id.c8aba288d1: ROLLBACK
[0m15:49:51.795535 [info ] [Thread-1  ]: 20 of 33 START test not_null_stg_order_line_items_order_id ..................... [RUN]
[0m15:49:51.805599 [debug] [Thread-2  ]: Using postgres connection "test.shopify_assessment.not_null_stg_order_line_items_line_item_id.a22861df89"
[0m15:49:51.809936 [debug] [Thread-3  ]: On test.shopify_assessment.unique_dim_products_product_id.ef7b2a9985: ROLLBACK
[0m15:49:51.812478 [debug] [Thread-4  ]: On test.shopify_assessment.not_null_dim_products_product_id.c8aba288d1: Close
[0m15:49:51.813479 [debug] [Thread-1  ]: Re-using an available connection from the pool (formerly test.shopify_assessment.unique_dim_customers_customer_id.15c9f1e2fd, now test.shopify_assessment.not_null_stg_order_line_items_order_id.919e49c4ba)
[0m15:49:51.815481 [debug] [Thread-2  ]: On test.shopify_assessment.not_null_stg_order_line_items_line_item_id.a22861df89: /* {"app": "dbt", "dbt_version": "1.10.20", "profile_name": "shopify_assessment", "target_name": "staging", "node_id": "test.shopify_assessment.not_null_stg_order_line_items_line_item_id.a22861df89"} */

    select
      count(*) as failures,
      count(*) != 0 as should_warn,
      count(*) != 0 as should_error
    from (
      
    
  
    
    



select line_item_id
from "airbyte_db"."staging_staging"."stg_order_line_items"
where line_item_id is null



  
  
      
    ) dbt_internal_test
[0m15:49:51.818479 [debug] [Thread-3  ]: On test.shopify_assessment.unique_dim_products_product_id.ef7b2a9985: Close
[0m15:49:51.818479 [info ] [Thread-4  ]: 17 of 33 PASS not_null_dim_products_product_id ................................. [[32mPASS[0m in 0.14s]
[0m15:49:51.821482 [debug] [Thread-1  ]: Began compiling node test.shopify_assessment.not_null_stg_order_line_items_order_id.919e49c4ba
[0m15:49:51.825478 [info ] [Thread-3  ]: 18 of 33 PASS unique_dim_products_product_id ................................... [[32mPASS[0m in 0.14s]
[0m15:49:51.828491 [debug] [Thread-4  ]: Finished running node test.shopify_assessment.not_null_dim_products_product_id.c8aba288d1
[0m15:49:51.839576 [debug] [Thread-1  ]: Writing injected SQL for node "test.shopify_assessment.not_null_stg_order_line_items_order_id.919e49c4ba"
[0m15:49:51.841304 [debug] [Thread-3  ]: Finished running node test.shopify_assessment.unique_dim_products_product_id.ef7b2a9985
[0m15:49:51.842890 [debug] [Thread-4  ]: Began running node test.shopify_assessment.unique_stg_order_line_items_line_item_id.40aeed8ddd
[0m15:49:51.847483 [debug] [Thread-3  ]: Began running node test.shopify_assessment.not_null_stg_product_variants_product_id.d9abf1c279
[0m15:49:51.848941 [debug] [Thread-2  ]: SQL status: SELECT 1 in 0.026 seconds
[0m15:49:51.850509 [debug] [Thread-1  ]: Began executing node test.shopify_assessment.not_null_stg_order_line_items_order_id.919e49c4ba
[0m15:49:51.850004 [info ] [Thread-4  ]: 21 of 33 START test unique_stg_order_line_items_line_item_id ................... [RUN]
[0m15:49:51.852053 [info ] [Thread-3  ]: 22 of 33 START test not_null_stg_product_variants_product_id ................... [RUN]
[0m15:49:51.856010 [debug] [Thread-2  ]: On test.shopify_assessment.not_null_stg_order_line_items_line_item_id.a22861df89: ROLLBACK
[0m15:49:51.865445 [debug] [Thread-1  ]: Writing runtime sql for node "test.shopify_assessment.not_null_stg_order_line_items_order_id.919e49c4ba"
[0m15:49:51.866882 [debug] [Thread-4  ]: Re-using an available connection from the pool (formerly test.shopify_assessment.not_null_dim_products_product_id.c8aba288d1, now test.shopify_assessment.unique_stg_order_line_items_line_item_id.40aeed8ddd)
[0m15:49:51.868397 [debug] [Thread-3  ]: Re-using an available connection from the pool (formerly test.shopify_assessment.unique_dim_products_product_id.ef7b2a9985, now test.shopify_assessment.not_null_stg_product_variants_product_id.d9abf1c279)
[0m15:49:51.870395 [debug] [Thread-2  ]: On test.shopify_assessment.not_null_stg_order_line_items_line_item_id.a22861df89: Close
[0m15:49:51.872336 [debug] [Thread-4  ]: Began compiling node test.shopify_assessment.unique_stg_order_line_items_line_item_id.40aeed8ddd
[0m15:49:51.873298 [debug] [Thread-1  ]: Using postgres connection "test.shopify_assessment.not_null_stg_order_line_items_order_id.919e49c4ba"
[0m15:49:51.874358 [debug] [Thread-3  ]: Began compiling node test.shopify_assessment.not_null_stg_product_variants_product_id.d9abf1c279
[0m15:49:51.888717 [debug] [Thread-4  ]: Writing injected SQL for node "test.shopify_assessment.unique_stg_order_line_items_line_item_id.40aeed8ddd"
[0m15:49:51.876403 [info ] [Thread-2  ]: 19 of 33 PASS not_null_stg_order_line_items_line_item_id ....................... [[32mPASS[0m in 0.19s]
[0m15:49:51.889869 [debug] [Thread-1  ]: On test.shopify_assessment.not_null_stg_order_line_items_order_id.919e49c4ba: BEGIN
[0m15:49:51.913183 [debug] [Thread-3  ]: Writing injected SQL for node "test.shopify_assessment.not_null_stg_product_variants_product_id.d9abf1c279"
[0m15:49:51.915188 [debug] [Thread-2  ]: Finished running node test.shopify_assessment.not_null_stg_order_line_items_line_item_id.a22861df89
[0m15:49:51.917183 [debug] [Thread-4  ]: Began executing node test.shopify_assessment.unique_stg_order_line_items_line_item_id.40aeed8ddd
[0m15:49:51.918182 [debug] [Thread-1  ]: Opening a new connection, currently in state closed
[0m15:49:51.920182 [debug] [Thread-2  ]: Began running node test.shopify_assessment.not_null_stg_product_variants_variant_id.1dfaf25b45
[0m15:49:51.926199 [debug] [Thread-4  ]: Writing runtime sql for node "test.shopify_assessment.unique_stg_order_line_items_line_item_id.40aeed8ddd"
[0m15:49:51.930184 [info ] [Thread-2  ]: 23 of 33 START test not_null_stg_product_variants_variant_id ................... [RUN]
[0m15:49:51.928185 [debug] [Thread-3  ]: Began executing node test.shopify_assessment.not_null_stg_product_variants_product_id.d9abf1c279
[0m15:49:51.932185 [debug] [Thread-4  ]: Using postgres connection "test.shopify_assessment.unique_stg_order_line_items_line_item_id.40aeed8ddd"
[0m15:49:51.935195 [debug] [Thread-2  ]: Re-using an available connection from the pool (formerly test.shopify_assessment.not_null_stg_order_line_items_line_item_id.a22861df89, now test.shopify_assessment.not_null_stg_product_variants_variant_id.1dfaf25b45)
[0m15:49:51.943188 [debug] [Thread-3  ]: Writing runtime sql for node "test.shopify_assessment.not_null_stg_product_variants_product_id.d9abf1c279"
[0m15:49:51.945183 [debug] [Thread-4  ]: On test.shopify_assessment.unique_stg_order_line_items_line_item_id.40aeed8ddd: BEGIN
[0m15:49:51.947186 [debug] [Thread-2  ]: Began compiling node test.shopify_assessment.not_null_stg_product_variants_variant_id.1dfaf25b45
[0m15:49:51.949187 [debug] [Thread-4  ]: Opening a new connection, currently in state closed
[0m15:49:51.958193 [debug] [Thread-2  ]: Writing injected SQL for node "test.shopify_assessment.not_null_stg_product_variants_variant_id.1dfaf25b45"
[0m15:49:51.959186 [debug] [Thread-3  ]: Using postgres connection "test.shopify_assessment.not_null_stg_product_variants_product_id.d9abf1c279"
[0m15:49:51.962185 [debug] [Thread-3  ]: On test.shopify_assessment.not_null_stg_product_variants_product_id.d9abf1c279: BEGIN
[0m15:49:51.964190 [debug] [Thread-2  ]: Began executing node test.shopify_assessment.not_null_stg_product_variants_variant_id.1dfaf25b45
[0m15:49:51.965187 [debug] [Thread-3  ]: Opening a new connection, currently in state closed
[0m15:49:51.973742 [debug] [Thread-2  ]: Writing runtime sql for node "test.shopify_assessment.not_null_stg_product_variants_variant_id.1dfaf25b45"
[0m15:49:51.975733 [debug] [Thread-1  ]: SQL status: BEGIN in 0.058 seconds
[0m15:49:51.977738 [debug] [Thread-1  ]: Using postgres connection "test.shopify_assessment.not_null_stg_order_line_items_order_id.919e49c4ba"
[0m15:49:51.978734 [debug] [Thread-2  ]: Using postgres connection "test.shopify_assessment.not_null_stg_product_variants_variant_id.1dfaf25b45"
[0m15:49:51.979739 [debug] [Thread-1  ]: On test.shopify_assessment.not_null_stg_order_line_items_order_id.919e49c4ba: /* {"app": "dbt", "dbt_version": "1.10.20", "profile_name": "shopify_assessment", "target_name": "staging", "node_id": "test.shopify_assessment.not_null_stg_order_line_items_order_id.919e49c4ba"} */

    select
      count(*) as failures,
      count(*) != 0 as should_warn,
      count(*) != 0 as should_error
    from (
      
    
  
    
    



select order_id
from "airbyte_db"."staging_staging"."stg_order_line_items"
where order_id is null



  
  
      
    ) dbt_internal_test
[0m15:49:51.981733 [debug] [Thread-2  ]: On test.shopify_assessment.not_null_stg_product_variants_variant_id.1dfaf25b45: BEGIN
[0m15:49:51.983735 [debug] [Thread-2  ]: Opening a new connection, currently in state closed
[0m15:49:51.990737 [debug] [Thread-1  ]: SQL status: SELECT 1 in 0.008 seconds
[0m15:49:51.994736 [debug] [Thread-1  ]: On test.shopify_assessment.not_null_stg_order_line_items_order_id.919e49c4ba: ROLLBACK
[0m15:49:51.997736 [debug] [Thread-1  ]: On test.shopify_assessment.not_null_stg_order_line_items_order_id.919e49c4ba: Close
[0m15:49:51.999740 [info ] [Thread-1  ]: 20 of 33 PASS not_null_stg_order_line_items_order_id ........................... [[32mPASS[0m in 0.19s]
[0m15:49:52.002737 [debug] [Thread-1  ]: Finished running node test.shopify_assessment.not_null_stg_order_line_items_order_id.919e49c4ba
[0m15:49:52.003733 [debug] [Thread-1  ]: Began running node test.shopify_assessment.unique_stg_product_variants_variant_id.53163937da
[0m15:49:52.005741 [info ] [Thread-1  ]: 24 of 33 START test unique_stg_product_variants_variant_id ..................... [RUN]
[0m15:49:52.006741 [debug] [Thread-1  ]: Re-using an available connection from the pool (formerly test.shopify_assessment.not_null_stg_order_line_items_order_id.919e49c4ba, now test.shopify_assessment.unique_stg_product_variants_variant_id.53163937da)
[0m15:49:52.008746 [debug] [Thread-1  ]: Began compiling node test.shopify_assessment.unique_stg_product_variants_variant_id.53163937da
[0m15:49:52.031416 [debug] [Thread-4  ]: SQL status: BEGIN in 0.083 seconds
[0m15:49:52.030881 [debug] [Thread-1  ]: Writing injected SQL for node "test.shopify_assessment.unique_stg_product_variants_variant_id.53163937da"
[0m15:49:52.034044 [debug] [Thread-4  ]: Using postgres connection "test.shopify_assessment.unique_stg_order_line_items_line_item_id.40aeed8ddd"
[0m15:49:52.036612 [debug] [Thread-4  ]: On test.shopify_assessment.unique_stg_order_line_items_line_item_id.40aeed8ddd: /* {"app": "dbt", "dbt_version": "1.10.20", "profile_name": "shopify_assessment", "target_name": "staging", "node_id": "test.shopify_assessment.unique_stg_order_line_items_line_item_id.40aeed8ddd"} */

    select
      count(*) as failures,
      count(*) != 0 as should_warn,
      count(*) != 0 as should_error
    from (
      
    
  
    
    

select
    line_item_id as unique_field,
    count(*) as n_records

from "airbyte_db"."staging_staging"."stg_order_line_items"
where line_item_id is not null
group by line_item_id
having count(*) > 1



  
  
      
    ) dbt_internal_test
[0m15:49:52.037719 [debug] [Thread-3  ]: SQL status: BEGIN in 0.072 seconds
[0m15:49:52.038782 [debug] [Thread-2  ]: SQL status: BEGIN in 0.055 seconds
[0m15:49:52.039781 [debug] [Thread-1  ]: Began executing node test.shopify_assessment.unique_stg_product_variants_variant_id.53163937da
[0m15:49:52.041779 [debug] [Thread-3  ]: Using postgres connection "test.shopify_assessment.not_null_stg_product_variants_product_id.d9abf1c279"
[0m15:49:52.043782 [debug] [Thread-2  ]: Using postgres connection "test.shopify_assessment.not_null_stg_product_variants_variant_id.1dfaf25b45"
[0m15:49:52.051783 [debug] [Thread-1  ]: Writing runtime sql for node "test.shopify_assessment.unique_stg_product_variants_variant_id.53163937da"
[0m15:49:52.052780 [debug] [Thread-3  ]: On test.shopify_assessment.not_null_stg_product_variants_product_id.d9abf1c279: /* {"app": "dbt", "dbt_version": "1.10.20", "profile_name": "shopify_assessment", "target_name": "staging", "node_id": "test.shopify_assessment.not_null_stg_product_variants_product_id.d9abf1c279"} */

    select
      count(*) as failures,
      count(*) != 0 as should_warn,
      count(*) != 0 as should_error
    from (
      
    
  
    
    



select product_id
from "airbyte_db"."staging_staging"."stg_product_variants"
where product_id is null



  
  
      
    ) dbt_internal_test
[0m15:49:52.053779 [debug] [Thread-2  ]: On test.shopify_assessment.not_null_stg_product_variants_variant_id.1dfaf25b45: /* {"app": "dbt", "dbt_version": "1.10.20", "profile_name": "shopify_assessment", "target_name": "staging", "node_id": "test.shopify_assessment.not_null_stg_product_variants_variant_id.1dfaf25b45"} */

    select
      count(*) as failures,
      count(*) != 0 as should_warn,
      count(*) != 0 as should_error
    from (
      
    
  
    
    



select variant_id
from "airbyte_db"."staging_staging"."stg_product_variants"
where variant_id is null



  
  
      
    ) dbt_internal_test
[0m15:49:52.055780 [debug] [Thread-1  ]: Using postgres connection "test.shopify_assessment.unique_stg_product_variants_variant_id.53163937da"
[0m15:49:52.056788 [debug] [Thread-1  ]: On test.shopify_assessment.unique_stg_product_variants_variant_id.53163937da: BEGIN
[0m15:49:52.058790 [debug] [Thread-3  ]: SQL status: SELECT 1 in 0.003 seconds
[0m15:49:52.058790 [debug] [Thread-2  ]: SQL status: SELECT 1 in 0.003 seconds
[0m15:49:52.059785 [debug] [Thread-1  ]: Opening a new connection, currently in state closed
[0m15:49:52.062786 [debug] [Thread-3  ]: On test.shopify_assessment.not_null_stg_product_variants_product_id.d9abf1c279: ROLLBACK
[0m15:49:52.065779 [debug] [Thread-2  ]: On test.shopify_assessment.not_null_stg_product_variants_variant_id.1dfaf25b45: ROLLBACK
[0m15:49:52.065779 [debug] [Thread-4  ]: SQL status: SELECT 1 in 0.026 seconds
[0m15:49:52.070781 [debug] [Thread-4  ]: On test.shopify_assessment.unique_stg_order_line_items_line_item_id.40aeed8ddd: ROLLBACK
[0m15:49:52.071783 [debug] [Thread-3  ]: On test.shopify_assessment.not_null_stg_product_variants_product_id.d9abf1c279: Close
[0m15:49:52.072786 [debug] [Thread-2  ]: On test.shopify_assessment.not_null_stg_product_variants_variant_id.1dfaf25b45: Close
[0m15:49:52.081780 [debug] [Thread-4  ]: On test.shopify_assessment.unique_stg_order_line_items_line_item_id.40aeed8ddd: Close
[0m15:49:52.075779 [info ] [Thread-3  ]: 22 of 33 PASS not_null_stg_product_variants_product_id ......................... [[32mPASS[0m in 0.21s]
[0m15:49:52.078786 [info ] [Thread-2  ]: 23 of 33 PASS not_null_stg_product_variants_variant_id ......................... [[32mPASS[0m in 0.14s]
[0m15:49:52.083782 [info ] [Thread-4  ]: 21 of 33 PASS unique_stg_order_line_items_line_item_id ......................... [[32mPASS[0m in 0.22s]
[0m15:49:52.087780 [debug] [Thread-3  ]: Finished running node test.shopify_assessment.not_null_stg_product_variants_product_id.d9abf1c279
[0m15:49:52.089780 [debug] [Thread-2  ]: Finished running node test.shopify_assessment.not_null_stg_product_variants_variant_id.1dfaf25b45
[0m15:49:52.091786 [debug] [Thread-4  ]: Finished running node test.shopify_assessment.unique_stg_order_line_items_line_item_id.40aeed8ddd
[0m15:49:52.096961 [debug] [Thread-1  ]: SQL status: BEGIN in 0.037 seconds
[0m15:49:52.098780 [debug] [Thread-3  ]: Began running node model.shopify_assessment.int_order_line_agg
[0m15:49:52.099780 [debug] [Thread-1  ]: Using postgres connection "test.shopify_assessment.unique_stg_product_variants_variant_id.53163937da"
[0m15:49:52.100780 [info ] [Thread-3  ]: 25 of 33 START sql view model staging_staging.int_order_line_agg ............... [RUN]
[0m15:49:52.101780 [debug] [Thread-1  ]: On test.shopify_assessment.unique_stg_product_variants_variant_id.53163937da: /* {"app": "dbt", "dbt_version": "1.10.20", "profile_name": "shopify_assessment", "target_name": "staging", "node_id": "test.shopify_assessment.unique_stg_product_variants_variant_id.53163937da"} */

    select
      count(*) as failures,
      count(*) != 0 as should_warn,
      count(*) != 0 as should_error
    from (
      
    
  
    
    

select
    variant_id as unique_field,
    count(*) as n_records

from "airbyte_db"."staging_staging"."stg_product_variants"
where variant_id is not null
group by variant_id
having count(*) > 1



  
  
      
    ) dbt_internal_test
[0m15:49:52.102795 [debug] [Thread-3  ]: Re-using an available connection from the pool (formerly test.shopify_assessment.not_null_stg_product_variants_product_id.d9abf1c279, now model.shopify_assessment.int_order_line_agg)
[0m15:49:52.104786 [debug] [Thread-3  ]: Began compiling node model.shopify_assessment.int_order_line_agg
[0m15:49:52.113473 [debug] [Thread-3  ]: Writing injected SQL for node "model.shopify_assessment.int_order_line_agg"
[0m15:49:52.114471 [debug] [Thread-1  ]: SQL status: SELECT 1 in 0.010 seconds
[0m15:49:52.116473 [debug] [Thread-1  ]: On test.shopify_assessment.unique_stg_product_variants_variant_id.53163937da: ROLLBACK
[0m15:49:52.117473 [debug] [Thread-3  ]: Began executing node model.shopify_assessment.int_order_line_agg
[0m15:49:52.122470 [debug] [Thread-3  ]: Writing runtime sql for node "model.shopify_assessment.int_order_line_agg"
[0m15:49:52.123472 [debug] [Thread-1  ]: On test.shopify_assessment.unique_stg_product_variants_variant_id.53163937da: Close
[0m15:49:52.125479 [info ] [Thread-1  ]: 24 of 33 PASS unique_stg_product_variants_variant_id ........................... [[32mPASS[0m in 0.12s]
[0m15:49:52.130474 [debug] [Thread-1  ]: Finished running node test.shopify_assessment.unique_stg_product_variants_variant_id.53163937da
[0m15:49:52.132473 [debug] [Thread-3  ]: Using postgres connection "model.shopify_assessment.int_order_line_agg"
[0m15:49:52.133472 [debug] [Thread-3  ]: On model.shopify_assessment.int_order_line_agg: BEGIN
[0m15:49:52.133472 [debug] [Thread-3  ]: Opening a new connection, currently in state closed
[0m15:49:52.151476 [debug] [Thread-3  ]: SQL status: BEGIN in 0.018 seconds
[0m15:49:52.152471 [debug] [Thread-3  ]: Using postgres connection "model.shopify_assessment.int_order_line_agg"
[0m15:49:52.152471 [debug] [Thread-3  ]: On model.shopify_assessment.int_order_line_agg: /* {"app": "dbt", "dbt_version": "1.10.20", "profile_name": "shopify_assessment", "target_name": "staging", "node_id": "model.shopify_assessment.int_order_line_agg"} */

  create view "airbyte_db"."staging_staging"."int_order_line_agg__dbt_tmp"
    
    
  as (
    select
    order_id,
    count(*) as line_item_count,
    sum(quantity) as total_quantity,
    sum(quantity * price) as calculated_line_item_amount
from "airbyte_db"."staging_staging"."stg_order_line_items"
group by order_id
  );
[0m15:49:52.157472 [debug] [Thread-3  ]: SQL status: CREATE VIEW in 0.004 seconds
[0m15:49:52.162474 [debug] [Thread-3  ]: Using postgres connection "model.shopify_assessment.int_order_line_agg"
[0m15:49:52.163473 [debug] [Thread-3  ]: On model.shopify_assessment.int_order_line_agg: /* {"app": "dbt", "dbt_version": "1.10.20", "profile_name": "shopify_assessment", "target_name": "staging", "node_id": "model.shopify_assessment.int_order_line_agg"} */
alter table "airbyte_db"."staging_staging"."int_order_line_agg__dbt_tmp" rename to "int_order_line_agg"
[0m15:49:52.165472 [debug] [Thread-3  ]: SQL status: ALTER TABLE in 0.001 seconds
[0m15:49:52.167470 [debug] [Thread-3  ]: On model.shopify_assessment.int_order_line_agg: COMMIT
[0m15:49:52.167470 [debug] [Thread-3  ]: Using postgres connection "model.shopify_assessment.int_order_line_agg"
[0m15:49:52.168471 [debug] [Thread-3  ]: On model.shopify_assessment.int_order_line_agg: COMMIT
[0m15:49:52.174039 [debug] [Thread-3  ]: SQL status: COMMIT in 0.005 seconds
[0m15:49:52.179037 [debug] [Thread-3  ]: Applying DROP to: "airbyte_db"."staging_staging"."int_order_line_agg__dbt_backup"
[0m15:49:52.181038 [debug] [Thread-3  ]: Using postgres connection "model.shopify_assessment.int_order_line_agg"
[0m15:49:52.182037 [debug] [Thread-3  ]: On model.shopify_assessment.int_order_line_agg: /* {"app": "dbt", "dbt_version": "1.10.20", "profile_name": "shopify_assessment", "target_name": "staging", "node_id": "model.shopify_assessment.int_order_line_agg"} */
drop view if exists "airbyte_db"."staging_staging"."int_order_line_agg__dbt_backup" cascade
[0m15:49:52.184036 [debug] [Thread-3  ]: SQL status: DROP VIEW in 0.001 seconds
[0m15:49:52.187037 [debug] [Thread-3  ]: On model.shopify_assessment.int_order_line_agg: Close
[0m15:49:52.190043 [debug] [Thread-3  ]: Sending event: {'category': 'dbt', 'action': 'run_model', 'label': 'f19a5aae-4d47-4a37-b3f6-f626160002d7', 'context': [<snowplow_tracker.self_describing_json.SelfDescribingJson object at 0x00000282A230C610>]}
[0m15:49:52.193036 [info ] [Thread-3  ]: 25 of 33 OK created sql view model staging_staging.int_order_line_agg .......... [[32mCREATE VIEW[0m in 0.09s]
[0m15:49:52.199042 [debug] [Thread-3  ]: Finished running node model.shopify_assessment.int_order_line_agg
[0m15:49:52.201036 [debug] [Thread-4  ]: Began running node model.shopify_assessment.fct_order_summary
[0m15:49:52.202036 [info ] [Thread-4  ]: 26 of 33 START sql table model staging_marts.fct_order_summary ................. [RUN]
[0m15:49:52.204043 [debug] [Thread-4  ]: Re-using an available connection from the pool (formerly test.shopify_assessment.unique_stg_order_line_items_line_item_id.40aeed8ddd, now model.shopify_assessment.fct_order_summary)
[0m15:49:52.205035 [debug] [Thread-4  ]: Began compiling node model.shopify_assessment.fct_order_summary
[0m15:49:52.209037 [debug] [Thread-4  ]: Writing injected SQL for node "model.shopify_assessment.fct_order_summary"
[0m15:49:52.211045 [debug] [Thread-4  ]: Began executing node model.shopify_assessment.fct_order_summary
[0m15:49:52.217035 [debug] [Thread-4  ]: Writing runtime sql for node "model.shopify_assessment.fct_order_summary"
[0m15:49:52.218578 [debug] [Thread-4  ]: Using postgres connection "model.shopify_assessment.fct_order_summary"
[0m15:49:52.219603 [debug] [Thread-4  ]: On model.shopify_assessment.fct_order_summary: BEGIN
[0m15:49:52.220586 [debug] [Thread-4  ]: Opening a new connection, currently in state closed
[0m15:49:52.238585 [debug] [Thread-4  ]: SQL status: BEGIN in 0.018 seconds
[0m15:49:52.239585 [debug] [Thread-4  ]: Using postgres connection "model.shopify_assessment.fct_order_summary"
[0m15:49:52.240596 [debug] [Thread-4  ]: On model.shopify_assessment.fct_order_summary: /* {"app": "dbt", "dbt_version": "1.10.20", "profile_name": "shopify_assessment", "target_name": "staging", "node_id": "model.shopify_assessment.fct_order_summary"} */

  
    

  create  table "airbyte_db"."staging_marts"."fct_order_summary__dbt_tmp"
  
  
    as
  
  (
    select
    o.order_id,
    o.order_name,
    o.customer_id,
    c.admin_graphql_api_id as customer_graphql_api_id,
    o.created_at as order_created_at,
    o.email as order_email,
    o.currency,
    o.financial_status,
    o.fulfillment_status,
    o.total_price,
    o.subtotal_price,
    o.total_tax,
    o.total_discounts,
    coalesce(l.line_item_count, 0) as line_item_count,
    coalesce(l.total_quantity, 0) as total_quantity,
    coalesce(l.calculated_line_item_amount, 0) as calculated_line_item_amount,
    o.portable_extracted_at,
    o._airbyte_extracted_at
from "airbyte_db"."staging_staging"."stg_orders" o
left join "airbyte_db"."staging_staging"."stg_customers" c
    on o.customer_id = c.customer_id
left join "airbyte_db"."staging_staging"."int_order_line_agg" l
    on o.order_id = l.order_id
  );
  
[0m15:49:52.289165 [debug] [Thread-4  ]: SQL status: SELECT 1000 in 0.048 seconds
[0m15:49:52.294168 [debug] [Thread-4  ]: Using postgres connection "model.shopify_assessment.fct_order_summary"
[0m15:49:52.294168 [debug] [Thread-4  ]: On model.shopify_assessment.fct_order_summary: /* {"app": "dbt", "dbt_version": "1.10.20", "profile_name": "shopify_assessment", "target_name": "staging", "node_id": "model.shopify_assessment.fct_order_summary"} */
alter table "airbyte_db"."staging_marts"."fct_order_summary" rename to "fct_order_summary__dbt_backup"
[0m15:49:52.296172 [debug] [Thread-4  ]: SQL status: ALTER TABLE in 0.001 seconds
[0m15:49:52.302202 [debug] [Thread-4  ]: Using postgres connection "model.shopify_assessment.fct_order_summary"
[0m15:49:52.303167 [debug] [Thread-4  ]: On model.shopify_assessment.fct_order_summary: /* {"app": "dbt", "dbt_version": "1.10.20", "profile_name": "shopify_assessment", "target_name": "staging", "node_id": "model.shopify_assessment.fct_order_summary"} */
alter table "airbyte_db"."staging_marts"."fct_order_summary__dbt_tmp" rename to "fct_order_summary"
[0m15:49:52.304171 [debug] [Thread-4  ]: SQL status: ALTER TABLE in 0.001 seconds
[0m15:49:52.307200 [debug] [Thread-4  ]: On model.shopify_assessment.fct_order_summary: COMMIT
[0m15:49:52.307200 [debug] [Thread-4  ]: Using postgres connection "model.shopify_assessment.fct_order_summary"
[0m15:49:52.308168 [debug] [Thread-4  ]: On model.shopify_assessment.fct_order_summary: COMMIT
[0m15:49:52.316170 [debug] [Thread-4  ]: SQL status: COMMIT in 0.007 seconds
[0m15:49:52.320166 [debug] [Thread-4  ]: Applying DROP to: "airbyte_db"."staging_marts"."fct_order_summary__dbt_backup"
[0m15:49:52.321167 [debug] [Thread-4  ]: Using postgres connection "model.shopify_assessment.fct_order_summary"
[0m15:49:52.321167 [debug] [Thread-4  ]: On model.shopify_assessment.fct_order_summary: /* {"app": "dbt", "dbt_version": "1.10.20", "profile_name": "shopify_assessment", "target_name": "staging", "node_id": "model.shopify_assessment.fct_order_summary"} */
drop table if exists "airbyte_db"."staging_marts"."fct_order_summary__dbt_backup" cascade
[0m15:49:52.334165 [debug] [Thread-4  ]: SQL status: DROP TABLE in 0.012 seconds
[0m15:49:52.336168 [debug] [Thread-4  ]: On model.shopify_assessment.fct_order_summary: Close
[0m15:49:52.338167 [debug] [Thread-4  ]: Sending event: {'category': 'dbt', 'action': 'run_model', 'label': 'f19a5aae-4d47-4a37-b3f6-f626160002d7', 'context': [<snowplow_tracker.self_describing_json.SelfDescribingJson object at 0x00000282A2D93940>]}
[0m15:49:52.340168 [info ] [Thread-4  ]: 26 of 33 OK created sql table model staging_marts.fct_order_summary ............ [[32mSELECT 1000[0m in 0.13s]
[0m15:49:52.342168 [debug] [Thread-4  ]: Finished running node model.shopify_assessment.fct_order_summary
[0m15:49:52.345168 [debug] [Thread-1  ]: Began running node test.shopify_assessment.not_null_fct_order_summary_customer_id.2e74ba9fa4
[0m15:49:52.346168 [debug] [Thread-3  ]: Began running node test.shopify_assessment.not_null_fct_order_summary_line_item_count.389afd555c
[0m15:49:52.347170 [debug] [Thread-2  ]: Began running node test.shopify_assessment.not_null_fct_order_summary_order_created_at.1002d911af
[0m15:49:52.348168 [debug] [Thread-4  ]: Began running node test.shopify_assessment.not_null_fct_order_summary_order_id.d55602c897
[0m15:49:52.348168 [info ] [Thread-1  ]: 27 of 33 START test not_null_fct_order_summary_customer_id ..................... [RUN]
[0m15:49:52.349178 [info ] [Thread-3  ]: 28 of 33 START test not_null_fct_order_summary_line_item_count ................. [RUN]
[0m15:49:52.350168 [info ] [Thread-2  ]: 29 of 33 START test not_null_fct_order_summary_order_created_at ................ [RUN]
[0m15:49:52.351167 [info ] [Thread-4  ]: 30 of 33 START test not_null_fct_order_summary_order_id ........................ [RUN]
[0m15:49:52.352167 [debug] [Thread-1  ]: Re-using an available connection from the pool (formerly test.shopify_assessment.unique_stg_product_variants_variant_id.53163937da, now test.shopify_assessment.not_null_fct_order_summary_customer_id.2e74ba9fa4)
[0m15:49:52.353168 [debug] [Thread-3  ]: Re-using an available connection from the pool (formerly model.shopify_assessment.int_order_line_agg, now test.shopify_assessment.not_null_fct_order_summary_line_item_count.389afd555c)
[0m15:49:52.354167 [debug] [Thread-2  ]: Re-using an available connection from the pool (formerly test.shopify_assessment.not_null_stg_product_variants_variant_id.1dfaf25b45, now test.shopify_assessment.not_null_fct_order_summary_order_created_at.1002d911af)
[0m15:49:52.355166 [debug] [Thread-4  ]: Re-using an available connection from the pool (formerly model.shopify_assessment.fct_order_summary, now test.shopify_assessment.not_null_fct_order_summary_order_id.d55602c897)
[0m15:49:52.356167 [debug] [Thread-1  ]: Began compiling node test.shopify_assessment.not_null_fct_order_summary_customer_id.2e74ba9fa4
[0m15:49:52.356167 [debug] [Thread-3  ]: Began compiling node test.shopify_assessment.not_null_fct_order_summary_line_item_count.389afd555c
[0m15:49:52.357167 [debug] [Thread-2  ]: Began compiling node test.shopify_assessment.not_null_fct_order_summary_order_created_at.1002d911af
[0m15:49:52.358167 [debug] [Thread-4  ]: Began compiling node test.shopify_assessment.not_null_fct_order_summary_order_id.d55602c897
[0m15:49:52.366169 [debug] [Thread-1  ]: Writing injected SQL for node "test.shopify_assessment.not_null_fct_order_summary_customer_id.2e74ba9fa4"
[0m15:49:52.371200 [debug] [Thread-3  ]: Writing injected SQL for node "test.shopify_assessment.not_null_fct_order_summary_line_item_count.389afd555c"
[0m15:49:52.377803 [debug] [Thread-2  ]: Writing injected SQL for node "test.shopify_assessment.not_null_fct_order_summary_order_created_at.1002d911af"
[0m15:49:52.383748 [debug] [Thread-4  ]: Writing injected SQL for node "test.shopify_assessment.not_null_fct_order_summary_order_id.d55602c897"
[0m15:49:52.384748 [debug] [Thread-1  ]: Began executing node test.shopify_assessment.not_null_fct_order_summary_customer_id.2e74ba9fa4
[0m15:49:52.386750 [debug] [Thread-3  ]: Began executing node test.shopify_assessment.not_null_fct_order_summary_line_item_count.389afd555c
[0m15:49:52.391750 [debug] [Thread-1  ]: Writing runtime sql for node "test.shopify_assessment.not_null_fct_order_summary_customer_id.2e74ba9fa4"
[0m15:49:52.391750 [debug] [Thread-2  ]: Began executing node test.shopify_assessment.not_null_fct_order_summary_order_created_at.1002d911af
[0m15:49:52.392747 [debug] [Thread-4  ]: Began executing node test.shopify_assessment.not_null_fct_order_summary_order_id.d55602c897
[0m15:49:52.396779 [debug] [Thread-3  ]: Writing runtime sql for node "test.shopify_assessment.not_null_fct_order_summary_line_item_count.389afd555c"
[0m15:49:52.400782 [debug] [Thread-2  ]: Writing runtime sql for node "test.shopify_assessment.not_null_fct_order_summary_order_created_at.1002d911af"
[0m15:49:52.401747 [debug] [Thread-1  ]: Using postgres connection "test.shopify_assessment.not_null_fct_order_summary_customer_id.2e74ba9fa4"
[0m15:49:52.404782 [debug] [Thread-4  ]: Writing runtime sql for node "test.shopify_assessment.not_null_fct_order_summary_order_id.d55602c897"
[0m15:49:52.406750 [debug] [Thread-1  ]: On test.shopify_assessment.not_null_fct_order_summary_customer_id.2e74ba9fa4: BEGIN
[0m15:49:52.407752 [debug] [Thread-3  ]: Using postgres connection "test.shopify_assessment.not_null_fct_order_summary_line_item_count.389afd555c"
[0m15:49:52.408752 [debug] [Thread-2  ]: Using postgres connection "test.shopify_assessment.not_null_fct_order_summary_order_created_at.1002d911af"
[0m15:49:52.410751 [debug] [Thread-1  ]: Opening a new connection, currently in state closed
[0m15:49:52.411749 [debug] [Thread-4  ]: Using postgres connection "test.shopify_assessment.not_null_fct_order_summary_order_id.d55602c897"
[0m15:49:52.411749 [debug] [Thread-3  ]: On test.shopify_assessment.not_null_fct_order_summary_line_item_count.389afd555c: BEGIN
[0m15:49:52.412780 [debug] [Thread-2  ]: On test.shopify_assessment.not_null_fct_order_summary_order_created_at.1002d911af: BEGIN
[0m15:49:52.413749 [debug] [Thread-4  ]: On test.shopify_assessment.not_null_fct_order_summary_order_id.d55602c897: BEGIN
[0m15:49:52.414749 [debug] [Thread-3  ]: Opening a new connection, currently in state closed
[0m15:49:52.416749 [debug] [Thread-2  ]: Opening a new connection, currently in state closed
[0m15:49:52.418748 [debug] [Thread-4  ]: Opening a new connection, currently in state closed
[0m15:49:52.442909 [debug] [Thread-1  ]: SQL status: BEGIN in 0.032 seconds
[0m15:49:52.445909 [debug] [Thread-1  ]: Using postgres connection "test.shopify_assessment.not_null_fct_order_summary_customer_id.2e74ba9fa4"
[0m15:49:52.446909 [debug] [Thread-1  ]: On test.shopify_assessment.not_null_fct_order_summary_customer_id.2e74ba9fa4: /* {"app": "dbt", "dbt_version": "1.10.20", "profile_name": "shopify_assessment", "target_name": "staging", "node_id": "test.shopify_assessment.not_null_fct_order_summary_customer_id.2e74ba9fa4"} */

    select
      count(*) as failures,
      count(*) != 0 as should_warn,
      count(*) != 0 as should_error
    from (
      
    
  
    
    



select customer_id
from "airbyte_db"."staging_marts"."fct_order_summary"
where customer_id is null



  
  
      
    ) dbt_internal_test
[0m15:49:52.450910 [debug] [Thread-1  ]: SQL status: SELECT 1 in 0.003 seconds
[0m15:49:52.454911 [debug] [Thread-1  ]: On test.shopify_assessment.not_null_fct_order_summary_customer_id.2e74ba9fa4: ROLLBACK
[0m15:49:52.455917 [debug] [Thread-2  ]: SQL status: BEGIN in 0.040 seconds
[0m15:49:52.456919 [debug] [Thread-3  ]: SQL status: BEGIN in 0.042 seconds
[0m15:49:52.458910 [debug] [Thread-2  ]: Using postgres connection "test.shopify_assessment.not_null_fct_order_summary_order_created_at.1002d911af"
[0m15:49:52.460911 [debug] [Thread-1  ]: On test.shopify_assessment.not_null_fct_order_summary_customer_id.2e74ba9fa4: Close
[0m15:49:52.461913 [debug] [Thread-3  ]: Using postgres connection "test.shopify_assessment.not_null_fct_order_summary_line_item_count.389afd555c"
[0m15:49:52.462914 [debug] [Thread-4  ]: SQL status: BEGIN in 0.044 seconds
[0m15:49:52.463910 [debug] [Thread-2  ]: On test.shopify_assessment.not_null_fct_order_summary_order_created_at.1002d911af: /* {"app": "dbt", "dbt_version": "1.10.20", "profile_name": "shopify_assessment", "target_name": "staging", "node_id": "test.shopify_assessment.not_null_fct_order_summary_order_created_at.1002d911af"} */

    select
      count(*) as failures,
      count(*) != 0 as should_warn,
      count(*) != 0 as should_error
    from (
      
    
  
    
    



select order_created_at
from "airbyte_db"."staging_marts"."fct_order_summary"
where order_created_at is null



  
  
      
    ) dbt_internal_test
[0m15:49:52.464910 [info ] [Thread-1  ]: 27 of 33 PASS not_null_fct_order_summary_customer_id ........................... [[32mPASS[0m in 0.11s]
[0m15:49:52.466918 [debug] [Thread-3  ]: On test.shopify_assessment.not_null_fct_order_summary_line_item_count.389afd555c: /* {"app": "dbt", "dbt_version": "1.10.20", "profile_name": "shopify_assessment", "target_name": "staging", "node_id": "test.shopify_assessment.not_null_fct_order_summary_line_item_count.389afd555c"} */

    select
      count(*) as failures,
      count(*) != 0 as should_warn,
      count(*) != 0 as should_error
    from (
      
    
  
    
    



select line_item_count
from "airbyte_db"."staging_marts"."fct_order_summary"
where line_item_count is null



  
  
      
    ) dbt_internal_test
[0m15:49:52.468917 [debug] [Thread-4  ]: Using postgres connection "test.shopify_assessment.not_null_fct_order_summary_order_id.d55602c897"
[0m15:49:52.471912 [debug] [Thread-1  ]: Finished running node test.shopify_assessment.not_null_fct_order_summary_customer_id.2e74ba9fa4
[0m15:49:52.472916 [debug] [Thread-4  ]: On test.shopify_assessment.not_null_fct_order_summary_order_id.d55602c897: /* {"app": "dbt", "dbt_version": "1.10.20", "profile_name": "shopify_assessment", "target_name": "staging", "node_id": "test.shopify_assessment.not_null_fct_order_summary_order_id.d55602c897"} */

    select
      count(*) as failures,
      count(*) != 0 as should_warn,
      count(*) != 0 as should_error
    from (
      
    
  
    
    



select order_id
from "airbyte_db"."staging_marts"."fct_order_summary"
where order_id is null



  
  
      
    ) dbt_internal_test
[0m15:49:52.473910 [debug] [Thread-2  ]: SQL status: SELECT 1 in 0.004 seconds
[0m15:49:52.474909 [debug] [Thread-3  ]: SQL status: SELECT 1 in 0.002 seconds
[0m15:49:52.475911 [debug] [Thread-1  ]: Began running node test.shopify_assessment.not_null_fct_order_summary_total_price.572729fbcf
[0m15:49:52.479910 [debug] [Thread-2  ]: On test.shopify_assessment.not_null_fct_order_summary_order_created_at.1002d911af: ROLLBACK
[0m15:49:52.480911 [debug] [Thread-4  ]: SQL status: SELECT 1 in 0.004 seconds
[0m15:49:52.483911 [debug] [Thread-3  ]: On test.shopify_assessment.not_null_fct_order_summary_line_item_count.389afd555c: ROLLBACK
[0m15:49:52.483911 [info ] [Thread-1  ]: 31 of 33 START test not_null_fct_order_summary_total_price ..................... [RUN]
[0m15:49:52.487911 [debug] [Thread-4  ]: On test.shopify_assessment.not_null_fct_order_summary_order_id.d55602c897: ROLLBACK
[0m15:49:52.488912 [debug] [Thread-2  ]: On test.shopify_assessment.not_null_fct_order_summary_order_created_at.1002d911af: Close
[0m15:49:52.489910 [debug] [Thread-1  ]: Re-using an available connection from the pool (formerly test.shopify_assessment.not_null_fct_order_summary_customer_id.2e74ba9fa4, now test.shopify_assessment.not_null_fct_order_summary_total_price.572729fbcf)
[0m15:49:52.490910 [debug] [Thread-3  ]: On test.shopify_assessment.not_null_fct_order_summary_line_item_count.389afd555c: Close
[0m15:49:52.496919 [debug] [Thread-4  ]: On test.shopify_assessment.not_null_fct_order_summary_order_id.d55602c897: Close
[0m15:49:52.495915 [info ] [Thread-2  ]: 29 of 33 PASS not_null_fct_order_summary_order_created_at ...................... [[32mPASS[0m in 0.14s]
[0m15:49:52.498911 [debug] [Thread-1  ]: Began compiling node test.shopify_assessment.not_null_fct_order_summary_total_price.572729fbcf
[0m15:49:52.503910 [info ] [Thread-4  ]: 30 of 33 PASS not_null_fct_order_summary_order_id .............................. [[32mPASS[0m in 0.15s]
[0m15:49:52.509910 [debug] [Thread-2  ]: Finished running node test.shopify_assessment.not_null_fct_order_summary_order_created_at.1002d911af
[0m15:49:52.505910 [info ] [Thread-3  ]: 28 of 33 PASS not_null_fct_order_summary_line_item_count ....................... [[32mPASS[0m in 0.15s]
[0m15:49:52.518910 [debug] [Thread-1  ]: Writing injected SQL for node "test.shopify_assessment.not_null_fct_order_summary_total_price.572729fbcf"
[0m15:49:52.519910 [debug] [Thread-4  ]: Finished running node test.shopify_assessment.not_null_fct_order_summary_order_id.d55602c897
[0m15:49:52.520909 [debug] [Thread-2  ]: Began running node test.shopify_assessment.relationships_fct_order_summary_customer_id__customer_id__ref_stg_customers_.b0fcf17a12
[0m15:49:52.521909 [debug] [Thread-3  ]: Finished running node test.shopify_assessment.not_null_fct_order_summary_line_item_count.389afd555c
[0m15:49:52.523910 [debug] [Thread-4  ]: Began running node test.shopify_assessment.unique_fct_order_summary_order_id.f528342853
[0m15:49:52.524914 [debug] [Thread-1  ]: Began executing node test.shopify_assessment.not_null_fct_order_summary_total_price.572729fbcf
[0m15:49:52.524914 [info ] [Thread-2  ]: 32 of 33 START test relationships_fct_order_summary_customer_id__customer_id__ref_stg_customers_  [RUN]
[0m15:49:52.528910 [info ] [Thread-4  ]: 33 of 33 START test unique_fct_order_summary_order_id .......................... [RUN]
[0m15:49:52.534910 [debug] [Thread-1  ]: Writing runtime sql for node "test.shopify_assessment.not_null_fct_order_summary_total_price.572729fbcf"
[0m15:49:52.535911 [debug] [Thread-2  ]: Re-using an available connection from the pool (formerly test.shopify_assessment.not_null_fct_order_summary_order_created_at.1002d911af, now test.shopify_assessment.relationships_fct_order_summary_customer_id__customer_id__ref_stg_customers_.b0fcf17a12)
[0m15:49:52.536910 [debug] [Thread-4  ]: Re-using an available connection from the pool (formerly test.shopify_assessment.not_null_fct_order_summary_order_id.d55602c897, now test.shopify_assessment.unique_fct_order_summary_order_id.f528342853)
[0m15:49:52.537910 [debug] [Thread-2  ]: Began compiling node test.shopify_assessment.relationships_fct_order_summary_customer_id__customer_id__ref_stg_customers_.b0fcf17a12
[0m15:49:52.538910 [debug] [Thread-4  ]: Began compiling node test.shopify_assessment.unique_fct_order_summary_order_id.f528342853
[0m15:49:52.539911 [debug] [Thread-1  ]: Using postgres connection "test.shopify_assessment.not_null_fct_order_summary_total_price.572729fbcf"
[0m15:49:52.553909 [debug] [Thread-2  ]: Writing injected SQL for node "test.shopify_assessment.relationships_fct_order_summary_customer_id__customer_id__ref_stg_customers_.b0fcf17a12"
[0m15:49:52.560913 [debug] [Thread-4  ]: Writing injected SQL for node "test.shopify_assessment.unique_fct_order_summary_order_id.f528342853"
[0m15:49:52.561911 [debug] [Thread-1  ]: On test.shopify_assessment.not_null_fct_order_summary_total_price.572729fbcf: BEGIN
[0m15:49:52.563911 [debug] [Thread-2  ]: Began executing node test.shopify_assessment.relationships_fct_order_summary_customer_id__customer_id__ref_stg_customers_.b0fcf17a12
[0m15:49:52.564911 [debug] [Thread-1  ]: Opening a new connection, currently in state closed
[0m15:49:52.564911 [debug] [Thread-4  ]: Began executing node test.shopify_assessment.unique_fct_order_summary_order_id.f528342853
[0m15:49:52.568907 [debug] [Thread-2  ]: Writing runtime sql for node "test.shopify_assessment.relationships_fct_order_summary_customer_id__customer_id__ref_stg_customers_.b0fcf17a12"
[0m15:49:52.575910 [debug] [Thread-4  ]: Writing runtime sql for node "test.shopify_assessment.unique_fct_order_summary_order_id.f528342853"
[0m15:49:52.579509 [debug] [Thread-2  ]: Using postgres connection "test.shopify_assessment.relationships_fct_order_summary_customer_id__customer_id__ref_stg_customers_.b0fcf17a12"
[0m15:49:52.581029 [debug] [Thread-4  ]: Using postgres connection "test.shopify_assessment.unique_fct_order_summary_order_id.f528342853"
[0m15:49:52.582028 [debug] [Thread-2  ]: On test.shopify_assessment.relationships_fct_order_summary_customer_id__customer_id__ref_stg_customers_.b0fcf17a12: BEGIN
[0m15:49:52.583031 [debug] [Thread-4  ]: On test.shopify_assessment.unique_fct_order_summary_order_id.f528342853: BEGIN
[0m15:49:52.584030 [debug] [Thread-2  ]: Opening a new connection, currently in state closed
[0m15:49:52.584030 [debug] [Thread-4  ]: Opening a new connection, currently in state closed
[0m15:49:52.592032 [debug] [Thread-1  ]: SQL status: BEGIN in 0.026 seconds
[0m15:49:52.593032 [debug] [Thread-1  ]: Using postgres connection "test.shopify_assessment.not_null_fct_order_summary_total_price.572729fbcf"
[0m15:49:52.595027 [debug] [Thread-1  ]: On test.shopify_assessment.not_null_fct_order_summary_total_price.572729fbcf: /* {"app": "dbt", "dbt_version": "1.10.20", "profile_name": "shopify_assessment", "target_name": "staging", "node_id": "test.shopify_assessment.not_null_fct_order_summary_total_price.572729fbcf"} */

    select
      count(*) as failures,
      count(*) != 0 as should_warn,
      count(*) != 0 as should_error
    from (
      
    
  
    
    



select total_price
from "airbyte_db"."staging_marts"."fct_order_summary"
where total_price is null



  
  
      
    ) dbt_internal_test
[0m15:49:52.599027 [debug] [Thread-1  ]: SQL status: SELECT 1 in 0.003 seconds
[0m15:49:52.602027 [debug] [Thread-1  ]: On test.shopify_assessment.not_null_fct_order_summary_total_price.572729fbcf: ROLLBACK
[0m15:49:52.604029 [debug] [Thread-1  ]: On test.shopify_assessment.not_null_fct_order_summary_total_price.572729fbcf: Close
[0m15:49:52.606032 [info ] [Thread-1  ]: 31 of 33 PASS not_null_fct_order_summary_total_price ........................... [[32mPASS[0m in 0.12s]
[0m15:49:52.612031 [debug] [Thread-1  ]: Finished running node test.shopify_assessment.not_null_fct_order_summary_total_price.572729fbcf
[0m15:49:52.615437 [debug] [Thread-2  ]: SQL status: BEGIN in 0.031 seconds
[0m15:49:52.616435 [debug] [Thread-2  ]: Using postgres connection "test.shopify_assessment.relationships_fct_order_summary_customer_id__customer_id__ref_stg_customers_.b0fcf17a12"
[0m15:49:52.617434 [debug] [Thread-4  ]: SQL status: BEGIN in 0.032 seconds
[0m15:49:52.617434 [debug] [Thread-2  ]: On test.shopify_assessment.relationships_fct_order_summary_customer_id__customer_id__ref_stg_customers_.b0fcf17a12: /* {"app": "dbt", "dbt_version": "1.10.20", "profile_name": "shopify_assessment", "target_name": "staging", "node_id": "test.shopify_assessment.relationships_fct_order_summary_customer_id__customer_id__ref_stg_customers_.b0fcf17a12"} */

    select
      count(*) as failures,
      count(*) != 0 as should_warn,
      count(*) != 0 as should_error
    from (
      
    
  
    
    

with child as (
    select customer_id as from_field
    from "airbyte_db"."staging_marts"."fct_order_summary"
    where customer_id is not null
),

parent as (
    select customer_id as to_field
    from "airbyte_db"."staging_staging"."stg_customers"
)

select
    from_field

from child
left join parent
    on child.from_field = parent.to_field

where parent.to_field is null



  
  
      
    ) dbt_internal_test
[0m15:49:52.618433 [debug] [Thread-4  ]: Using postgres connection "test.shopify_assessment.unique_fct_order_summary_order_id.f528342853"
[0m15:49:52.619433 [debug] [Thread-4  ]: On test.shopify_assessment.unique_fct_order_summary_order_id.f528342853: /* {"app": "dbt", "dbt_version": "1.10.20", "profile_name": "shopify_assessment", "target_name": "staging", "node_id": "test.shopify_assessment.unique_fct_order_summary_order_id.f528342853"} */

    select
      count(*) as failures,
      count(*) != 0 as should_warn,
      count(*) != 0 as should_error
    from (
      
    
  
    
    

select
    order_id as unique_field,
    count(*) as n_records

from "airbyte_db"."staging_marts"."fct_order_summary"
where order_id is not null
group by order_id
having count(*) > 1



  
  
      
    ) dbt_internal_test
[0m15:49:52.622438 [debug] [Thread-2  ]: SQL status: SELECT 1 in 0.003 seconds
[0m15:49:52.622438 [debug] [Thread-4  ]: SQL status: SELECT 1 in 0.002 seconds
[0m15:49:52.624433 [debug] [Thread-2  ]: On test.shopify_assessment.relationships_fct_order_summary_customer_id__customer_id__ref_stg_customers_.b0fcf17a12: ROLLBACK
[0m15:49:52.627435 [debug] [Thread-4  ]: On test.shopify_assessment.unique_fct_order_summary_order_id.f528342853: ROLLBACK
[0m15:49:52.629436 [debug] [Thread-2  ]: On test.shopify_assessment.relationships_fct_order_summary_customer_id__customer_id__ref_stg_customers_.b0fcf17a12: Close
[0m15:49:52.629436 [debug] [Thread-4  ]: On test.shopify_assessment.unique_fct_order_summary_order_id.f528342853: Close
[0m15:49:52.631436 [info ] [Thread-2  ]: 32 of 33 PASS relationships_fct_order_summary_customer_id__customer_id__ref_stg_customers_  [[32mPASS[0m in 0.10s]
[0m15:49:52.634442 [info ] [Thread-4  ]: 33 of 33 PASS unique_fct_order_summary_order_id ................................ [[32mPASS[0m in 0.10s]
[0m15:49:52.636437 [debug] [Thread-2  ]: Finished running node test.shopify_assessment.relationships_fct_order_summary_customer_id__customer_id__ref_stg_customers_.b0fcf17a12
[0m15:49:52.637435 [debug] [Thread-4  ]: Finished running node test.shopify_assessment.unique_fct_order_summary_order_id.f528342853
[0m15:49:52.640433 [debug] [MainThread]: Using postgres connection "master"
[0m15:49:52.640433 [debug] [MainThread]: On master: BEGIN
[0m15:49:52.641433 [debug] [MainThread]: Opening a new connection, currently in state closed
[0m15:49:52.662438 [debug] [MainThread]: SQL status: BEGIN in 0.021 seconds
[0m15:49:52.663434 [debug] [MainThread]: On master: COMMIT
[0m15:49:52.664433 [debug] [MainThread]: Using postgres connection "master"
[0m15:49:52.664433 [debug] [MainThread]: On master: COMMIT
[0m15:49:52.666433 [debug] [MainThread]: SQL status: COMMIT in 0.001 seconds
[0m15:49:52.666433 [debug] [MainThread]: On master: Close
[0m15:49:52.668435 [debug] [MainThread]: Connection 'master' was properly closed.
[0m15:49:52.669437 [debug] [MainThread]: Connection 'list_airbyte_db' was properly closed.
[0m15:49:52.670434 [debug] [MainThread]: Connection 'list_airbyte_db' was properly closed.
[0m15:49:52.671434 [debug] [MainThread]: Connection 'list_airbyte_db_staging_staging' was properly closed.
[0m15:49:52.671434 [debug] [MainThread]: Connection 'list_airbyte_db_staging_marts' was properly closed.
[0m15:49:52.672433 [debug] [MainThread]: Connection 'test.shopify_assessment.not_null_fct_order_summary_total_price.572729fbcf' was properly closed.
[0m15:49:52.673433 [debug] [MainThread]: Connection 'test.shopify_assessment.relationships_fct_order_summary_customer_id__customer_id__ref_stg_customers_.b0fcf17a12' was properly closed.
[0m15:49:52.674434 [debug] [MainThread]: Connection 'test.shopify_assessment.not_null_fct_order_summary_line_item_count.389afd555c' was properly closed.
[0m15:49:52.674434 [debug] [MainThread]: Connection 'test.shopify_assessment.unique_fct_order_summary_order_id.f528342853' was properly closed.
[0m15:49:52.675433 [info ] [MainThread]: 
[0m15:49:52.677437 [info ] [MainThread]: Finished running 3 table models, 24 data tests, 6 view models in 0 hours 0 minutes and 2.52 seconds (2.52s).
[0m15:49:52.687433 [debug] [MainThread]: Command end result
[0m15:49:52.729433 [debug] [MainThread]: Wrote artifact WritableManifest to C:\Users\Owner\data-engineering-assessment\dbt_shopify\target\manifest.json
[0m15:49:52.733434 [debug] [MainThread]: Wrote artifact SemanticManifest to C:\Users\Owner\data-engineering-assessment\dbt_shopify\target\semantic_manifest.json
[0m15:49:52.743434 [debug] [MainThread]: Wrote artifact RunExecutionResult to C:\Users\Owner\data-engineering-assessment\dbt_shopify\target\run_results.json
[0m15:49:52.744434 [info ] [MainThread]: 
[0m15:49:52.745436 [info ] [MainThread]: [32mCompleted successfully[0m
[0m15:49:52.747436 [info ] [MainThread]: 
[0m15:49:52.749435 [info ] [MainThread]: Done. PASS=33 WARN=0 ERROR=0 SKIP=0 NO-OP=0 TOTAL=33
[0m15:49:52.751434 [debug] [MainThread]: Command `dbt build` succeeded at 15:49:52.751434 after 4.84 seconds
[0m15:49:52.752433 [debug] [MainThread]: Sending event: {'category': 'dbt', 'action': 'invocation', 'label': 'end', 'context': [<snowplow_tracker.self_describing_json.SelfDescribingJson object at 0x000002829FAE0490>, <snowplow_tracker.self_describing_json.SelfDescribingJson object at 0x00000282A1685250>, <snowplow_tracker.self_describing_json.SelfDescribingJson object at 0x00000282A233E820>]}
[0m15:49:52.753434 [debug] [MainThread]: Flushing usage events
[0m15:49:53.246460 [debug] [MainThread]: An error was encountered while trying to flush usage events
